,filenames,resolvedflight,flightstarttime_original_res,original_resstart_lat,original_resstart_lon,original_resend_lat,distfrombound_TCP,original_resend_lon,resflight_offset,flightstarttime_original_unres,original_unresstart_lat,original_unresstart_lon,original_unresend_lat,original_unresend_lon,unresflight_offset,initialhead_resolved,initialhead_unresolved,conflict_angle,mantoconflict_dunres,mantoconflict_dres,tcp_direction,unrsolvedflight_dirn,d_bound_manstart,d_bound_CPA,neighbouring_ac,meandistance,timetoresolution,d_resstart_CPA,headingAngle,crosstrack_dist_max,mergewp_name,mergept_TCPdist,resolved_ac,manstrt_time,manstrt_res_lon,mansrtr_res_lat,resflight_CPA_lon,resflight_CPA_lat,unresflight_CPA_lon,unresflight_CPA_lat,maxcrosstrack_time,maxcrosstrack_lon,maxcrosstrack_lat,mergept_time,mergept_lon,mergept_lat,CPA_orig_maneuvered,original_resstart_lat_T,original_resend_lat_T,original_unresstart_lat_T,original_unresend_lat_T,manstart_res_lat_T,maxcrosstrack_lat_T,original_resstart_lon_T,original_resend_lon_T,original_unresstart_lon_T,original_unresend_lon_T,manstart_res_lon_T,maxcrosstrack_lon_T,NAME,LAT,LON,lon_T,lat_T
0,170321set1_1_KL01.csv_1_3K00.csv,170321set1_1_KL01.csv,14:00:40,4.57262,106.403,2.5041,19.14,106.548,22,14:02:30,3.72198,107.306,1.6022,103.998,0,170,249,79.82,44.74742913177288,48.74060872219412,-1,-1,4.53,30.28,0,0.0,6.17,46,160,6.13,OMLIV,38.6,farther,14:04:30,106.245,4.14306,106.382,3.3852,106.382,3.3852,14:09:15,106.45,3.57772,14:14:20,106.469,2.93461,6.77,89.31549999999999,37.602500000000006,68.0495,15.055,78.57650000000001,64.443,68.06000000000012,70.96000000000004,86.11999999999995,19.960000000000093,64.90000000000009,69.00000000000006,ONAPO,3.353888888888889,106.3877777777778,67.75555555555599,58.84722222222223
1,170321set1_1_SQ20.csv_1_QR21.csv,170321set1_1_SQ20.csv,14:14:40,3.72198,107.306,1.6022,21.03,103.998,77,14:21:05,2.52356,106.535,3.18297,104.142,0,249,286,36.36,59.616039410908655,63.37406987576089,-1,-1,37.54,19.74,1,92.54,8.08,61,210,13.65,WP071,78.58,farther,14:24:20,106.169,3.26591,105.22,2.90634,105.22,2.90634,14:27:25,105.955,2.94447,14:37:45,104.67,2.69183,11.12,68.0495,15.055,38.089,54.57425,56.64775,48.61175,86.11999999999995,19.960000000000093,70.69999999999993,22.83999999999992,63.37999999999994,59.099999999999966,LIPRO,2.895,105.19083333333332,43.81666666666632,47.375
2,170321set1_1_QR31.csv_1_3K30.csv,170321set1_1_QR31.csv,14:21:55,3.72198,107.306,3.40823,21.62,103.908,37,14:25:00,4.57262,106.403,2.56699,104.093,0,267,231,36.2,43.56517763396879,49.890921765089246,1,1,36.23,24.73,3,57.4,6.08,46,330,12.32,VISAT,79.24,farther,14:32:15,106.029,3.51914,105.269,3.4769,105.269,3.4769,14:34:30,105.837,3.71123,14:44:55,104.544,3.44267,15.09,68.0495,60.20575,89.31549999999999,39.17475,62.9785,67.78075,86.11999999999995,18.160000000000025,68.06000000000012,21.86000000000007,60.57999999999993,56.74000000000007,MABAL,3.473888888888889,105.20972222222224,44.1944444444448,61.84722222222222
3,170321set1_1_KL41.csv_1_TR40.csv,170321set1_1_KL41.csv,14:29:40,4.57262,106.403,2.5041,31.44,106.548,0,14:28:55,4.19994,105.012,2.35462,107.115,9,170,131,37.29,66.98078145783587,60.06852055211223,1,1,13.24,10.51,4,78.15,8.33,62,230,18.2,OMLIV,48.69,closer,14:35:30,106.28,3.89266,106.48,2.86689,106.48,2.86689,14:38:35,106.032,3.60852,14:45:00,106.466,2.92278,6.07,89.31549999999999,37.602500000000006,79.99849999999999,33.865500000000004,72.31649999999999,65.213,68.06000000000012,70.96000000000004,40.24000000000001,82.2999999999999,65.60000000000002,60.63999999999993,OMLIV,2.919722222222222,106.46972222222225,69.3944444444449,47.99305555555555
4,170321set1_1_GA50.csv_1_3K51.csv,170321set1_1_GA50.csv,14:35:10,3.72198,107.306,1.6022,21.36,103.998,83,14:42:05,2.52356,106.535,3.18297,104.142,0,249,286,36.36,57.06883543366395,57.01603574767284,-1,-1,36.44,18.66,3,70.06,7.5,56,210,12.45,WP071,73.51,closer,14:45:40,106.07,3.22811,105.191,2.89499,105.191,2.89499,14:48:30,105.872,2.93408,14:58:10,104.671,2.69216,6.84,68.0495,15.055,38.089,54.57425,55.70275,48.352,86.11999999999995,19.960000000000093,70.69999999999993,22.83999999999992,61.39999999999986,57.44,LIPRO,2.895,105.19083333333332,43.81666666666632,47.375
5,170321set1_1_3K61.csv_1_QR60.csv,170321set1_1_3K61.csv,14:42:55,4.57262,106.403,2.56699,4.21,104.093,39,14:46:10,4.19994,105.012,2.35462,107.115,0,231,131,99.94,24.201018891560064,30.32277413679166,1,1,4.51,13.48,2,68.98,3.58,27,250,4.02,MABAL,41.82,farther,14:48:35,105.918,4.05395,105.577,3.77106,105.577,3.77106,14:50:10,105.731,3.98197,14:55:40,105.232,3.49534,6.48,89.31549999999999,39.17475,79.99849999999999,33.865500000000004,76.34875000000001,74.54925,68.06000000000012,21.86000000000007,40.24000000000001,82.2999999999999,58.36000000000013,54.61999999999989,MUMSO,3.738888888888889,105.53694444444444,50.73888888888888,68.47222222222223
6,170321set1_1_TR71.csv_1_3K70.csv,170321set1_1_TR71.csv,14:49:40,4.57262,106.403,2.5041,19.86,106.548,22,14:51:30,3.72198,107.306,1.6022,103.998,0,170,249,79.82,45.39627651359816,49.374263478942375,-1,-1,4.19,30.28,4,75.74,6.25,47,160,6.57,OMLIV,37.34,farther,14:53:25,106.243,4.15339,106.382,3.3852,106.382,3.3852,14:58:30,106.463,3.5484,15:03:25,106.47,2.92616,7.2,89.31549999999999,37.602500000000006,68.0495,15.055,78.83475,63.71,68.06000000000012,70.96000000000004,86.11999999999995,19.960000000000093,64.8599999999999,69.25999999999988,ONAPO,3.353888888888889,106.3877777777778,67.75555555555599,58.84722222222223
7,170321set1_1_QR80.csv_1_QR81.csv,170321set1_1_QR80.csv,15:00:00,4.57262,106.403,2.56699,26.05,104.093,0,14:56:20,3.72198,107.306,3.40823,103.908,44,231,267,36.2,56.199154557955865,54.31525210493369,-1,-1,5.43,24.12,1,61.08,7.25,54,200,13.98,KILOT,71.64,closer,15:05:50,105.909,4.03227,105.199,3.46534,105.199,3.46534,15:09:30,105.739,3.60274,15:18:55,104.684,3.04379,5.61,89.31549999999999,39.17475,68.0495,60.20575,75.80675,65.0685,68.06000000000012,21.86000000000007,86.11999999999995,18.160000000000025,58.18000000000012,54.780000000000086,MABAL,3.473888888888889,105.20972222222224,44.1944444444448,61.84722222222222
8,170321set1_1_PR91.csv_1_PR90.csv,170321set1_1_PR91.csv,15:03:45,4.57262,106.403,2.5041,19.34,106.548,21,15:05:30,3.72198,107.306,1.6022,103.998,0,170,249,79.82,44.74742913177288,49.374263478942375,-1,-1,4.19,29.92,3,54.23,6.17,46,160,6.32,OMLIV,37.97,farther,15:07:30,106.243,4.15339,106.38,3.39558,106.38,3.39558,15:12:25,106.455,3.56822,15:17:25,106.469,2.93554,7.46,89.31549999999999,37.602500000000006,68.0495,15.055,78.83475,64.2055,68.06000000000012,70.96000000000004,86.11999999999995,19.960000000000093,64.8599999999999,69.09999999999997,ONAPO,3.353888888888889,106.3877777777778,67.75555555555599,58.84722222222223
9,170321set1_1_QR101.csv_1_PR100.csv,170321set1_1_QR101.csv,15:10:50,4.57262,106.403,2.5041,17.49,106.548,20,15:12:30,3.72198,107.306,1.6022,103.998,0,170,249,79.82,44.74742913177288,50.0079185254296,-1,-1,3.86,29.92,4,68.94,6.25,47,160,5.89,OMLIV,41.76,farther,15:14:30,106.241,4.16374,106.38,3.39558,106.38,3.39558,15:19:00,106.437,3.6285,15:24:30,106.469,2.93331,7.46,89.31549999999999,37.602500000000006,68.0495,15.055,79.09349999999999,65.71249999999999,68.06000000000012,70.96000000000004,86.11999999999995,19.960000000000093,64.82,68.73999999999995,ONAPO,3.353888888888889,106.3877777777778,67.75555555555599,58.84722222222223
10,170321set1_1_SQ111.csv_1_QR110.csv,170321set1_1_SQ111.csv,15:17:35,4.57262,106.403,2.5041,21.12,106.548,23,15:19:30,3.72198,107.306,1.6022,103.998,0,170,249,79.82,40.96571698313829,44.31663392335162,-1,-1,6.89,30.28,3,61.64,5.58,42,160,5.95,OMLIV,35.44,farther,15:22:00,106.259,4.07048,106.382,3.3852,106.382,3.3852,15:26:35,106.457,3.52496,15:31:15,106.469,2.93446,6.39,89.31549999999999,37.602500000000006,68.0495,15.055,76.762,63.124,68.06000000000012,70.96000000000004,86.11999999999995,19.960000000000093,65.18,69.13999999999987,ONAPO,3.353888888888889,106.3877777777778,67.75555555555599,58.84722222222223
11,170321set1_1_SQ120.csv_1_PR121.csv,170321set1_1_SQ120.csv,15:24:55,3.72198,107.306,1.6022,23.68,103.998,74,15:31:05,2.52356,106.535,3.18297,104.142,0,249,286,36.36,64.65330304377649,70.37417738965345,-1,-1,38.01,20.46,2,67.78,8.83,66,220,11.68,WP071,81.7,farther,15:33:40,106.277,3.3075,105.24,2.9139,105.24,2.9139,15:36:55,106.006,2.99925,15:47:40,104.679,2.6942,10.68,68.0495,15.055,38.089,54.57425,57.6875,49.98125,86.11999999999995,19.960000000000093,70.69999999999993,22.83999999999992,65.54000000000002,60.120000000000005,LIPRO,2.895,105.19083333333332,43.81666666666632,47.375
12,170321set1_1_GA131.csv_1_3K130.csv,170321set1_1_GA131.csv,15:32:00,4.57262,106.403,2.5041,17.49,106.548,18,15:33:30,3.72198,107.306,1.6022,103.998,0,170,249,79.82,41.61453577752143,48.10695426663429,-1,-1,4.87,29.55,3,77.94,5.92,44,160,5.45,OMLIV,41.76,farther,15:35:55,106.247,4.13269,106.378,3.40595,106.378,3.40595,15:40:05,106.428,3.6371,15:45:35,106.468,2.94227,8.19,89.31549999999999,37.602500000000006,68.0495,15.055,78.31725,65.92750000000001,68.06000000000012,70.96000000000004,86.11999999999995,19.960000000000093,64.94,68.55999999999995,ONAPO,3.353888888888889,106.3877777777778,67.75555555555599,58.84722222222223
13,170321set1_1_PR141.csv_1_QR140.csv,170321set1_1_PR141.csv,15:38:30,4.57262,106.403,2.56699,3.38,104.093,44,15:42:10,4.19994,105.012,2.35462,107.115,0,231,131,99.94,29.884322082411824,32.86554138995445,1,1,3.98,13.93,4,73.53,4.08,31,250,4.85,MABAL,42.48,farther,15:43:50,105.951,4.08064,105.56,3.75777,105.56,3.75777,15:45:45,105.724,3.99423,15:51:20,105.226,3.49089,4.88,89.31549999999999,39.17475,79.99849999999999,33.865500000000004,77.01599999999999,74.85575,68.06000000000012,21.86000000000007,40.24000000000001,82.2999999999999,59.01999999999987,54.48000000000008,MUMSO,3.738888888888889,105.53694444444444,50.73888888888888,68.47222222222223
14,170321set1_1_SQ151.csv_1_KL150.csv,170321set1_1_SQ151.csv,15:45:45,3.72198,107.306,3.40823,18.34,103.908,39,15:49:00,4.57262,106.403,2.56699,104.093,0,267,231,36.2,51.14797867376049,56.199154557955865,1,1,34.67,24.41,3,68.03,7.08,53,300,14.15,VISAT,74.21,farther,15:55:15,106.135,3.52451,105.248,3.47583,105.248,3.47583,15:58:50,105.736,3.7365,16:08:35,104.535,3.44125,12.65,68.0495,60.20575,89.31549999999999,39.17475,63.11275,68.4125,86.11999999999995,18.160000000000025,68.06000000000012,21.86000000000007,62.7000000000001,54.72000000000008,MABAL,3.473888888888889,105.20972222222224,44.1944444444448,61.84722222222222
15,170321set1_1_SQ161.csv_1_QR160.csv,170321set1_1_SQ161.csv,15:52:50,4.57262,106.403,2.56699,3.74,104.093,40,15:56:10,4.19994,105.012,2.35462,107.115,0,231,131,99.94,26.74671524156946,32.194792188914754,1,1,4.09,13.7,4,63.94,3.92,29,250,5.87,KILOT,79.21,farther,15:58:15,105.942,4.07397,105.568,3.76442,105.568,3.76442,16:00:35,105.666,3.96952,16:11:00,104.703,3.06648,8.13,89.31549999999999,39.17475,79.99849999999999,33.865500000000004,76.84925,74.238,68.06000000000012,21.86000000000007,40.24000000000001,82.2999999999999,58.83999999999986,53.319999999999936,MUMSO,3.738888888888889,105.53694444444444,50.73888888888888,68.47222222222223
16,170321set1_1_TR170.csv_1_SQ171.csv,170321set1_1_TR170.csv,15:59:55,4.19994,105.012,2.35462,37.23,107.115,9,16:00:40,4.57262,106.403,2.5041,106.548,0,131,170,37.29,50.56484150864416,57.48171242527268,-1,-1,29.55,16.61,4,55.85,7.08,53,100,11.25,OMLIV,38.6,farther,16:07:45,105.76,3.54816,106.424,2.95967,106.424,2.95967,16:10:45,106.13,3.46785,16:15:50,106.47,2.92176,11.39,79.99849999999999,33.865500000000004,89.31549999999999,37.602500000000006,63.70400000000001,61.69625,40.24000000000001,82.2999999999999,68.06000000000012,70.96000000000004,55.2000000000001,62.59999999999991,OMLIV,2.919722222222222,106.46972222222225,69.3944444444449,47.99305555555555
17,170321set1_1_QR181.csv_1_3K180.csv,170321set1_1_QR181.csv,16:07:00,4.57262,106.403,2.56699,1.78,104.093,38,16:10:10,4.19994,105.012,2.35462,107.115,0,231,131,99.94,31.157562493421555,37.90520640361508,1,1,2.89,13.25,4,75.04,4.5,34,250,6.94,MABAL,42.43,farther,16:11:40,106.016,4.13402,105.585,3.7777,105.585,3.7777,16:14:25,105.69,4.01153,16:20:00,105.219,3.48399,9.06,89.31549999999999,39.17475,79.99849999999999,33.865500000000004,78.35049999999998,75.28824999999999,68.06000000000012,21.86000000000007,40.24000000000001,82.2999999999999,60.32000000000011,53.79999999999996,MUMSO,3.738888888888889,105.53694444444444,50.73888888888888,68.47222222222223
18,170321set1_1_TR191.csv_1_GA190.csv,170321set1_1_TR191.csv,16:13:25,4.57262,106.403,2.56699,4.13,104.093,45,16:17:10,4.19994,105.012,2.35462,107.115,0,231,131,99.94,29.24809813263768,31.57103622538685,1,1,4.23,14.17,2,42.54,4.0,30,250,7.12,MABAL,36.08,farther,16:18:55,105.934,4.0673,105.552,3.75113,105.552,3.75113,16:21:45,105.598,3.9412,16:26:30,105.214,3.47845,6.84,89.31549999999999,39.17475,79.99849999999999,33.865500000000004,76.6825,73.53,68.06000000000012,21.86000000000007,40.24000000000001,82.2999999999999,58.67999999999995,51.95999999999998,MUMSO,3.738888888888889,105.53694444444444,50.73888888888888,68.47222222222223
19,170321set1_1_PR200.csv_1_3K201.csv,170321set1_1_PR200.csv,16:24:00,4.57262,106.403,2.56699,30.51,104.093,0,16:20:35,3.72198,107.306,3.40823,103.908,41,231,267,36.2,56.85994858549379,53.06699500360328,-1,-1,5.71,24.35,2,68.9,7.17,54,200,16.57,KILOT,67.17,closer,16:30:00,105.893,4.01893,105.191,3.45868,105.191,3.45868,16:34:20,105.693,3.51011,16:43:10,104.677,3.03992,5.57,89.31549999999999,39.17475,68.0495,60.20575,75.47325000000001,62.75275,68.06000000000012,21.86000000000007,86.11999999999995,18.160000000000025,57.860000000000014,53.85999999999996,MABAL,3.473888888888889,105.20972222222224,44.1944444444448,61.84722222222222
20,170321set1_1_PR210.csv_1_QR211.csv,170321set1_1_PR210.csv,16:27:10,3.72198,107.306,1.6022,16.07,103.998,83,16:34:05,2.52356,106.535,3.18297,104.142,0,249,286,36.36,51.35267566780774,51.355020143177626,-1,-1,35.44,18.66,3,58.49,6.75,51,190,17.28,WP071,71.61,farther,16:38:25,105.981,3.19408,105.191,2.89499,105.191,2.89499,16:41:30,105.854,2.84088,16:50:55,104.67,2.6911,13.2,68.0495,15.055,38.089,54.57425,54.852,46.022,86.11999999999995,19.960000000000093,70.69999999999993,22.83999999999992,59.61999999999989,57.079999999999984,LIPRO,2.895,105.19083333333332,43.81666666666632,47.375
21,170321set1_1_SQ221.csv_1_SQ220.csv,170321set1_1_SQ221.csv,16:35:00,4.57262,106.403,2.56699,1.89,104.093,38,16:38:10,4.19994,105.012,2.35462,107.115,0,231,131,99.94,31.157562493421555,37.90520640361508,1,1,3.03,13.25,4,76.78,4.5,34,250,6.12,KILOT,83.6,farther,16:39:40,106.017,4.13187,105.585,3.7777,105.585,3.7777,16:42:10,105.721,4.01929,16:53:10,104.704,3.06686,8.95,89.31549999999999,39.17475,79.99849999999999,33.865500000000004,78.29675,75.48225,68.06000000000012,21.86000000000007,40.24000000000001,82.2999999999999,60.33999999999992,54.42000000000007,MUMSO,3.738888888888889,105.53694444444444,50.73888888888888,68.47222222222223
22,170321set1_1_GA231.csv_1_GA230.csv,170321set1_1_GA231.csv,16:42:40,4.57262,106.403,2.5041,29.91,106.548,0,16:41:35,4.19994,105.012,2.35462,107.115,13,170,131,37.29,66.98078145783587,62.59209747428363,1,1,11.72,11.77,4,81.73,8.5,64,230,19.3,OMLIV,50.6,closer,16:48:10,106.276,3.93414,106.476,2.88762,106.476,2.88762,16:51:30,106.01,3.62607,16:58:10,106.469,2.91868,9.55,89.31549999999999,37.602500000000006,79.99849999999999,33.865500000000004,73.35350000000001,65.65174999999999,68.06000000000012,70.96000000000004,40.24000000000001,82.2999999999999,65.51999999999992,60.2000000000001,OMLIV,2.919722222222222,106.46972222222225,69.3944444444449,47.99305555555555
23,170321set1_1_TR241.csv_1_GA240.csv,170321set1_1_TR241.csv,16:48:40,4.57262,106.403,2.56699,2.68,104.093,42,16:52:10,4.19994,105.012,2.35462,107.115,0,231,131,99.94,31.157562493421555,35.36206625244781,1,1,3.42,13.7,4,73.91,4.33,32,250,6.73,KILOT,80.45,farther,16:53:40,105.983,4.10733,105.568,3.76442,105.568,3.76442,16:56:20,105.667,3.98845,17:06:55,104.698,3.06174,7.92,89.31549999999999,39.17475,79.99849999999999,33.865500000000004,77.68325,74.71124999999999,68.06000000000012,21.86000000000007,40.24000000000001,82.2999999999999,59.66000000000008,53.34000000000003,MUMSO,3.738888888888889,105.53694444444444,50.73888888888888,68.47222222222223
24,170321set1_1_PR250.csv_1_KL251.csv,170321set1_1_PR250.csv,16:59:00,4.57262,106.403,2.56699,22.5,104.093,0,16:55:00,3.72198,107.306,3.40823,103.908,48,231,267,36.2,57.46078900419502,58.15290935115815,-1,-1,4.62,23.88,2,66.72,7.67,58,190,14.13,KILOT,81.76,farther,17:04:20,105.958,4.0723,105.207,3.472,105.207,3.472,17:07:20,105.871,3.70656,17:18:05,104.681,3.04267,8.87,89.31549999999999,39.17475,68.0495,60.20575,76.8075,67.664,68.06000000000012,21.86000000000007,86.11999999999995,18.160000000000025,59.15999999999997,57.4199999999999,MABAL,3.473888888888889,105.20972222222224,44.1944444444448,61.84722222222222
25,170321set1_1_QR261.csv_1_GA260.csv,170321set1_1_QR261.csv,17:03:40,4.57262,106.403,2.5041,25.55,106.548,0,17:02:30,4.19994,105.012,2.35462,107.115,14,170,131,37.29,70.16229880414441,66.39344826361962,1,1,9.7,11.77,4,73.4,9.0,68,230,16.56,OMLIV,54.42,closer,17:08:40,106.264,3.99636,106.476,2.88762,106.476,2.88762,17:11:35,106.039,3.72218,17:18:45,106.467,2.92256,7.22,89.31549999999999,37.602500000000006,79.99849999999999,33.865500000000004,74.909,68.05449999999999,68.06000000000012,70.96000000000004,40.24000000000001,82.2999999999999,65.27999999999992,60.78000000000003,OMLIV,2.919722222222222,106.46972222222225,69.3944444444449,47.99305555555555
26,170321set1_1_3K271.csv_1_GA270.csv,170321set1_1_3K271.csv,17:10:00,3.72198,107.306,3.40823,22.51,103.908,36,17:13:00,4.57262,106.403,2.56699,104.093,0,267,231,36.2,45.43756148875504,52.41422091819916,1,1,37.19,24.89,2,51.55,6.33,47,300,10.37,VISAT,74.81,farther,17:20:00,106.072,3.52129,105.28,3.47743,105.28,3.47743,17:22:40,105.773,3.67526,17:32:30,104.548,3.44316,12.02,68.0495,60.20575,89.31549999999999,39.17475,63.03225,66.8815,86.11999999999995,18.160000000000025,68.06000000000012,21.86000000000007,61.440000000000055,55.45999999999992,MABAL,3.473888888888889,105.20972222222224,44.1944444444448,61.84722222222222
27,170321set1_1_GA281.csv_1_3K280.csv,170321set1_1_GA281.csv,17:16:45,4.57262,106.403,2.56699,2.7,104.093,41,17:20:10,4.19994,105.012,2.35462,107.115,0,231,131,99.94,30.52094219037804,35.36206625244781,1,1,3.42,13.7,2,32.7,4.33,32,250,6.93,KILOT,79.84,farther,17:21:45,105.983,4.10733,105.568,3.76442,105.568,3.76442,17:24:30,105.657,3.98485,17:35:00,104.698,3.06235,8.55,89.31549999999999,39.17475,79.99849999999999,33.865500000000004,77.68325,74.62124999999999,68.06000000000012,21.86000000000007,40.24000000000001,82.2999999999999,59.66000000000008,53.13999999999993,MUMSO,3.738888888888889,105.53694444444444,50.73888888888888,68.47222222222223
28,170621set1_1_PR01.csv_1_3K00.csv,170621set1_1_PR01.csv,14:01:40,4.57203,106.403,2.5038,23.18,106.548,0,14:00:25,4.19994,105.012,2.35462,107.115,15,170,131,37.29,69.52016425469644,66.36699141602574,1,1,9.7,12.39,0,0.0,8.92,67,240,16.44,OMLIV,56.92,closer,14:06:40,106.264,3.99636,106.474,2.89767,106.474,2.89767,14:09:25,106.033,3.76333,14:16:55,106.468,2.92022,8.93,89.30075,37.595,79.99849999999999,33.865500000000004,74.909,69.08324999999999,68.06000000000012,70.96000000000004,40.24000000000001,82.2999999999999,65.27999999999992,60.660000000000025,OMLIV,2.919722222222222,106.46972222222225,69.3944444444449,47.99305555555555
29,170621set1_1_KL10.csv_1_TR11.csv,170621set1_1_KL10.csv,14:07:45,3.72198,107.306,1.6022,22.62,103.998,76,14:14:05,2.52356,106.535,3.18297,104.142,0,249,286,36.36,58.31337604310064,62.73264274748077,-1,-1,37.43,19.74,1,41.13,8.0,60,220,11.38,WP071,74.13,farther,14:17:30,106.159,3.26212,105.22,2.90634,105.22,2.90634,14:20:45,105.885,2.95795,14:30:30,104.678,2.69384,9.49,68.0495,15.055,38.089,54.57425,56.553,48.94875,86.11999999999995,19.960000000000093,70.69999999999993,22.83999999999992,63.18000000000012,57.7000000000001,LIPRO,2.895,105.19083333333332,43.81666666666632,47.375
30,170621set1_1_TR20.csv_1_SQ21.csv,170621set1_1_TR20.csv,14:15:00,3.72198,107.306,1.6022,26.21,103.998,73,14:21:05,2.52356,106.535,3.18297,104.142,0,249,286,36.36,56.44656525298814,62.73264274748077,-1,-1,37.43,20.82,2,57.62,7.75,58,220,8.62,WP071,78.58,farther,14:24:45,106.159,3.26212,105.25,2.91768,105.25,2.91768,14:27:15,105.946,3.03067,14:37:35,104.68,2.69535,9.72,68.0495,15.055,38.089,54.57425,56.553,50.76675,86.11999999999995,19.960000000000093,70.69999999999993,22.83999999999992,63.18000000000012,58.91999999999996,LIPRO,2.895,105.19083333333332,43.81666666666632,47.375
31,170621set1_1_GA30.csv_1_GA31.csv,170621set1_1_GA30.csv,14:21:35,3.72198,107.306,1.6022,25.41,103.998,78,14:28:05,2.52356,106.535,3.18297,104.142,0,249,286,36.36,48.1788695660233,51.355020143177626,-1,-1,35.44,19.37,4,64.94,6.58,49,220,7.7,WP071,68.43,farther,14:32:50,105.981,3.19408,105.21,2.90255,105.21,2.90255,14:35:05,105.789,2.98686,14:44:05,104.686,2.69682,6.42,68.0495,15.055,38.089,54.57425,54.852,49.6715,86.11999999999995,19.960000000000093,70.69999999999993,22.83999999999992,59.61999999999989,55.78000000000003,LIPRO,2.895,105.19083333333332,43.81666666666632,47.375
32,170621set1_1_SQ41.csv_1_GA40.csv,170621set1_1_SQ41.csv,14:28:05,3.72198,107.306,3.40823,18.17,103.908,47,14:32:00,4.57203,106.403,2.56642,104.092,0,267,231,36.2,55.51489706867189,55.57230825697336,1,1,35.18,23.77,3,71.86,7.33,55,300,14.15,VISAT,73.5,farther,14:37:40,106.124,3.52397,105.206,3.47371,105.206,3.47371,14:41:15,105.725,3.73596,14:50:55,104.536,3.44136,7.73,68.0495,60.20575,89.30075,39.1605,63.09925,68.399,86.11999999999995,18.160000000000025,68.06000000000012,21.83999999999997,62.47999999999991,54.499999999999886,MABAL,3.473888888888889,105.20972222222224,44.1944444444448,61.84722222222222
33,170621set1_1_QR51.csv_1_GA50.csv,170621set1_1_QR51.csv,14:36:40,4.57203,106.403,2.5038,16.45,106.548,0,14:35:45,4.19994,105.012,2.35462,107.115,11,170,131,37.29,79.65981278221066,73.95924128395237,1,1,5.62,11.12,4,74.08,10.08,76,240,15.89,OMLIV,63.32,closer,14:40:40,106.241,4.12078,106.478,2.87694,106.478,2.87694,14:43:25,106.02,3.88262,14:51:45,106.467,2.92658,5.55,89.30075,37.595,79.99849999999999,33.865500000000004,78.0195,72.0655,68.06000000000012,70.96000000000004,40.24000000000001,82.2999999999999,64.82,60.39999999999992,OMLIV,2.919722222222222,106.46972222222225,69.3944444444449,47.99305555555555
34,170621set1_1_3K61.csv_1_PR60.csv,170621set1_1_3K61.csv,14:43:40,4.57203,106.403,2.5038,25.67,106.548,0,14:43:00,4.19994,105.012,2.35462,107.115,8,170,131,37.29,71.42883817128785,63.83295329714683,1,1,11.05,9.85,4,76.31,8.92,67,240,17.68,OMLIV,54.39,closer,14:49:00,106.272,3.95488,106.482,2.85621,106.482,2.85621,14:51:55,106.022,3.71131,14:59:05,106.467,2.92157,5.95,89.30075,37.595,79.99849999999999,33.865500000000004,73.872,67.78275000000001,68.06000000000012,70.96000000000004,40.24000000000001,82.2999999999999,65.44000000000011,60.44000000000011,OMLIV,2.919722222222222,106.46972222222225,69.3944444444449,47.99305555555555
35,170621set1_1_QR71.csv_1_GA70.csv,170621set1_1_QR71.csv,14:50:40,4.57203,106.403,2.5038,19.6,106.548,0,14:49:40,4.19994,105.012,2.35462,107.115,12,170,131,37.29,74.56606071848142,69.53528004459403,1,1,8.15,11.12,2,52.88,9.5,71,240,17.62,OMLIV,60.1,closer,14:55:15,106.251,4.04819,106.478,2.87694,106.478,2.87694,14:58:05,106.003,3.815,15:06:00,106.466,2.92679,8.11,89.30075,37.595,79.99849999999999,33.865500000000004,76.20475,70.375,68.06000000000012,70.96000000000004,40.24000000000001,82.2999999999999,65.0200000000001,60.06,OMLIV,2.919722222222222,106.46972222222225,69.3944444444449,47.99305555555555
36,170621set1_1_KL81.csv_1_KL80.csv,170621set1_1_KL81.csv,14:57:40,4.57203,106.403,2.5038,22.09,106.548,0,14:56:55,4.19994,105.012,2.35462,107.115,9,170,131,37.29,74.56606071848142,67.63430639166008,1,1,9.03,10.49,2,53.31,9.33,70,240,18.86,OMLIV,57.57,closer,15:02:30,106.26,4.01709,106.48,2.86658,106.48,2.86658,15:05:35,105.992,3.76297,15:13:10,106.465,2.92821,7.6,89.30075,37.595,79.99849999999999,33.865500000000004,75.42724999999999,69.07425,68.06000000000012,70.96000000000004,40.24000000000001,82.2999999999999,65.2000000000001,59.84000000000009,OMLIV,2.919722222222222,106.46972222222225,69.3944444444449,47.99305555555555
37,170621set1_1_TR90.csv_1_SQ91.csv,170621set1_1_TR90.csv,15:03:15,3.72198,107.306,1.6022,23.86,103.998,82,15:10:05,2.52356,106.535,3.18297,104.142,0,249,286,36.36,64.65330304377649,65.29856688245108,-1,-1,37.88,18.66,2,33.28,8.58,64,220,10.78,WP071,77.95,farther,15:12:40,106.198,3.27725,105.191,2.89499,105.191,2.89499,15:15:45,105.938,2.98923,15:26:00,104.673,2.69306,5.39,68.0495,15.055,38.089,54.57425,56.93125,49.73075,86.11999999999995,19.960000000000093,70.69999999999993,22.83999999999992,63.959999999999866,58.76000000000005,LIPRO,2.895,105.19083333333332,43.81666666666632,47.375
38,170621set1_1_3K101.csv_1_3K100.csv,170621set1_1_3K101.csv,15:10:15,4.57203,106.403,2.5038,22.94,106.548,27,15:12:30,3.72198,107.306,1.6022,103.998,0,170,249,79.82,48.589210841549615,49.35252295238818,-1,-1,4.19,31.03,3,78.08,6.42,48,160,7.69,OMLIV,31.0,farther,15:14:00,106.243,4.15339,106.386,3.36413,106.386,3.36413,15:20:00,106.502,3.43937,15:24:05,106.47,2.92371,5.93,89.30075,37.595,68.0495,15.055,78.83475,60.98425,68.06000000000012,70.96000000000004,86.11999999999995,19.960000000000093,64.8599999999999,70.0399999999999,ONAPO,3.353888888888889,106.3877777777778,67.75555555555599,58.84722222222223
39,170621set1_1_3K111.csv_1_TR110.csv,170621set1_1_3K111.csv,15:18:40,4.57203,106.403,2.5038,20.06,106.548,0,15:17:15,4.19994,105.012,2.35462,107.115,17,170,131,37.29,71.42883817128785,69.53528004459403,1,1,8.02,13.02,4,81.62,9.25,69,240,15.26,OMLIV,59.49,closer,15:23:15,106.254,4.0482,106.472,2.90804,106.472,2.90804,15:25:50,106.041,3.82573,15:33:40,106.465,2.92947,8.84,89.30075,37.595,79.99849999999999,33.865500000000004,76.20499999999998,70.64325,68.06000000000012,70.96000000000004,40.24000000000001,82.2999999999999,65.0800000000001,60.819999999999936,OMLIV,2.919722222222222,106.46972222222225,69.3944444444449,47.99305555555555
40,170621set1_1_SQ121.csv_1_3K120.csv,170621set1_1_SQ121.csv,15:25:40,4.57203,106.403,2.5038,25.06,106.548,0,15:24:35,4.19994,105.012,2.35462,107.115,13,170,131,37.29,68.88393984720469,64.46660998880566,1,1,10.71,11.75,3,67.47,8.75,66,240,17.68,OMLIV,55.02,closer,15:30:55,106.27,3.96525,106.476,2.88731,106.476,2.88731,15:33:50,106.02,3.72168,15:41:05,106.467,2.921,9.01,89.30075,37.595,79.99849999999999,33.865500000000004,74.13125000000001,68.042,68.06000000000012,70.96000000000004,40.24000000000001,82.2999999999999,65.39999999999992,60.39999999999992,OMLIV,2.919722222222222,106.46972222222225,69.3944444444449,47.99305555555555
41,170621set1_1_PR131.csv_1_TR130.csv,170621set1_1_PR131.csv,15:31:50,3.72198,107.306,3.40823,25.69,103.908,38,15:35:00,4.57203,106.403,2.56642,104.092,0,267,231,36.2,53.63982726288473,59.35724189425579,1,1,32.25,24.41,2,49.68,7.5,56,300,9.33,VISAT,83.1,farther,15:40:55,106.188,3.52719,105.248,3.47583,105.248,3.47583,15:43:20,105.917,3.66534,15:54:15,104.55,3.44293,9.95,68.0495,60.20575,89.30075,39.1605,63.17975,66.6335,86.11999999999995,18.160000000000025,68.06000000000012,21.83999999999997,63.76000000000005,58.34000000000003,MABAL,3.473888888888889,105.20972222222224,44.1944444444448,61.84722222222222
42,170621set1_1_SQ141.csv_1_SQ140.csv,170621set1_1_SQ141.csv,15:38:35,4.57203,106.403,2.56642,3.76,104.092,43,15:42:10,4.19994,105.012,2.35462,107.115,0,231,131,99.94,22.91662932437892,26.45385390676531,1,1,5.32,13.94,2,29.91,3.25,24,260,5.89,KILOT,79.8,farther,15:44:45,105.869,4.01392,105.559,3.75727,105.559,3.75727,15:46:25,105.663,3.96826,15:56:55,104.694,3.05737,7.23,89.30075,39.1605,79.99849999999999,33.865500000000004,75.348,74.20649999999999,68.06000000000012,21.83999999999997,40.24000000000001,82.2999999999999,57.38,53.259999999999934,MUMSO,3.738888888888889,105.53694444444444,50.73888888888888,68.47222222222223
43,170621set1_1_TR151.csv_1_SQ150.csv,170621set1_1_TR151.csv,15:45:50,4.57203,106.403,2.5038,18.05,106.548,20,15:47:30,3.72198,107.306,1.6022,103.998,0,170,249,79.82,44.75123167221104,49.986178032285466,-1,-1,3.86,29.93,4,68.34,6.25,47,160,6.08,OMLIV,40.49,farther,15:49:30,106.241,4.16374,106.38,3.39525,106.38,3.39525,15:54:10,106.444,3.60868,15:59:30,106.469,2.93431,7.7,89.30075,37.595,68.0495,15.055,79.09349999999999,65.217,68.06000000000012,70.96000000000004,86.11999999999995,19.960000000000093,64.82,68.88000000000005,ONAPO,3.353888888888889,106.3877777777778,67.75555555555599,58.84722222222223
44,170621set1_1_3K161.csv_1_SQ160.csv,170621set1_1_3K161.csv,15:52:50,4.57203,106.403,2.56642,2.6,104.092,40,15:56:10,4.19994,105.012,2.35462,107.115,0,231,131,99.94,29.236159797341045,34.67182629050396,1,1,3.56,13.49,4,76.41,4.17,31,250,4.19,KILOT,84.88,farther,15:57:55,105.975,4.10066,105.576,3.7706,105.576,3.7706,15:59:35,105.778,4.02507,16:10:45,104.723,3.08252,6.56,89.30075,39.1605,79.99849999999999,33.865500000000004,77.51650000000001,75.62675000000002,68.06000000000012,21.83999999999997,40.24000000000001,82.2999999999999,59.499999999999886,55.56000000000012,MUMSO,3.738888888888889,105.53694444444444,50.73888888888888,68.47222222222223
45,170621set1_1_SQ170.csv_1_3K171.csv,170621set1_1_SQ170.csv,15:59:25,3.72198,107.306,1.6022,23.19,103.998,80,16:06:05,2.52356,106.535,3.18297,104.142,0,249,286,36.36,63.40843818641928,65.29856688245108,-1,-1,37.88,19.37,4,59.16,8.42,63,220,11.37,WP071,77.31,farther,16:08:50,106.198,3.27725,105.21,2.90255,105.21,2.90255,16:12:00,105.934,2.97708,16:22:10,104.677,2.69381,6.96,68.0495,15.055,38.089,54.57425,56.93125,49.427,86.11999999999995,19.960000000000093,70.69999999999993,22.83999999999992,63.959999999999866,58.67999999999995,LIPRO,2.895,105.19083333333332,43.81666666666632,47.375
46,170621set1_1_KL181.csv_1_KL180.csv,170621set1_1_KL181.csv,16:06:05,4.57203,106.403,2.5038,23.84,106.548,29,16:08:30,3.72198,107.306,1.6022,103.998,0,170,249,79.82,46.64218816891723,46.18484198057508,-1,-1,5.88,31.39,4,78.64,6.08,46,160,7.5,OMLIV,29.71,closer,16:10:15,106.253,4.10158,106.388,3.35375,106.388,3.35375,16:16:00,106.503,3.41766,16:19:55,106.47,2.92364,4.71,89.30075,37.595,68.0495,15.055,77.5395,60.441500000000005,68.06000000000012,70.96000000000004,86.11999999999995,19.960000000000093,65.06,70.06,ONAPO,3.353888888888889,106.3877777777778,67.75555555555599,58.84722222222223
47,170621set1_1_TR191.csv_1_3K190.csv,170621set1_1_TR191.csv,16:13:20,3.72198,107.306,3.40823,20.51,103.908,44,16:17:00,4.57203,106.403,2.56642,104.092,0,267,231,36.2,53.63982726288473,55.57230825697336,1,1,35.18,24.09,2,72.06,7.17,54,300,12.43,VISAT,75.46,farther,16:22:55,106.124,3.52397,105.227,3.47477,105.227,3.47477,16:26:05,105.771,3.70959,16:36:00,104.542,3.44251,8.36,68.0495,60.20575,89.30075,39.1605,63.09925,67.73975,86.11999999999995,18.160000000000025,68.06000000000012,21.83999999999997,62.47999999999991,55.420000000000016,MABAL,3.473888888888889,105.20972222222224,44.1944444444448,61.84722222222222
48,170621set1_1_QR201.csv_1_QR200.csv,170621set1_1_QR201.csv,16:20:45,4.57203,106.403,2.56642,6.96,104.092,41,16:24:10,4.19994,105.012,2.35462,107.115,0,231,131,99.94,31.145624148248025,35.96853853697936,1,1,3.25,13.73,3,50.15,4.42,33,240,4.38,KILOT,72.83,farther,16:25:40,105.991,4.11465,105.568,3.76394,105.568,3.76394,16:29:05,105.616,3.89735,16:38:40,104.719,3.07953,6.45,89.30075,39.1605,79.99849999999999,33.865500000000004,77.86625000000001,72.43375,68.06000000000012,21.83999999999997,40.24000000000001,82.2999999999999,59.81999999999999,52.31999999999999,MUMSO,3.738888888888889,105.53694444444444,50.73888888888888,68.47222222222223
49,170621set1_1_GA211.csv_1_3K210.csv,170621set1_1_GA211.csv,16:27:15,4.57203,106.403,2.56642,8.55,104.092,47,16:31:10,4.19994,105.012,2.35462,107.115,0,231,131,99.94,34.328332521036586,35.343255401445646,1,1,3.39,14.42,4,59.52,4.58,34,240,5.41,KILOT,67.75,farther,16:32:15,105.983,4.10798,105.543,3.74394,105.543,3.74394,16:36:30,105.516,3.83793,16:45:25,104.697,3.06049,5.05,89.30075,39.1605,79.99849999999999,33.865500000000004,77.69950000000001,70.94825,68.06000000000012,21.83999999999997,40.24000000000001,82.2999999999999,59.66000000000008,50.32000000000011,MUMSO,3.738888888888889,105.53694444444444,50.73888888888888,68.47222222222223
50,170621set1_1_3K221.csv_1_KL220.csv,170621set1_1_3K221.csv,16:34:45,3.72198,107.306,3.40823,23.03,103.908,39,16:38:00,4.57203,106.403,2.56642,104.092,0,267,231,36.2,54.88962036488045,60.01803592351034,1,1,31.8,24.41,2,53.01,7.58,57,300,11.4,VISAT,81.14,farther,16:43:45,106.198,3.52773,105.248,3.47583,105.248,3.47583,16:46:40,105.872,3.69752,16:57:20,104.544,3.44242,10.57,68.0495,60.20575,89.30075,39.1605,63.19325,67.438,86.11999999999995,18.160000000000025,68.06000000000012,21.83999999999997,63.959999999999866,57.44,MABAL,3.473888888888889,105.20972222222224,44.1944444444448,61.84722222222222
51,170621set1_1_TR231.csv_1_KL230.csv,170621set1_1_TR231.csv,16:41:05,3.72198,107.306,3.40823,21.3,103.908,47,16:45:00,4.57203,106.403,2.56642,104.092,0,267,231,36.2,56.76469706176382,56.83397301248022,1,1,34.17,23.77,2,51.07,7.5,56,300,12.09,VISAT,77.35,farther,16:50:30,106.146,3.52505,105.206,3.47371,105.206,3.47371,16:53:35,105.801,3.70539,17:03:45,104.539,3.44177,6.23,68.0495,60.20575,89.30075,39.1605,63.12624999999999,67.63475,86.11999999999995,18.160000000000025,68.06000000000012,21.83999999999997,62.920000000000016,56.02000000000004,MABAL,3.473888888888889,105.20972222222224,44.1944444444448,61.84722222222222
52,170621set1_1_KL240.csv_1_3K241.csv,170621set1_1_KL240.csv,16:48:50,3.72198,107.306,1.6022,24.62,103.998,75,16:55:05,2.52356,106.535,3.18297,104.142,0,249,286,36.36,57.06883543366395,62.09121577186486,-1,-1,37.32,20.1,3,78.69,7.83,59,220,9.84,WP071,76.66,farther,16:58:40,106.149,3.25834,105.23,2.91012,105.23,2.91012,17:01:25,105.919,2.99857,17:11:30,104.678,2.69434,9.18,68.0495,15.055,38.089,54.57425,56.4585,49.96425,86.11999999999995,19.960000000000093,70.69999999999993,22.83999999999992,62.98000000000002,58.37999999999994,LIPRO,2.895,105.19083333333332,43.81666666666632,47.375
53,170621set1_1_TR250.csv_1_SQ251.csv,170621set1_1_TR250.csv,16:55:25,3.72198,107.306,1.6022,25.35,103.998,80,17:02:05,2.52356,106.535,3.18297,104.142,0,249,286,36.36,62.78600578716711,64.65692457213898,-1,-1,37.76,19.37,4,80.58,8.33,62,220,9.53,WP071,79.22,farther,17:04:55,106.189,3.27347,105.21,2.90255,105.21,2.90255,17:07:40,105.955,3.01777,17:18:05,104.675,2.69392,5.9,68.0495,15.055,38.089,54.57425,56.83675,50.44425,86.11999999999995,19.960000000000093,70.69999999999993,22.83999999999992,63.77999999999986,59.099999999999966,LIPRO,2.895,105.19083333333332,43.81666666666632,47.375
54,170621set1_1_QR260.csv_1_3K261.csv,170621set1_1_QR260.csv,17:02:50,3.72198,107.306,1.6022,25.13,103.998,75,17:09:05,2.52356,106.535,3.18297,104.142,0,249,286,36.36,58.31337604310064,63.37406987576089,-1,-1,37.54,20.1,3,73.93,8.0,60,220,9.53,WP071,77.89,farther,17:12:30,106.169,3.26591,105.23,2.91012,105.23,2.91012,17:15:15,105.935,3.01021,17:25:30,104.676,2.69389,9.0,68.0495,15.055,38.089,54.57425,56.64775,50.25525,86.11999999999995,19.960000000000093,70.69999999999993,22.83999999999992,63.37999999999994,58.700000000000045,LIPRO,2.895,105.19083333333332,43.81666666666632,47.375
55,170621set1_1_PR271.csv_1_3K270.csv,170621set1_1_PR271.csv,17:09:35,3.72198,107.306,3.40823,24.27,103.908,41,17:13:00,4.57203,106.403,2.56642,104.092,0,267,231,36.2,53.63982726288473,57.434813432758126,1,1,33.71,24.41,3,74.42,7.25,54,300,10.02,VISAT,80.53,farther,17:18:55,106.156,3.52558,105.248,3.47583,105.248,3.47583,17:21:30,105.867,3.67428,17:32:05,104.545,3.44224,8.55,68.0495,60.20575,89.30075,39.1605,63.139500000000005,66.857,86.11999999999995,18.160000000000025,68.06000000000012,21.83999999999997,63.12000000000012,57.34000000000009,MABAL,3.473888888888889,105.20972222222224,44.1944444444448,61.84722222222222
56,170621set1_1_QR281.csv_1_SQ280.csv,170621set1_1_QR281.csv,17:16:20,4.57203,106.403,2.5038,13.74,106.548,26,17:18:30,3.72198,107.306,1.6022,103.998,0,170,249,79.82,42.21128898922046,43.661826315226,-1,-1,7.27,31.03,5,79.92,5.67,43,150,8.89,OMLIV,44.92,farther,17:20:50,106.26,4.05996,106.386,3.36413,106.386,3.36413,17:24:20,106.479,3.67473,17:30:15,106.47,2.92604,6.6,89.30075,37.595,68.0495,15.055,76.49900000000001,66.86824999999999,68.06000000000012,70.96000000000004,86.11999999999995,19.960000000000093,65.2000000000001,69.57999999999998,ONAPO,3.353888888888889,106.3877777777778,67.75555555555599,58.84722222222223
57,170621set1_1_PR291.csv_1_GA290.csv,170621set1_1_PR291.csv,17:24:40,4.57203,106.403,2.5038,23.15,106.548,0,17:23:00,4.19994,105.012,2.35462,107.115,20,170,131,37.29,66.33864751601055,66.36699141602574,1,1,9.7,13.65,4,76.65,8.75,66,240,15.85,OMLIV,56.94,farther,17:29:40,106.264,3.99636,106.47,2.9184,106.47,2.9184,17:32:20,106.042,3.76861,17:39:50,106.468,2.92057,11.43,89.30075,37.595,79.99849999999999,33.865500000000004,74.909,69.21525,68.06000000000012,70.96000000000004,40.24000000000001,82.2999999999999,65.27999999999992,60.84000000000003,OMLIV,2.919722222222222,106.46972222222225,69.3944444444449,47.99305555555555
58,170621set1_1_GA301.csv_1_QR300.csv,170621set1_1_GA301.csv,17:30:50,3.72198,107.306,3.40823,22.54,103.908,38,17:34:00,4.57203,106.403,2.56642,104.092,0,267,231,36.2,50.46839358569566,56.17317898606729,1,1,34.67,24.41,3,66.15,7.08,53,300,11.05,VISAT,77.98,farther,17:40:20,106.135,3.52451,105.248,3.47583,105.248,3.47583,17:43:10,105.818,3.68903,17:53:25,104.542,3.44208,11.1,68.0495,60.20575,89.30075,39.1605,63.11275,67.22574999999999,86.11999999999995,18.160000000000025,68.06000000000012,21.83999999999997,62.7000000000001,56.35999999999996,MABAL,3.473888888888889,105.20972222222224,44.1944444444448,61.84722222222222
59,170621set1_1_GA311.csv_1_SQ310.csv,170621set1_1_GA311.csv,17:37:25,4.57203,106.403,2.56642,3.53,104.092,45,17:41:10,4.19994,105.012,2.35462,107.115,0,231,131,99.94,30.50900384808759,32.79672443533271,1,1,3.98,14.18,2,30.66,4.17,31,250,6.06,KILOT,79.83,farther,17:42:45,105.951,4.08064,105.551,3.75061,105.551,3.75061,17:45:10,105.664,3.97259,17:55:40,104.696,3.05986,6.18,89.30075,39.1605,79.99849999999999,33.865500000000004,77.01599999999999,74.31474999999999,68.06000000000012,21.83999999999997,40.24000000000001,82.2999999999999,59.01999999999987,53.28000000000003,MUMSO,3.738888888888889,105.53694444444444,50.73888888888888,68.47222222222223
60,170621set1_1_SQ330.csv_1_QR331.csv,170621set1_1_SQ330.csv,17:51:45,3.72198,107.306,1.6022,22.7,103.998,76,17:58:05,2.52356,106.535,3.18297,104.142,0,249,286,36.36,55.76650261739269,60.22274165739691,-1,-1,36.98,19.74,1,59.88,7.67,58,220,11.07,WP071,72.87,farther,18:01:50,106.12,3.247,105.22,2.90634,105.22,2.90634,18:04:55,105.862,2.95491,18:14:30,104.676,2.69346,9.4,68.0495,15.055,38.089,54.57425,56.175,48.87275,86.11999999999995,19.960000000000093,70.69999999999993,22.83999999999992,62.40000000000009,57.239999999999895,LIPRO,2.895,105.19083333333332,43.81666666666632,47.375
61,170621set1_1_KL341.csv_1_SQ340.csv,170621set1_1_KL341.csv,17:58:35,4.57203,106.403,2.56642,8.0,104.092,43,18:02:10,4.19994,105.012,2.35462,107.115,0,231,131,99.94,33.69171137436553,37.21835179536499,1,1,2.97,13.94,2,71.47,4.67,35,240,5.47,KILOT,69.05,farther,18:03:20,106.007,4.128,105.559,3.75727,105.559,3.75727,18:07:40,105.532,3.85268,18:16:45,104.697,3.06061,6.76,89.30075,39.1605,79.99849999999999,33.865500000000004,78.2,71.317,68.06000000000012,21.83999999999997,40.24000000000001,82.2999999999999,60.1400000000001,50.63999999999993,MUMSO,3.738888888888889,105.53694444444444,50.73888888888888,68.47222222222223
62,170621set1_1_QR350.csv_1_PR351.csv,170621set1_1_QR350.csv,18:05:25,3.72198,107.306,1.6022,25.12,103.998,80,18:12:05,2.52356,106.535,3.18297,104.142,0,249,286,36.36,53.89953355652952,55.78898828137927,-1,-1,36.21,19.37,3,67.15,7.17,54,220,8.61,WP071,72.21,farther,18:16:05,106.051,3.22055,105.21,2.90255,105.21,2.90255,18:18:30,105.847,2.9931,18:28:00,104.681,2.6953,5.64,68.0495,15.055,38.089,54.57425,55.51375,49.8275,86.11999999999995,19.960000000000093,70.69999999999993,22.83999999999992,61.02000000000004,56.93999999999989,LIPRO,2.895,105.19083333333332,43.81666666666632,47.375
63,170621set1_1_KL360.csv_1_QR361.csv,170621set1_1_KL360.csv,18:13:00,3.72198,107.306,1.6022,23.77,103.998,73,18:19:05,2.52356,106.535,3.18297,104.142,0,249,286,36.36,53.89953355652952,60.22274165739691,-1,-1,36.98,20.82,2,58.68,7.42,56,220,10.17,WP071,73.53,farther,18:23:05,106.12,3.247,105.25,2.91768,105.25,2.91768,18:26:00,105.873,2.97514,18:35:40,104.68,2.69469,10.68,68.0495,15.055,38.089,54.57425,56.175,49.3785,86.11999999999995,19.960000000000093,70.69999999999993,22.83999999999992,62.40000000000009,57.46000000000009,LIPRO,2.895,105.19083333333332,43.81666666666632,47.375
64,170621set1_1_SQ380.csv_1_KL381.csv,170621set1_1_SQ380.csv,18:26:30,3.72198,107.306,1.6022,24.35,103.998,79,18:33:05,2.52356,106.535,3.18297,104.142,0,249,286,36.36,56.44656525298814,58.940101702865455,-1,-1,36.76,19.37,1,103.63,7.58,57,220,9.53,WP071,73.49,farther,18:36:45,106.1,3.23944,105.21,2.90255,105.21,2.90255,18:39:30,105.866,2.98374,18:49:10,104.676,2.69396,6.66,68.0495,15.055,38.089,54.57425,55.986,49.5935,86.11999999999995,19.960000000000093,70.69999999999993,22.83999999999992,61.999999999999886,57.31999999999999,LIPRO,2.895,105.19083333333332,43.81666666666632,47.375
65,170621set1_1_PR391.csv_1_GA390.csv,170621set1_1_PR391.csv,18:34:40,4.57203,106.403,2.5038,24.56,106.548,0,18:33:45,4.19994,105.012,2.35462,107.115,11,170,131,37.29,70.79261341985739,65.1002668653658,1,1,10.37,11.12,2,71.12,8.92,67,240,19.45,OMLIV,55.66,closer,18:39:50,106.268,3.97562,106.478,2.87694,106.478,2.87694,18:43:00,105.991,3.71623,18:50:20,106.468,2.92068,9.64,89.30075,37.595,79.99849999999999,33.865500000000004,74.3905,67.90575,68.06000000000012,70.96000000000004,40.24000000000001,82.2999999999999,65.36000000000001,59.81999999999999,OMLIV,2.919722222222222,106.46972222222225,69.3944444444449,47.99305555555555
66,120321set1_1_3K00.csv_1_PR01.csv,120321set1_1_3K00.csv,14:00:55,3.72198,107.306,1.6022,26.01,103.998,74,14:07:05,2.52356,106.535,3.18297,104.142,0,249,286,36.36,38.02402235555442,43.71348663557763,-1,-1,34.11,20.46,0,0.0,5.33,40,230,5.56,WP071,59.56,farther,14:13:10,105.863,3.14871,105.24,2.9139,105.24,2.9139,14:15:25,105.642,2.9688,14:23:15,104.687,2.69778,7.56,68.0495,15.055,38.089,54.57425,53.71775,49.22,86.11999999999995,19.960000000000093,70.69999999999993,22.83999999999992,57.25999999999999,52.83999999999992,LIPRO,2.895,105.19083333333332,43.81666666666632,47.375
67,120321set1_1_SQ21.csv_1_KL20.csv,120321set1_1_SQ21.csv,14:14:20,4.57262,106.403,2.56699,5.22,104.093,46,14:18:10,4.19994,105.012,2.35462,107.115,0,231,131,99.94,19.109242182449755,20.82095537398968,1,1,6.98,14.17,2,85.31,2.58,19,270,5.72,KILOT,75.38,farther,14:21:15,105.795,3.95387,105.552,3.75113,105.552,3.75113,14:22:40,105.62,3.92914,14:32:35,104.705,3.06823,6.18,89.31549999999999,39.17475,79.99849999999999,33.865500000000004,73.84675,73.2285,68.06000000000012,21.86000000000007,40.24000000000001,82.2999999999999,55.900000000000034,52.40000000000009,MUMSO,3.738888888888889,105.53694444444444,50.73888888888888,68.47222222222223
68,120321set1_1_TR31.csv_1_SQ30.csv,120321set1_1_TR31.csv,14:22:40,4.57262,106.403,2.5041,39.47,106.548,0,14:21:45,4.19994,105.012,2.35462,107.115,11,170,131,37.29,53.66437277036288,48.041260500153335,1,1,19.55,11.14,2,59.51,6.67,50,250,17.77,OMBAP,63.92,closer,14:30:05,106.32,3.69566,106.478,2.87726,106.478,2.87726,14:33:00,106.064,3.47549,14:41:25,106.543,2.52397,10.99,89.31549999999999,37.602500000000006,79.99849999999999,33.865500000000004,67.39150000000001,61.88725,68.06000000000012,70.96000000000004,40.24000000000001,82.2999999999999,66.39999999999986,61.27999999999986,OMLIV,2.919722222222222,106.46972222222225,69.3944444444449,47.99305555555555
69,120321set1_1_TR51.csv_1_3K50.csv,120321set1_1_TR51.csv,14:35:30,4.57262,106.403,2.5041,18.46,106.548,24,14:37:30,3.72198,107.306,1.6022,103.998,0,170,249,79.82,30.20873214189592,32.922442578351,-1,-1,13.04,30.65,0,0.0,4.17,31,150,6.5,OMBAP,63.29,farther,14:41:25,106.293,3.88369,106.384,3.37483,106.384,3.37483,14:44:05,106.455,3.58853,14:52:25,106.544,2.53746,6.68,89.31549999999999,37.602500000000006,68.0495,15.055,72.09225,64.71325,68.06000000000012,70.96000000000004,86.11999999999995,19.960000000000093,65.86000000000013,69.09999999999997,ONAPO,3.353888888888889,106.3877777777778,67.75555555555599,58.84722222222223
70,120321set1_1_KL60.csv_1_GA61.csv,120321set1_1_KL60.csv,14:42:55,3.72198,107.306,1.6022,24.87,103.998,74,14:49:05,2.52356,106.535,3.18297,104.142,0,249,286,36.36,52.59721142829248,58.298889437186986,-1,-1,36.66,20.46,2,46.92,7.25,54,230,8.04,WP071,67.75,farther,14:53:15,106.09,3.23568,105.24,2.9139,105.24,2.9139,14:56:30,105.772,2.97441,15:05:25,104.678,2.69449,8.47,68.0495,15.055,38.089,54.57425,55.892,49.36025000000001,86.11999999999995,19.960000000000093,70.69999999999993,22.83999999999992,61.80000000000007,55.44000000000011,LIPRO,2.895,105.19083333333332,43.81666666666632,47.375
71,120321set1_1_KL70.csv_1_QR71.csv,120321set1_1_KL70.csv,14:49:50,3.72198,107.306,1.6022,25.34,103.998,75,14:56:05,2.52356,106.535,3.18297,104.142,0,249,286,36.36,57.69110569792702,62.73264274748077,-1,-1,37.43,20.1,4,66.96,7.92,59,230,8.23,WP071,71.59,farther,14:59:35,106.159,3.26212,105.23,2.91012,105.23,2.91012,15:02:55,105.833,2.99408,15:12:20,104.678,2.69466,7.86,68.0495,15.055,38.089,54.57425,56.553,49.852,86.11999999999995,19.960000000000093,70.69999999999993,22.83999999999992,63.18000000000012,56.65999999999997,LIPRO,2.895,105.19083333333332,43.81666666666632,47.375
72,120321set1_1_3K81.csv_1_SQ80.csv,120321set1_1_3K81.csv,14:57:40,4.57262,106.403,2.5041,20.76,106.548,0,14:56:05,4.19994,105.012,2.35462,107.115,19,170,131,37.29,68.25362558215792,67.66076319708846,1,1,9.03,13.67,4,87.39,8.92,67,250,16.51,OMBAP,82.29,closer,15:02:30,106.26,4.01709,106.47,2.91872,106.47,2.91872,15:05:15,106.024,3.80413,15:16:05,106.54,2.53348,13.33,89.31549999999999,37.602500000000006,79.99849999999999,33.865500000000004,75.42724999999999,70.10324999999999,68.06000000000012,70.96000000000004,40.24000000000001,82.2999999999999,65.2000000000001,60.48000000000002,OMLIV,2.919722222222222,106.46972222222225,69.3944444444449,47.99305555555555
73,120321set1_1_3K91.csv_1_SQ90.csv,120321set1_1_3K91.csv,15:03:40,4.57262,106.403,2.5041,20.31,106.548,22,15:05:30,3.72198,107.306,1.6022,103.998,0,170,249,79.82,37.7769589472481,41.78200724790997,-1,-1,8.23,30.28,4,73.7,5.25,39,160,5.2,OMBAP,60.75,farther,15:08:25,106.267,4.029,106.382,3.3852,106.382,3.3852,15:12:20,106.437,3.56315,15:20:20,106.541,2.55604,6.44,89.31549999999999,37.602500000000006,68.0495,15.055,75.725,64.07875,68.06000000000012,70.96000000000004,86.11999999999995,19.960000000000093,65.33999999999992,68.73999999999995,ONAPO,3.353888888888889,106.3877777777778,67.75555555555599,58.84722222222223
74,120321set1_1_3K101.csv_1_KL100.csv,120321set1_1_3K101.csv,15:11:40,4.57262,106.403,2.5041,27.29,106.548,0,15:10:25,4.19994,105.012,2.35462,107.115,15,170,131,37.29,62.52721697644607,59.43486197477242,1,1,13.58,12.41,2,55.2,8.0,60,250,17.71,OMBAP,75.93,closer,15:17:35,106.282,3.88229,106.474,2.89799,106.474,2.89799,15:20:20,106.026,3.68298,15:30:20,106.542,2.52742,12.7,89.31549999999999,37.602500000000006,79.99849999999999,33.865500000000004,72.05725,67.0745,68.06000000000012,70.96000000000004,40.24000000000001,82.2999999999999,65.63999999999993,60.519999999999925,OMLIV,2.919722222222222,106.46972222222225,69.3944444444449,47.99305555555555
75,120321set1_1_SQ110.csv_1_KL111.csv,120321set1_1_SQ110.csv,15:21:10,4.19994,105.012,2.35462,0.5,107.115,0,15:17:10,4.57262,106.403,2.56699,104.093,48,131,231,99.94,23.31748409827543,22.92856767902953,-1,-1,4.62,14.52,3,78.73,3.0,22,80,11.64,LEBIN,55.09,closer,15:23:45,105.26,3.98707,105.536,3.73999,105.536,3.73999,15:26:05,105.547,3.98854,15:33:20,106.095,3.25178,11.47,79.99849999999999,33.865500000000004,89.31549999999999,39.17475,74.67675,74.7135,40.24000000000001,82.2999999999999,68.06000000000012,21.86000000000007,45.2000000000001,50.93999999999994,MUMSO,3.738888888888889,105.53694444444444,50.73888888888888,68.47222222222223
76,120321set1_1_SQ120.csv_1_GA121.csv,120321set1_1_SQ120.csv,15:24:50,3.72198,107.306,1.6022,26.68,103.998,75,15:31:05,2.52356,106.535,3.18297,104.142,0,249,286,36.36,58.31337604310064,63.37406987576089,-1,-1,37.54,20.1,2,48.49,8.0,60,230,7.41,WP071,74.13,farther,15:34:30,106.169,3.26591,105.23,2.91012,105.23,2.91012,15:37:30,105.875,3.02498,15:47:15,104.684,2.69668,7.44,68.0495,15.055,38.089,54.57425,56.64775,50.6245,86.11999999999995,19.960000000000093,70.69999999999993,22.83999999999992,63.37999999999994,57.5,LIPRO,2.895,105.19083333333332,43.81666666666632,47.375
77,120321set1_1_TR130.csv_1_PR131.csv,120321set1_1_TR130.csv,15:31:40,3.72198,107.306,1.6022,22.32,103.998,77,15:38:05,2.52356,106.535,3.18297,104.142,0,249,286,36.36,65.8981679758993,69.73274977466208,-1,-1,38.58,19.74,2,55.94,8.92,67,240,8.04,WP071,53.24,farther,15:40:30,106.268,3.30298,105.22,2.90634,105.22,2.90634,15:47:05,105.545,2.88748,15:54:05,104.679,2.69412,6.46,68.0495,15.055,38.089,54.57425,57.57449999999999,47.187,86.11999999999995,19.960000000000093,70.69999999999993,22.83999999999992,65.36000000000001,50.900000000000034,LIPRO,2.895,105.19083333333332,43.81666666666632,47.375
78,120321set1_1_3K150.csv_1_QR151.csv,120321set1_1_3K150.csv,15:49:00,4.57262,106.403,2.56699,26.72,104.093,0,15:45:20,3.72198,107.306,3.40823,103.908,44,231,267,36.2,48.62928735211578,46.73244987254893,-1,-1,7.36,24.12,2,61.7,6.25,47,170,15.98,KILOT,75.43,closer,15:55:50,105.811,3.9522,105.199,3.46534,105.199,3.46534,15:58:40,105.802,3.61097,16:08:35,104.681,3.0419,10.57,89.31549999999999,39.17475,68.0495,60.20575,73.80499999999999,65.27425,68.06000000000012,21.86000000000007,86.11999999999995,18.160000000000025,56.22000000000014,56.04000000000013,MABAL,3.473888888888889,105.20972222222224,44.1944444444448,61.84722222222222
79,120321set1_1_TR160.csv_1_PR161.csv,120321set1_1_TR160.csv,15:56:10,4.19994,105.012,2.35462,2.41,107.115,0,15:52:05,4.57262,106.403,2.56699,104.093,49,131,231,99.94,24.612356850526023,24.837244904750108,-1,-1,6.25,14.52,2,32.27,3.25,24,100,8.25,LEBIN,53.87,farther,15:58:30,105.236,4.00794,105.536,3.73999,105.536,3.73999,16:00:45,105.512,3.9441,16:07:50,106.09,3.25711,7.38,79.99849999999999,33.865500000000004,89.31549999999999,39.17475,75.1985,73.6025,40.24000000000001,82.2999999999999,68.06000000000012,21.86000000000007,44.72000000000008,50.24000000000001,MUMSO,3.738888888888889,105.53694444444444,50.73888888888888,68.47222222222223
80,120321set1_1_KL170.csv_1_QR171.csv,120321set1_1_KL170.csv,15:59:25,3.72198,107.306,1.6022,19.82,103.998,80,16:06:05,2.52356,106.535,3.18297,104.142,0,249,286,36.36,62.78600578716711,64.65692457213898,-1,-1,37.76,19.37,4,76.04,8.33,62,230,12.15,WP071,63.38,farther,16:08:55,106.189,3.27347,105.21,2.90255,105.21,2.90255,16:13:50,105.709,2.8766,16:22:10,104.669,2.69155,7.02,68.0495,15.055,38.089,54.57425,56.83675,46.91499999999999,86.11999999999995,19.960000000000093,70.69999999999993,22.83999999999992,63.77999999999986,54.180000000000064,LIPRO,2.895,105.19083333333332,43.81666666666632,47.375
81,120321set1_1_3K181.csv_1_TR180.csv,120321set1_1_3K181.csv,16:06:40,3.72198,107.306,3.40823,20.84,103.908,40,16:10:00,4.57262,106.403,2.56699,104.093,0,267,231,36.2,53.691122953124,58.1215830243861,1,1,33.2,24.41,2,61.73,7.33,55,330,15.13,MABAL,47.48,farther,16:15:55,106.167,3.52612,105.248,3.47583,105.248,3.47583,16:18:35,105.947,3.76358,16:24:50,105.21,3.47539,14.66,68.0495,60.20575,89.31549999999999,39.17475,63.153000000000006,69.0895,86.11999999999995,18.160000000000025,68.06000000000012,21.86000000000007,63.34000000000003,58.940000000000055,MABAL,3.473888888888889,105.20972222222224,44.1944444444448,61.84722222222222
82,120321set1_1_QR191.csv_1_PR190.csv,120321set1_1_QR191.csv,16:14:40,4.57262,106.403,2.5041,33.19,106.548,0,16:13:55,4.19994,105.012,2.35462,107.115,9,170,131,37.29,61.29945360391834,54.36618949106157,1,1,16.14,10.51,4,82.77,7.58,57,250,19.66,OMBAP,70.26,closer,16:21:15,106.301,3.79935,106.48,2.86689,106.48,2.86689,16:24:25,106.015,3.56835,16:33:40,106.544,2.52363,11.61,89.31549999999999,37.602500000000006,79.99849999999999,33.865500000000004,69.98375,64.20875000000001,68.06000000000012,70.96000000000004,40.24000000000001,82.2999999999999,66.02000000000004,60.30000000000001,OMLIV,2.919722222222222,106.46972222222225,69.3944444444449,47.99305555555555
83,120321set1_1_QR201.csv_1_3K200.csv,120321set1_1_QR201.csv,16:21:00,4.57262,106.403,2.56699,1.63,104.093,38,16:24:10,4.19994,105.012,2.35462,107.115,0,231,131,99.94,25.473866690426263,32.194792188914754,1,1,4.09,13.25,4,69.77,3.75,28,260,6.91,MABAL,43.08,farther,16:26:25,105.942,4.07397,105.585,3.7777,105.585,3.7777,16:28:25,105.697,4.01637,16:34:05,105.217,3.48241,9.32,89.31549999999999,39.17475,79.99849999999999,33.865500000000004,76.84925,75.40925,68.06000000000012,21.86000000000007,40.24000000000001,82.2999999999999,58.83999999999986,53.940000000000055,MUMSO,3.738888888888889,105.53694444444444,50.73888888888888,68.47222222222223
84,120321set1_1_QR211.csv_1_SQ210.csv,120321set1_1_QR211.csv,16:27:25,4.57262,106.403,2.56699,5.97,104.093,45,16:31:10,4.19994,105.012,2.35462,107.115,0,231,131,99.94,23.56479314232838,25.860622009756053,1,1,5.43,14.17,2,42.5,3.25,24,250,5.02,MABAL,35.49,farther,16:33:40,105.86,4.00725,105.552,3.75113,105.552,3.75113,16:35:40,105.624,3.91723,16:40:20,105.22,3.48509,5.12,89.31549999999999,39.17475,79.99849999999999,33.865500000000004,75.18125,72.93075,68.06000000000012,21.86000000000007,40.24000000000001,82.2999999999999,57.19999999999999,52.47999999999991,MUMSO,3.738888888888889,105.53694444444444,50.73888888888888,68.47222222222223
85,120321set1_1_SQ221.csv_1_TR220.csv,120321set1_1_SQ221.csv,16:35:40,4.57262,106.403,2.5041,34.74,106.548,0,16:34:25,4.19994,105.012,2.35462,107.115,15,170,131,37.29,58.11833222014526,54.99984658467037,1,1,15.8,12.41,2,58.27,7.42,56,240,17.09,OMBAP,68.38,closer,16:42:10,106.299,3.80972,106.474,2.89799,106.474,2.89799,16:45:05,106.06,3.56101,16:54:05,106.542,2.52822,11.01,89.31549999999999,37.602500000000006,79.99849999999999,33.865500000000004,70.243,64.02525,68.06000000000012,70.96000000000004,40.24000000000001,82.2999999999999,65.98000000000013,61.200000000000045,OMLIV,2.919722222222222,106.46972222222225,69.3944444444449,47.99305555555555
86,120321set1_1_QR231.csv_1_PR230.csv,120321set1_1_QR231.csv,16:41:30,4.57262,106.403,2.5041,22.26,106.548,24,16:43:30,3.72198,107.306,1.6022,103.998,0,170,249,79.82,39.07476342331758,41.78200724790997,-1,-1,8.23,30.65,4,69.15,5.33,40,160,5.89,OMBAP,57.59,farther,16:46:15,106.267,4.029,106.384,3.37483,106.384,3.37483,16:50:45,106.462,3.49376,16:58:20,106.544,2.53749,6.17,89.31549999999999,37.602500000000006,68.0495,15.055,75.725,62.344,68.06000000000012,70.96000000000004,86.11999999999995,19.960000000000093,65.33999999999992,69.24000000000007,ONAPO,3.353888888888889,106.3877777777778,67.75555555555599,58.84722222222223
87,120321set1_1_GA241.csv_1_KL240.csv,120321set1_1_GA241.csv,16:48:20,4.57262,106.403,2.56699,3.34,104.093,46,16:52:10,4.19994,105.012,2.35462,107.115,0,231,131,99.94,24.837244904750108,26.484757960539973,1,1,5.32,14.17,2,59.59,3.33,25,260,7.47,MABAL,37.36,farther,16:54:30,105.869,4.01392,105.552,3.75113,105.552,3.75113,16:56:35,105.611,3.9591,17:01:30,105.214,3.47946,6.97,89.31549999999999,39.17475,79.99849999999999,33.865500000000004,75.348,73.97749999999999,68.06000000000012,21.86000000000007,40.24000000000001,82.2999999999999,57.38,52.22000000000008,MUMSO,3.738888888888889,105.53694444444444,50.73888888888888,68.47222222222223
88,120321set1_1_QR251.csv_1_QR250.csv,120321set1_1_QR251.csv,16:55:30,4.57262,106.403,2.5041,20.8,106.548,24,16:57:30,3.72198,107.306,1.6022,103.998,0,170,249,79.82,43.50537086152511,46.2059928309963,-1,-1,5.88,30.65,3,63.68,5.92,44,160,6.32,OMBAP,59.48,farther,16:59:40,106.253,4.10158,106.384,3.37483,106.384,3.37483,17:04:30,106.463,3.5267,17:12:20,106.544,2.53861,6.37,89.31549999999999,37.602500000000006,68.0495,15.055,77.5395,63.1675,68.06000000000012,70.96000000000004,86.11999999999995,19.960000000000093,65.06,69.25999999999988,ONAPO,3.353888888888889,106.3877777777778,67.75555555555599,58.84722222222223
89,120321set1_1_PR261.csv_1_QR260.csv,120321set1_1_PR261.csv,17:02:55,4.57262,106.403,2.56699,6.59,104.093,39,17:06:10,4.19994,105.012,2.35462,107.115,0,231,131,99.94,17.88110910069238,23.98822799292872,1,1,5.86,13.48,3,71.43,2.75,21,250,4.4,KILOT,74.78,farther,17:09:25,105.836,3.98723,105.577,3.77106,105.577,3.77106,17:11:10,105.629,3.90804,17:21:00,104.707,3.06934,7.51,89.31549999999999,39.17475,79.99849999999999,33.865500000000004,74.68074999999999,72.70100000000001,68.06000000000012,21.86000000000007,40.24000000000001,82.2999999999999,56.71999999999997,52.5800000000001,MUMSO,3.738888888888889,105.53694444444444,50.73888888888888,68.47222222222223
90,120321set1_1_KL270.csv_1_PR271.csv,120321set1_1_KL270.csv,17:09:20,4.19994,105.012,2.35462,32.29,107.115,16,17:10:40,4.57262,106.403,2.5041,106.548,0,131,170,37.29,67.02710564788859,69.5260742779602,-1,-1,19.25,14.6,3,34.59,9.0,68,100,16.53,BOBOB,91.15,farther,17:15:35,105.609,3.68042,106.456,2.9318,106.456,2.9318,17:19:55,106.146,3.5708,17:31:55,107.089,2.37978,11.13,79.99849999999999,33.865500000000004,89.31549999999999,37.602500000000006,67.0105,64.27000000000001,40.24000000000001,82.2999999999999,68.06000000000012,70.96000000000004,52.17999999999989,62.920000000000016,OMLIV,2.919722222222222,106.46972222222225,69.3944444444449,47.99305555555555
91,120321set1_1_KL281.csv_1_TR280.csv,120321set1_1_KL281.csv,17:16:30,3.72198,107.306,3.40823,19.26,103.908,42,17:20:00,4.57262,106.403,2.56699,104.093,0,267,231,36.2,53.691122953124,56.85994858549379,1,1,34.17,24.09,2,51.6,7.33,55,320,15.45,VISAT,83.02,farther,17:25:55,106.146,3.52505,105.227,3.47477,105.227,3.47477,17:28:50,105.878,3.76542,17:39:45,104.533,3.4406,13.66,68.0495,60.20575,89.31549999999999,39.17475,63.12624999999999,69.13550000000001,86.11999999999995,18.160000000000025,68.06000000000012,21.86000000000007,62.920000000000016,57.56,MABAL,3.473888888888889,105.20972222222224,44.1944444444448,61.84722222222222
92,140521set2_1_3K01.csv_1_QR00.csv,140521set2_1_3K01.csv,14:00:45,3.72198,107.306,3.40823,24.08,103.908,39,14:04:00,4.57203,106.403,2.56642,104.092,0,267,231,36.2,47.92185508464297,53.04903940561133,1,1,37.11,24.41,0,0.0,6.67,50,300,9.33,VISAT,76.71,farther,14:10:40,106.082,3.52183,105.248,3.47583,105.248,3.47583,14:13:05,105.811,3.65997,14:23:10,104.551,3.44327,9.49,68.0495,60.20575,89.30075,39.1605,63.04575,66.49925,86.11999999999995,18.160000000000025,68.06000000000012,21.83999999999997,61.63999999999987,56.22000000000014,MABAL,3.473888888888889,105.20972222222224,44.1944444444448,61.84722222222222
93,140521set2_1_TR11.csv_1_QR10.csv,140521set2_1_TR11.csv,14:08:00,4.57203,106.403,2.56642,3.5,104.092,38,14:11:10,4.19994,105.012,2.35462,107.115,0,231,131,99.94,25.461928323463376,32.171819994344176,1,1,4.09,13.25,2,33.52,3.75,28,250,3.98,KILOT,83.0,farther,14:13:25,105.942,4.07397,105.584,3.77727,105.584,3.77727,14:15:00,105.755,4.00199,14:25:55,104.722,3.0819,7.29,89.30075,39.1605,79.99849999999999,33.865500000000004,76.84925,75.04975,68.06000000000012,21.83999999999997,40.24000000000001,82.2999999999999,58.83999999999986,55.09999999999991,MUMSO,3.738888888888889,105.53694444444444,50.73888888888888,68.47222222222223
94,140521set2_1_QR21.csv_1_3K20.csv,140521set2_1_QR21.csv,14:14:55,4.57203,106.403,2.56642,5.37,104.092,39,14:18:10,4.19994,105.012,2.35462,107.115,0,231,131,99.94,21.0071631712307,27.07876063004271,1,1,5.18,13.49,4,62.24,3.17,24,250,3.97,KILOT,78.59,farther,14:21:00,105.877,4.02059,105.576,3.7706,105.576,3.7706,14:22:35,105.69,3.94861,14:32:55,104.714,3.07503,7.03,89.30075,39.1605,79.99849999999999,33.865500000000004,75.51475,73.71525,68.06000000000012,21.83999999999997,40.24000000000001,82.2999999999999,57.53999999999991,53.79999999999996,MUMSO,3.738888888888889,105.53694444444444,50.73888888888888,68.47222222222223
95,140521set2_1_PR31.csv_1_GA30.csv,140521set2_1_PR31.csv,14:21:55,3.72198,107.306,3.40823,24.91,103.908,37,14:25:00,4.57203,106.403,2.56642,104.092,0,267,231,36.2,53.63982726288473,60.01803592351034,1,1,31.8,24.73,2,51.74,7.42,56,300,10.02,VISAT,83.1,farther,14:30:55,106.198,3.52773,105.269,3.4769,105.269,3.4769,14:33:30,105.909,3.67642,14:44:25,104.544,3.44211,10.94,68.0495,60.20575,89.30075,39.1605,63.19325,66.9105,86.11999999999995,18.160000000000025,68.06000000000012,21.83999999999997,63.959999999999866,58.18000000000012,MABAL,3.473888888888889,105.20972222222224,44.1944444444448,61.84722222222222
96,140521set2_1_3K41.csv_1_SQ40.csv,140521set2_1_3K41.csv,14:28:15,3.72198,107.306,3.40823,19.85,103.908,45,14:32:00,4.57203,106.403,2.56642,104.092,0,267,231,36.2,49.79692636405022,51.12661091584927,1,1,36.71,24.09,2,51.08,6.58,49,300,12.08,VISAT,71.6,farther,14:38:25,106.051,3.52022,105.227,3.47477,105.227,3.47477,14:41:30,105.706,3.70056,14:50:55,104.541,3.44222,7.68,68.0495,60.20575,89.30075,39.1605,63.005500000000005,67.514,86.11999999999995,18.160000000000025,68.06000000000012,21.83999999999997,61.02000000000004,54.12000000000006,MABAL,3.473888888888889,105.20972222222224,44.1944444444448,61.84722222222222
97,140521set2_1_QR51.csv_1_3K50.csv,140521set2_1_QR51.csv,14:35:50,3.72198,107.306,3.40823,17.41,103.908,38,14:39:00,4.57203,106.403,2.56642,104.092,0,267,231,36.2,50.46839358569566,56.17317898606729,1,1,34.67,24.41,5,74.21,7.08,53,300,14.83,VISAT,72.94,farther,14:45:20,106.135,3.52451,105.248,3.47583,105.248,3.47583,14:49:05,105.718,3.74704,14:58:40,104.541,3.44293,13.79,68.0495,60.20575,89.30075,39.1605,63.11275,68.676,86.11999999999995,18.160000000000025,68.06000000000012,21.83999999999997,62.7000000000001,54.36000000000007,MABAL,3.473888888888889,105.20972222222224,44.1944444444448,61.84722222222222
98,140521set2_1_3K61.csv_1_GA60.csv,140521set2_1_3K61.csv,14:42:10,4.57203,106.403,2.5038,22.81,106.548,28,14:44:30,3.72198,107.306,1.6022,103.998,0,170,249,79.82,46.04914865832019,46.18484198057508,-1,-1,5.88,31.39,4,58.93,6.08,46,160,6.95,OMLIV,31.64,farther,14:46:20,106.253,4.10158,106.388,3.35375,106.388,3.35375,14:51:45,106.487,3.45695,14:55:55,106.47,2.92992,5.05,89.30075,37.595,68.0495,15.055,77.5395,61.42375,68.06000000000012,70.96000000000004,86.11999999999995,19.960000000000093,65.06,69.7399999999999,ONAPO,3.353888888888889,106.3877777777778,67.75555555555599,58.84722222222223
99,140521set2_1_SQ71.csv_1_3K70.csv,140521set2_1_SQ71.csv,14:49:10,4.57203,106.403,2.56642,5.25,104.092,48,14:53:10,4.19994,105.012,2.35462,107.115,0,231,131,99.94,28.008021462766106,28.375481934699216,1,1,4.9,14.42,4,66.38,3.67,28,250,6.68,KILOT,74.14,farther,14:55:05,105.893,4.03394,105.543,3.74394,105.543,3.74394,14:57:45,105.577,3.91506,15:07:30,104.69,3.05483,5.75,89.30075,39.1605,79.99849999999999,33.865500000000004,75.8485,72.8765,68.06000000000012,21.83999999999997,40.24000000000001,82.2999999999999,57.860000000000014,51.53999999999997,MUMSO,3.738888888888889,105.53694444444444,50.73888888888888,68.47222222222223
100,140521set2_1_KL81.csv_1_3K80.csv,140521set2_1_KL81.csv,14:57:00,4.57203,106.403,2.56642,5.47,104.092,38,15:00:10,4.19994,105.012,2.35462,107.115,0,231,131,99.94,20.3705430796874,27.07876063004271,1,1,5.18,13.25,3,60.68,3.08,23,250,4.81,KILOT,77.28,farther,15:03:05,105.877,4.02059,105.584,3.77727,105.584,3.77727,15:05:00,105.65,3.93418,15:15:10,104.701,3.06344,8.22,89.30075,39.1605,79.99849999999999,33.865500000000004,75.51475,73.3545,68.06000000000012,21.83999999999997,40.24000000000001,82.2999999999999,57.53999999999991,53.000000000000114,MUMSO,3.738888888888889,105.53694444444444,50.73888888888888,68.47222222222223
101,140521set2_1_GA91.csv_1_PR90.csv,140521set2_1_GA91.csv,15:04:40,4.57203,106.403,2.5038,17.74,106.548,0,15:03:35,4.19994,105.012,2.35462,107.115,13,170,131,37.29,76.47631616981,72.05827268356298,1,1,6.63,11.75,4,76.96,9.75,73,240,17.03,OMLIV,62.0,closer,15:08:55,106.247,4.08967,106.476,2.88731,106.476,2.88731,15:11:45,106.006,3.85138,15:19:55,106.466,2.92614,8.03,89.30075,37.595,79.99849999999999,33.865500000000004,77.24175,71.2845,68.06000000000012,70.96000000000004,40.24000000000001,82.2999999999999,64.94,60.120000000000005,OMLIV,2.919722222222222,106.46972222222225,69.3944444444449,47.99305555555555
102,140521set2_1_GA101.csv_1_SQ100.csv,140521set2_1_GA101.csv,15:11:40,4.57203,106.403,2.5038,20.8,106.548,0,15:10:30,4.19994,105.012,2.35462,107.115,14,170,131,37.29,73.29282146590238,69.53528004459403,1,1,8.02,11.75,4,75.18,9.42,71,240,17.68,OMLIV,58.89,closer,15:16:15,106.254,4.0482,106.476,2.88731,106.476,2.88731,15:19:15,106.006,3.79422,15:27:00,106.466,2.92728,9.38,89.30075,37.595,79.99849999999999,33.865500000000004,76.20499999999998,69.8555,68.06000000000012,70.96000000000004,40.24000000000001,82.2999999999999,65.0800000000001,60.120000000000005,OMLIV,2.919722222222222,106.46972222222225,69.3944444444449,47.99305555555555
103,140521set2_1_3K111.csv_1_3K110.csv,140521set2_1_3K111.csv,15:17:40,3.72198,107.306,3.40823,23.17,103.908,40,15:21:00,4.57203,106.403,2.56642,104.092,0,267,231,36.2,52.34308380133452,56.83397301248022,1,1,34.17,24.41,2,52.22,7.17,54,300,10.71,VISAT,79.29,farther,15:27:05,106.146,3.52505,105.248,3.47583,105.248,3.47583,15:29:50,105.838,3.68429,15:40:15,104.539,3.44147,9.62,68.0495,60.20575,89.30075,39.1605,63.12624999999999,67.10725,86.11999999999995,18.160000000000025,68.06000000000012,21.83999999999997,62.920000000000016,56.75999999999988,MABAL,3.473888888888889,105.20972222222224,44.1944444444448,61.84722222222222
104,140521set2_1_QR121.csv_1_KL120.csv,140521set2_1_QR121.csv,15:24:45,3.72198,107.306,3.40823,22.91,103.908,39,15:28:00,4.57203,106.403,2.56642,104.092,0,267,231,36.2,58.06105500137009,63.14217558857485,1,1,29.47,24.41,2,56.56,8.0,60,300,12.08,VISAT,83.72,farther,15:33:20,106.251,3.53041,105.248,3.47583,105.248,3.47583,15:36:25,105.907,3.71075,15:47:25,104.538,3.44137,10.9,68.0495,60.20575,89.30075,39.1605,63.26025,67.76875,86.11999999999995,18.160000000000025,68.06000000000012,21.83999999999997,65.0200000000001,58.13999999999993,MABAL,3.473888888888889,105.20972222222224,44.1944444444448,61.84722222222222
105,140521set2_1_KL131.csv_1_SQ130.csv,140521set2_1_KL131.csv,15:31:20,4.57203,106.403,2.5038,22.25,106.548,26,15:33:30,3.72198,107.306,1.6022,103.998,0,170,249,79.82,44.75123167221104,46.18484198057508,-1,-1,5.88,31.03,4,59.31,6.0,45,160,6.76,OMLIV,32.9,farther,15:35:30,106.253,4.10158,106.386,3.36413,106.386,3.36413,15:40:45,106.48,3.47677,15:45:05,106.47,2.92845,5.74,89.30075,37.595,68.0495,15.055,77.5395,61.919250000000005,68.06000000000012,70.96000000000004,86.11999999999995,19.960000000000093,65.06,69.60000000000008,ONAPO,3.353888888888889,106.3877777777778,67.75555555555599,58.84722222222223
106,140521set2_1_GA141.csv_1_3K140.csv,140521set2_1_GA141.csv,15:38:35,3.72198,107.306,3.40823,22.42,103.908,41,15:42:00,4.57203,106.403,2.56642,104.092,0,267,231,36.2,57.436157511517685,61.27967036179911,1,1,30.88,24.41,3,84.4,7.75,58,300,12.08,VISAT,81.81,farther,15:47:25,106.219,3.5288,105.248,3.47583,105.248,3.47583,15:50:30,105.875,3.70914,16:01:15,104.538,3.44148,9.75,68.0495,60.20575,89.30075,39.1605,63.22,67.7285,86.11999999999995,18.160000000000025,68.06000000000012,21.83999999999997,64.37999999999988,57.5,MABAL,3.473888888888889,105.20972222222224,44.1944444444448,61.84722222222222
107,140521set2_1_SQ151.csv_1_TR150.csv,140521set2_1_SQ151.csv,15:45:40,4.57203,106.403,2.5038,19.14,106.548,22,15:47:30,3.72198,107.306,1.6022,103.998,0,170,249,79.82,44.75123167221104,48.71945797982619,-1,-1,4.53,30.3,3,53.58,6.17,46,160,6.13,OMLIV,38.6,farther,15:49:30,106.245,4.14306,106.382,3.38487,106.382,3.38487,15:54:15,106.45,3.57772,15:59:20,106.469,2.93461,6.77,89.30075,37.595,68.0495,15.055,78.57650000000001,64.443,68.06000000000012,70.96000000000004,86.11999999999995,19.960000000000093,64.90000000000009,69.00000000000006,ONAPO,3.353888888888889,106.3877777777778,67.75555555555599,58.84722222222223
108,140521set2_1_PR161.csv_1_KL160.csv,140521set2_1_PR161.csv,15:52:10,3.72198,107.306,3.40823,20.2,103.908,46,15:56:00,4.57203,106.403,2.56642,104.092,0,267,231,36.2,55.51489706867189,56.17317898606729,1,1,34.67,23.94,3,82.0,7.33,55,300,12.77,VISAT,75.41,farther,16:01:40,106.135,3.52451,105.217,3.47424,105.217,3.47424,16:04:55,105.772,3.7154,16:14:50,104.545,3.44314,7.32,68.0495,60.20575,89.30075,39.1605,63.11275,67.88499999999999,86.11999999999995,18.160000000000025,68.06000000000012,21.83999999999997,62.7000000000001,55.44000000000011,MABAL,3.473888888888889,105.20972222222224,44.1944444444448,61.84722222222222
109,140521set2_1_3K171.csv_1_PR170.csv,140521set2_1_3K171.csv,16:00:40,4.57203,106.403,2.5038,20.71,106.548,0,15:59:05,4.19994,105.012,2.35462,107.115,19,170,131,37.29,69.52016425469644,68.90162200751931,1,1,8.35,13.65,3,62.02,9.08,68,240,15.85,OMLIV,58.85,closer,16:05:20,106.256,4.03783,106.47,2.9184,106.47,2.9184,16:08:00,106.034,3.81008,16:15:45,106.465,2.92908,10.69,89.30075,37.595,79.99849999999999,33.865500000000004,75.94574999999999,70.25200000000001,68.06000000000012,70.96000000000004,40.24000000000001,82.2999999999999,65.12,60.68000000000012,OMLIV,2.919722222222222,106.46972222222225,69.3944444444449,47.99305555555555
110,140521set2_1_SQ181.csv_1_KL180.csv,140521set2_1_SQ181.csv,16:06:05,3.72198,107.306,3.40823,17.73,103.908,47,16:10:00,4.57203,106.403,2.56642,104.092,0,267,231,36.2,57.436157511517685,57.434813432758126,1,1,33.71,23.77,4,76.1,7.58,57,300,14.83,VISAT,74.18,closer,16:15:25,106.156,3.52558,105.206,3.47371,105.206,3.47371,16:19:10,105.739,3.74812,16:28:55,104.541,3.44273,8.11,68.0495,60.20575,89.30075,39.1605,63.139500000000005,68.703,86.11999999999995,18.160000000000025,68.06000000000012,21.83999999999997,63.12000000000012,54.780000000000086,MABAL,3.473888888888889,105.20972222222224,44.1944444444448,61.84722222222222
111,140521set2_1_SQ191.csv_1_SQ190.csv,140521set2_1_SQ191.csv,16:13:25,4.57203,106.403,2.56642,5.17,104.092,45,16:17:10,4.19994,105.012,2.35462,107.115,0,231,131,99.94,26.09815476302569,28.375481934699216,1,1,4.9,14.18,2,30.58,3.58,27,250,6.04,KILOT,75.41,farther,16:19:20,105.893,4.03394,105.551,3.75061,105.551,3.75061,16:21:45,105.607,3.92588,16:31:40,104.696,3.06007,6.39,89.30075,39.1605,79.99849999999999,33.865500000000004,75.8485,73.14699999999999,68.06000000000012,21.83999999999997,40.24000000000001,82.2999999999999,57.860000000000014,52.13999999999999,MUMSO,3.738888888888889,105.53694444444444,50.73888888888888,68.47222222222223
112,140521set2_1_3K201.csv_1_3K200.csv,140521set2_1_3K201.csv,16:21:40,4.57203,106.403,2.5038,18.39,106.548,0,16:20:25,4.19994,105.012,2.35462,107.115,15,170,131,37.29,73.9290450724165,70.80259655652634,1,1,7.48,12.39,4,75.89,9.5,71,240,17.62,OMLIV,61.36,closer,16:26:05,106.247,4.06892,106.474,2.89767,106.474,2.89767,16:28:55,105.999,3.83574,16:37:00,106.466,2.926,9.91,89.30075,37.595,79.99849999999999,33.865500000000004,76.72300000000001,70.8935,68.06000000000012,70.96000000000004,40.24000000000001,82.2999999999999,64.94,59.97999999999991,OMLIV,2.919722222222222,106.46972222222225,69.3944444444449,47.99305555555555
113,140521set2_1_KL211.csv_1_3K210.csv,140521set2_1_KL211.csv,16:27:30,4.57203,106.403,2.56642,4.03,104.092,44,16:31:10,4.19994,105.012,2.35462,107.115,0,231,131,99.94,28.599540162638124,31.500392352089023,1,1,4.23,13.94,4,75.84,3.92,29,250,6.26,KILOT,77.92,farther,16:33:00,105.934,4.0673,105.559,3.75727,105.559,3.75727,16:35:30,105.638,3.95564,16:45:45,104.697,3.06061,6.86,89.30075,39.1605,79.99849999999999,33.865500000000004,76.6825,73.89099999999999,68.06000000000012,21.83999999999997,40.24000000000001,82.2999999999999,58.67999999999995,52.760000000000105,MUMSO,3.738888888888889,105.53694444444444,50.73888888888888,68.47222222222223
114,140521set2_1_GA221.csv_1_GA220.csv,140521set2_1_GA221.csv,16:34:15,3.72198,107.306,3.40823,21.62,103.908,45,16:38:00,4.57203,106.403,2.56642,104.092,0,267,231,36.2,56.76469706176382,58.09560745184022,1,1,33.2,24.09,2,49.72,7.5,56,300,12.08,VISAT,78.6,farther,16:43:30,106.167,3.52612,105.227,3.47477,105.227,3.47477,16:46:35,105.822,3.70646,16:56:55,104.539,3.44165,7.39,68.0495,60.20575,89.30075,39.1605,63.153000000000006,67.66149999999999,86.11999999999995,18.160000000000025,68.06000000000012,21.83999999999997,63.34000000000003,56.440000000000055,MABAL,3.473888888888889,105.20972222222224,44.1944444444448,61.84722222222222
115,140521set2_1_TR230.csv_1_SQ231.csv,140521set2_1_TR230.csv,16:41:50,3.72198,107.306,1.6022,22.62,103.998,75,16:48:05,2.52356,106.535,3.18297,104.142,0,249,286,36.36,57.69110569792702,62.73264274748077,-1,-1,37.43,20.1,2,62.01,7.92,59,220,11.38,WP071,74.13,farther,16:51:35,106.159,3.26212,105.23,2.91012,105.23,2.91012,16:54:50,105.885,2.95795,17:04:35,104.678,2.69384,10.1,68.0495,15.055,38.089,54.57425,56.553,48.94875,86.11999999999995,19.960000000000093,70.69999999999993,22.83999999999992,63.18000000000012,57.7000000000001,LIPRO,2.895,105.19083333333332,43.81666666666632,47.375
116,140521set2_1_TR241.csv_1_PR240.csv,140521set2_1_TR241.csv,16:49:40,4.57203,106.403,2.5038,19.01,106.548,0,16:48:50,4.19994,105.012,2.35462,107.115,10,170,131,37.29,77.11333207077497,70.80259655652634,1,1,7.48,10.49,4,83.36,9.75,73,240,18.27,OMLIV,60.76,closer,16:54:05,106.247,4.06892,106.48,2.86658,106.48,2.86658,16:57:05,105.991,3.82005,17:05:05,106.466,2.92568,7.39,89.30075,37.595,79.99849999999999,33.865500000000004,76.72300000000001,70.50125,68.06000000000012,70.96000000000004,40.24000000000001,82.2999999999999,64.94,59.81999999999999,OMLIV,2.919722222222222,106.46972222222225,69.3944444444449,47.99305555555555
117,140521set2_1_PR251.csv_1_TR250.csv,140521set2_1_PR251.csv,16:55:30,4.57203,106.403,2.56642,3.79,104.092,44,16:59:10,4.19994,105.012,2.35462,107.115,0,231,131,99.94,29.236159797341045,32.171819994344176,1,1,4.09,13.94,4,73.35,4.0,30,250,6.26,KILOT,78.55,farther,17:00:55,105.942,4.07397,105.559,3.75727,105.559,3.75727,17:03:25,105.646,3.96231,17:13:45,104.697,3.0605,6.83,89.30075,39.1605,79.99849999999999,33.865500000000004,76.84925,74.05775,68.06000000000012,21.83999999999997,40.24000000000001,82.2999999999999,58.83999999999986,52.920000000000016,MUMSO,3.738888888888889,105.53694444444444,50.73888888888888,68.47222222222223
118,140521set2_1_KL261.csv_1_GA260.csv,140521set2_1_KL261.csv,17:03:40,4.57203,106.403,2.5038,20.78,106.548,0,17:02:35,4.19994,105.012,2.35462,107.115,13,170,131,37.29,73.29282146590238,68.90162200751931,1,1,8.35,11.75,2,56.73,9.33,70,240,17.03,OMLIV,58.82,closer,17:08:20,106.256,4.03783,106.476,2.88731,106.476,2.88731,17:11:10,106.016,3.79953,17:18:55,106.465,2.92801,8.17,89.30075,37.595,79.99849999999999,33.865500000000004,75.94574999999999,69.98825,68.06000000000012,70.96000000000004,40.24000000000001,82.2999999999999,65.12,60.32000000000011,OMLIV,2.919722222222222,106.46972222222225,69.3944444444449,47.99305555555555
119,140521set2_1_SQ271.csv_1_GA270.csv,140521set2_1_SQ271.csv,17:10:40,4.57203,106.403,2.5038,19.73,106.548,0,17:09:55,4.19994,105.012,2.35462,107.115,9,170,131,37.29,76.47631616981,69.53528004459403,1,1,8.15,10.49,4,76.11,9.58,72,240,20.04,OMLIV,60.09,closer,17:15:15,106.251,4.04819,106.48,2.86658,106.48,2.86658,17:18:25,105.966,3.7939,17:26:20,106.466,2.92613,8.72,89.30075,37.595,79.99849999999999,33.865500000000004,76.20475,69.8475,68.06000000000012,70.96000000000004,40.24000000000001,82.2999999999999,65.0200000000001,59.31999999999988,OMLIV,2.919722222222222,106.46972222222225,69.3944444444449,47.99305555555555
120,140521set2_1_PR280.csv_1_PR281.csv,140521set2_1_PR280.csv,17:16:45,3.72198,107.306,1.6022,24.92,103.998,76,17:23:05,2.52356,106.535,3.18297,104.142,0,249,286,36.36,64.65330304377649,69.0911075030714,-1,-1,38.54,19.74,2,32.6,8.83,66,220,10.47,WP071,81.74,farther,17:25:40,106.258,3.29994,105.22,2.90634,105.22,2.90634,17:28:40,106.004,3.02,17:39:25,104.681,2.6951,8.76,68.0495,15.055,38.089,54.57425,57.4985,50.5,86.11999999999995,19.960000000000093,70.69999999999993,22.83999999999992,65.15999999999991,60.0800000000001,LIPRO,2.895,105.19083333333332,43.81666666666632,47.375
121,140521set2_1_SQ290.csv_1_KL291.csv,140521set2_1_SQ290.csv,17:23:55,3.72198,107.306,1.6022,24.83,103.998,74,17:30:05,2.52356,106.535,3.18297,104.142,0,249,286,36.36,62.10576739000978,67.80825287862399,-1,-1,38.32,20.46,2,57.66,8.5,64,220,10.46,WP071,81.11,farther,17:33:00,106.238,3.29238,105.24,2.9139,105.24,2.9139,17:35:55,105.994,3.01644,17:46:35,104.681,2.69507,10.02,68.0495,15.055,38.089,54.57425,57.3095,50.411,86.11999999999995,19.960000000000093,70.69999999999993,22.83999999999992,64.75999999999999,59.88,LIPRO,2.895,105.19083333333332,43.81666666666632,47.375
122,050421set2_1_TR01.csv_1_SQ00.csv,050421set2_1_TR01.csv,14:01:40,4.57203,106.403,2.5038,30.53,106.548,0,14:00:45,4.19994,105.012,2.35462,107.115,11,170,131,37.29,76.47631616981,70.80259655652634,1,1,7.48,11.12,0,0.0,9.67,73,210,19.49,OMLIV,49.94,closer,14:06:05,106.247,4.06892,106.478,2.87694,106.478,2.87694,14:10:10,106.009,3.61424,14:16:45,106.468,2.91991,5.25,89.30075,37.595,79.99849999999999,33.865500000000004,76.72300000000001,65.35600000000001,68.06000000000012,70.96000000000004,40.24000000000001,82.2999999999999,64.94,60.18000000000001,OMLIV,2.919722222222222,106.46972222222225,69.3944444444449,47.99305555555555
123,050421set2_1_KL10.csv_1_3K11.csv,050421set2_1_KL10.csv,14:07:10,3.72198,107.306,1.6022,18.64,103.998,83,14:14:05,2.52356,106.535,3.18297,104.142,0,249,286,36.36,63.40843818641928,63.37406987576089,-1,-1,37.54,18.66,2,35.6,8.33,62,210,15.62,WP071,76.62,closer,14:16:50,106.169,3.26591,105.191,2.89499,105.191,2.89499,14:20:20,105.928,2.89879,14:30:25,104.668,2.6911,8.88,68.0495,15.055,38.089,54.57425,56.64775,47.46975,86.11999999999995,19.960000000000093,70.69999999999993,22.83999999999992,63.37999999999994,58.559999999999945,LIPRO,2.895,105.19083333333332,43.81666666666632,47.375
124,050421set2_1_TR21.csv_1_SQ20.csv,050421set2_1_TR21.csv,14:14:30,4.57203,106.403,2.56642,3.4,104.092,44,14:18:10,4.19994,105.012,2.35462,107.115,0,231,131,99.94,30.50900384808759,33.422009418368404,1,1,3.84,13.94,2,70.2,4.17,31,250,6.92,KILOT,78.52,farther,14:19:45,105.959,4.08731,105.559,3.75727,105.559,3.75727,14:22:30,105.632,3.96483,14:32:50,104.691,3.05526,7.38,89.30075,39.1605,79.99849999999999,33.865500000000004,77.18275000000001,74.12075,68.06000000000012,21.83999999999997,40.24000000000001,82.2999999999999,59.180000000000064,52.6400000000001,MUMSO,3.738888888888889,105.53694444444444,50.73888888888888,68.47222222222223
125,050421set2_1_TR31.csv_1_KL30.csv,050421set2_1_TR31.csv,14:21:45,3.72198,107.306,3.40823,27.3,103.908,39,14:25:00,4.57203,106.403,2.56642,104.092,0,267,231,36.2,61.85776697334104,66.98703249415853,1,1,26.71,24.41,3,70.03,8.5,64,300,10.02,MABAL,50.1,farther,14:29:50,106.314,3.53363,105.248,3.47583,105.248,3.47583,14:32:25,106.025,3.68233,14:39:00,105.216,3.47565,8.67,68.0495,60.20575,89.30075,39.1605,63.34075,67.05825,86.11999999999995,18.160000000000025,68.06000000000012,21.83999999999997,66.27999999999986,60.500000000000114,MABAL,3.473888888888889,105.20972222222224,44.1944444444448,61.84722222222222
126,050421set2_1_TR41.csv_1_KL40.csv,050421set2_1_TR41.csv,14:28:50,4.57203,106.403,2.5038,17.75,106.548,20,14:30:30,3.72198,107.306,1.6022,103.998,0,170,249,79.82,42.8603392060212,48.0858034981086,-1,-1,4.87,29.93,5,78.81,6.0,45,160,5.58,OMLIV,41.76,farther,14:32:45,106.247,4.13269,106.38,3.39525,106.38,3.39525,14:37:00,106.432,3.62718,14:42:30,106.469,2.93221,7.27,89.30075,37.595,68.0495,15.055,78.31725,65.6795,68.06000000000012,70.96000000000004,86.11999999999995,19.960000000000093,64.94,68.64000000000004,ONAPO,3.353888888888889,106.3877777777778,67.75555555555599,58.84722222222223
127,050421set2_1_TR51.csv_1_QR50.csv,050421set2_1_TR51.csv,14:35:20,4.57203,106.403,2.56642,5.65,104.092,46,14:39:10,4.19994,105.012,2.35462,107.115,0,231,131,99.94,25.461928323463376,27.07876063004271,1,1,5.18,14.18,4,66.4,3.42,26,250,6.28,KILOT,73.46,farther,14:41:25,105.877,4.02059,105.551,3.75061,105.551,3.75061,14:43:55,105.58,3.90893,14:53:35,104.697,3.06084,6.26,89.30075,39.1605,79.99849999999999,33.865500000000004,75.51475,72.72325,68.06000000000012,21.83999999999997,40.24000000000001,82.2999999999999,57.53999999999991,51.599999999999966,MUMSO,3.738888888888889,105.53694444444444,50.73888888888888,68.47222222222223
128,050421set2_1_TR61.csv_1_GA60.csv,050421set2_1_TR61.csv,14:42:30,4.57203,106.403,2.5038,18.12,106.548,24,14:44:30,3.72198,107.306,1.6022,103.998,0,170,249,79.82,44.75123167221104,47.45214932908073,-1,-1,5.2,30.66,3,63.6,6.08,46,160,5.58,OMLIV,41.12,farther,14:46:30,106.249,4.12232,106.384,3.3745,106.384,3.3745,14:50:45,106.434,3.61682,14:56:10,106.469,2.9323,5.25,89.30075,37.595,68.0495,15.055,78.058,65.4205,68.06000000000012,70.96000000000004,86.11999999999995,19.960000000000093,64.9799999999999,68.67999999999995,ONAPO,3.353888888888889,106.3877777777778,67.75555555555599,58.84722222222223
129,050421set2_1_SQ70.csv_1_GA71.csv,050421set2_1_SQ70.csv,14:49:05,3.72198,107.306,1.6022,19.63,103.998,84,14:56:05,2.52356,106.535,3.18297,104.142,0,249,286,36.36,53.27726453860756,52.58185270971545,-1,-1,35.66,18.3,2,48.28,7.0,52,210,13.23,WP071,68.42,closer,15:00:10,106.001,3.20164,105.181,2.89119,105.181,2.89119,15:03:10,105.792,2.88934,15:12:10,104.669,2.69151,7.02,68.0495,15.055,38.089,54.57425,55.041,47.23349999999999,86.11999999999995,19.960000000000093,70.69999999999993,22.83999999999992,60.020000000000095,55.84000000000003,LIPRO,2.895,105.19083333333332,43.81666666666632,47.375
130,050421set2_1_TR81.csv_1_GA80.csv,050421set2_1_TR81.csv,14:56:50,4.57203,106.403,2.5038,18.42,106.548,20,14:58:30,3.72198,107.306,1.6022,103.998,0,170,249,79.82,44.10238668062748,49.35252295238818,-1,-1,4.19,29.93,3,79.11,6.17,46,160,6.08,OMLIV,39.86,farther,15:00:35,106.243,4.15339,106.38,3.39525,106.38,3.39525,15:05:15,106.446,3.59832,15:10:30,106.469,2.93445,7.74,89.30075,37.595,68.0495,15.055,78.83475,64.958,68.06000000000012,70.96000000000004,86.11999999999995,19.960000000000093,64.8599999999999,68.91999999999996,ONAPO,3.353888888888889,106.3877777777778,67.75555555555599,58.84722222222223
131,050421set2_1_3K91.csv_1_TR90.csv,050421set2_1_3K91.csv,15:03:10,4.57203,106.403,2.56642,5.01,104.092,48,15:07:10,4.19994,105.012,2.35462,107.115,0,231,131,99.94,28.599540162638124,29.00038458788348,1,1,4.76,14.42,4,73.45,3.75,28,250,6.7,KILOT,74.76,farther,15:09:00,105.901,4.04061,105.543,3.74394,105.543,3.74394,15:11:40,105.585,3.92173,15:21:30,104.69,3.05481,5.72,89.30075,39.1605,79.99849999999999,33.865500000000004,76.01525,73.04325,68.06000000000012,21.83999999999997,40.24000000000001,82.2999999999999,58.019999999999925,51.69999999999988,MUMSO,3.738888888888889,105.53694444444444,50.73888888888888,68.47222222222223
132,050421set2_1_PR101.csv_1_GA100.csv,050421set2_1_PR101.csv,15:10:55,4.57203,106.403,2.56642,1.87,104.092,39,15:14:10,4.19994,105.012,2.35462,107.115,0,231,131,99.94,31.145624148248025,37.21835179536499,1,1,3.03,13.49,3,60.99,4.5,34,250,5.86,KILOT,84.26,farther,15:15:40,106.008,4.12735,105.576,3.7706,105.576,3.7706,15:18:00,105.731,4.0229,15:29:05,104.703,3.06622,8.33,89.30075,39.1605,79.99849999999999,33.865500000000004,78.18375,75.57249999999999,68.06000000000012,21.83999999999997,40.24000000000001,82.2999999999999,60.15999999999991,54.61999999999989,MUMSO,3.738888888888889,105.53694444444444,50.73888888888888,68.47222222222223
133,050421set2_1_PR111.csv_1_KL110.csv,050421set2_1_PR111.csv,15:17:10,4.57203,106.403,2.56642,4.2,104.092,48,15:21:10,4.19994,105.012,2.35462,107.115,0,231,131,99.94,30.50900384808759,30.87548261253388,1,1,4.37,14.42,4,66.74,4.0,30,250,5.86,KILOT,78.52,farther,15:22:45,105.926,4.06063,105.543,3.74394,105.543,3.74394,15:25:05,105.649,3.95618,15:35:25,104.696,3.0593,4.78,89.30075,39.1605,79.99849999999999,33.865500000000004,76.51575,73.9045,68.06000000000012,21.83999999999997,40.24000000000001,82.2999999999999,58.52000000000004,52.98000000000002,MUMSO,3.738888888888889,105.53694444444444,50.73888888888888,68.47222222222223
134,050421set2_1_TR120.csv_1_PR121.csv,050421set2_1_TR120.csv,15:24:05,3.72198,107.306,1.6022,20.22,103.998,84,15:31:05,2.52356,106.535,3.18297,104.142,0,249,286,36.36,62.10576739000978,61.44978895369459,-1,-1,37.21,18.3,3,49.97,8.17,61,210,14.03,WP071,76.04,closer,15:34:00,106.139,3.25456,105.181,2.89119,105.181,2.89119,15:37:10,105.92,2.92399,15:47:10,104.674,2.69247,7.16,68.0495,15.055,38.089,54.57425,56.364,48.09975,86.11999999999995,19.960000000000093,70.69999999999993,22.83999999999992,62.77999999999992,58.400000000000034,LIPRO,2.895,105.19083333333332,43.81666666666632,47.375
135,050421set2_1_SQ131.csv_1_3K130.csv,050421set2_1_SQ131.csv,15:31:05,4.57203,106.403,2.56642,3.94,104.092,49,15:35:10,4.19994,105.012,2.35462,107.115,0,231,131,99.94,32.41886528838705,32.171819994344176,1,1,4.09,14.65,4,80.13,4.25,32,250,7.53,KILOT,75.36,closer,15:36:30,105.942,4.07397,105.535,3.73728,105.535,3.73728,15:39:30,105.586,3.94066,15:49:25,104.693,3.05748,5.95,89.30075,39.1605,79.99849999999999,33.865500000000004,76.84925,73.5165,68.06000000000012,21.83999999999997,40.24000000000001,82.2999999999999,58.83999999999986,51.71999999999997,MUMSO,3.738888888888889,105.53694444444444,50.73888888888888,68.47222222222223
136,050421set2_1_3K140.csv_1_QR141.csv,050421set2_1_3K140.csv,15:38:00,3.72198,107.306,1.6022,21.47,103.998,85,15:45:05,2.52356,106.535,3.18297,104.142,0,249,286,36.36,58.93564646662352,57.65746250707348,-1,-1,36.55,18.3,3,64.39,7.67,58,210,12.45,WP071,74.14,closer,15:48:25,106.08,3.23191,105.181,2.89119,105.181,2.89119,15:51:15,105.882,2.93789,16:01:00,104.671,2.69212,5.55,68.0495,15.055,38.089,54.57425,55.79775,48.44725,86.11999999999995,19.960000000000093,70.69999999999993,22.83999999999992,61.599999999999966,57.6400000000001,LIPRO,2.895,105.19083333333332,43.81666666666632,47.375
137,050421set2_1_GA151.csv_1_PR150.csv,050421set2_1_GA151.csv,15:45:50,3.72198,107.306,3.40823,21.79,103.908,38,15:49:00,4.57203,106.403,2.56642,104.092,0,267,231,36.2,54.88962036488045,60.618906682556194,1,1,31.32,24.41,2,64.38,7.67,58,300,12.43,VISAT,80.51,farther,15:54:45,106.209,3.52827,105.248,3.47583,105.248,3.47583,15:57:55,105.855,3.71388,16:08:30,104.541,3.44212,11.82,68.0495,60.20575,89.30075,39.1605,63.20675,67.84700000000001,86.11999999999995,18.160000000000025,68.06000000000012,21.83999999999997,64.18000000000006,57.10000000000008,MABAL,3.473888888888889,105.20972222222224,44.1944444444448,61.84722222222222
138,050421set2_1_3K161.csv_1_3K160.csv,050421set2_1_3K161.csv,15:52:35,4.57203,106.403,2.56642,2.55,104.092,43,15:56:10,4.19994,105.012,2.35462,107.115,0,231,131,99.94,26.09815476302569,29.62528915544652,1,1,4.65,13.94,4,61.53,3.67,28,260,6.87,KILOT,80.44,farther,15:58:20,105.91,4.04728,105.559,3.75727,105.559,3.75727,16:00:20,105.664,3.98968,16:10:55,104.697,3.06109,7.96,89.30075,39.1605,79.99849999999999,33.865500000000004,76.18199999999999,74.74199999999999,68.06000000000012,21.83999999999997,40.24000000000001,82.2999999999999,58.19999999999993,53.28000000000003,MUMSO,3.738888888888889,105.53694444444444,50.73888888888888,68.47222222222223
139,050421set2_1_GA171.csv_1_KL170.csv,050421set2_1_GA171.csv,15:59:45,3.72198,107.306,3.40823,25.37,103.908,39,16:03:00,4.57203,106.403,2.56642,104.092,0,267,231,36.2,52.968361427724616,58.09560745184022,1,1,33.2,24.41,4,79.3,7.33,55,300,9.33,VISAT,81.84,farther,16:09:00,106.167,3.52612,105.248,3.47583,105.248,3.47583,16:11:25,105.896,3.66427,16:22:10,104.55,3.44297,9.34,68.0495,60.20575,89.30075,39.1605,63.153000000000006,66.60675,86.11999999999995,18.160000000000025,68.06000000000012,21.83999999999997,63.34000000000003,57.920000000000016,MABAL,3.473888888888889,105.20972222222224,44.1944444444448,61.84722222222222
140,050421set2_1_KL181.csv_1_PR180.csv,050421set2_1_KL181.csv,16:06:40,4.57203,106.403,2.56642,2.68,104.092,42,16:10:10,4.19994,105.012,2.35462,107.115,0,231,131,99.94,31.145624148248025,35.343255401445646,1,1,3.42,13.73,4,62.65,4.33,32,250,6.7,KILOT,80.45,farther,16:11:40,105.983,4.10733,105.568,3.76394,105.568,3.76394,16:14:20,105.667,3.98845,16:24:55,104.698,3.06174,7.92,89.30075,39.1605,79.99849999999999,33.865500000000004,77.68325,74.71124999999999,68.06000000000012,21.83999999999997,40.24000000000001,82.2999999999999,59.66000000000008,53.34000000000003,MUMSO,3.738888888888889,105.53694444444444,50.73888888888888,68.47222222222223
141,050421set2_1_3K191.csv_1_GA190.csv,050421set2_1_3K191.csv,16:13:40,3.72198,107.306,3.40823,24.57,103.908,40,16:17:00,4.57203,106.403,2.56642,104.092,0,267,231,36.2,52.34308380133452,56.83397301248022,1,1,34.17,24.41,4,79.01,7.17,54,300,9.68,VISAT,80.54,farther,16:23:05,106.146,3.52505,105.248,3.47583,105.248,3.47583,16:25:35,105.865,3.66847,16:36:10,104.542,3.44181,8.95,68.0495,60.20575,89.30075,39.1605,63.12624999999999,66.71175000000001,86.11999999999995,18.160000000000025,68.06000000000012,21.83999999999997,62.920000000000016,57.2999999999999,MABAL,3.473888888888889,105.20972222222224,44.1944444444448,61.84722222222222
142,050421set2_1_TR200.csv_1_TR201.csv,050421set2_1_TR200.csv,16:20:10,3.72198,107.306,1.6022,13.29,103.998,83,16:27:05,2.52356,106.535,3.18297,104.142,0,249,286,36.36,51.97494347411856,51.94042614391457,-1,-1,35.55,18.66,3,57.32,6.83,51,210,18.42,WP071,63.35,closer,16:31:20,105.991,3.19786,105.191,2.89499,105.191,2.89499,16:35:25,105.714,2.76681,16:43:45,104.661,2.68859,10.59,68.0495,15.055,38.089,54.57425,54.9465,44.17025,86.11999999999995,19.960000000000093,70.69999999999993,22.83999999999992,59.81999999999999,54.27999999999997,LIPRO,2.895,105.19083333333332,43.81666666666632,47.375
143,050421set2_1_KL211.csv_1_GA210.csv,050421set2_1_KL211.csv,16:27:25,4.57203,106.403,2.56642,6.26,104.092,45,16:31:10,4.19994,105.012,2.35462,107.115,0,231,131,99.94,22.91662932437892,25.20404660531932,1,1,5.57,14.18,4,70.38,3.17,24,250,5.43,KILOT,74.12,farther,16:33:45,105.852,4.00058,105.551,3.75061,105.551,3.75061,16:35:55,105.596,3.90334,16:45:40,104.695,3.05821,5.95,89.30075,39.1605,79.99849999999999,33.865500000000004,75.01450000000001,72.5835,68.06000000000012,21.83999999999997,40.24000000000001,82.2999999999999,57.04000000000008,51.92000000000007,MUMSO,3.738888888888889,105.53694444444444,50.73888888888888,68.47222222222223
144,050421set2_1_TR221.csv_1_3K220.csv,050421set2_1_TR221.csv,16:34:20,4.57203,106.403,2.56642,3.63,104.092,46,16:38:10,4.19994,105.012,2.35462,107.115,0,231,131,99.94,31.145624148248025,32.79672443533271,1,1,3.98,14.18,4,68.06,4.17,31,250,6.92,KILOT,77.9,farther,16:39:40,105.951,4.08064,105.551,3.75061,105.551,3.75061,16:42:25,105.624,3.95816,16:52:40,104.691,3.05525,6.56,89.30075,39.1605,79.99849999999999,33.865500000000004,77.01599999999999,73.954,68.06000000000012,21.83999999999997,40.24000000000001,82.2999999999999,59.01999999999987,52.47999999999991,MUMSO,3.738888888888889,105.53694444444444,50.73888888888888,68.47222222222223
145,050421set2_1_SQ231.csv_1_3K230.csv,050421set2_1_SQ231.csv,16:41:25,4.57203,106.403,2.56642,5.54,104.092,45,16:45:10,4.19994,105.012,2.35462,107.115,0,231,131,99.94,26.09815476302569,28.375481934699216,1,1,4.9,14.18,4,69.44,3.58,27,250,8.95,KILOT,67.79,farther,16:47:20,105.893,4.03394,105.551,3.75061,105.551,3.75061,16:50:55,105.468,3.87538,16:59:50,104.69,3.05599,8.38,89.30075,39.1605,79.99849999999999,33.865500000000004,75.8485,71.8845,68.06000000000012,21.83999999999997,40.24000000000001,82.2999999999999,57.860000000000014,49.36000000000007,MUMSO,3.738888888888889,105.53694444444444,50.73888888888888,68.47222222222223
146,050421set2_1_KL241.csv_1_PR240.csv,050421set2_1_KL241.csv,16:49:40,4.57203,106.403,2.5038,33.12,106.548,0,16:48:50,4.19994,105.012,2.35462,107.115,10,170,131,37.29,75.83969625509442,69.53528004459403,1,1,8.02,10.49,4,78.04,9.58,72,210,20.34,OMLIV,48.0,closer,16:54:15,106.254,4.0482,106.48,2.86658,106.48,2.86658,16:58:35,106.004,3.56486,17:04:55,106.469,2.91385,5.52,89.30075,37.595,79.99849999999999,33.865500000000004,76.20499999999998,64.1215,68.06000000000012,70.96000000000004,40.24000000000001,82.2999999999999,65.0800000000001,60.0800000000001,OMLIV,2.919722222222222,106.46972222222225,69.3944444444449,47.99305555555555
147,050421set2_1_KL251.csv_1_TR250.csv,050421set2_1_KL251.csv,16:55:30,3.72198,107.306,3.40823,24.04,103.908,42,16:59:00,4.57203,106.403,2.56642,104.092,0,267,231,36.2,60.60759191915888,63.80296958795104,1,1,28.99,24.09,2,40.82,8.25,62,300,11.39,VISAT,85.01,farther,17:04:00,106.262,3.53095,105.227,3.47477,105.227,3.47477,17:06:55,105.936,3.70074,17:18:05,104.543,3.44222,8.61,68.0495,60.20575,89.30075,39.1605,63.27374999999999,67.5185,86.11999999999995,18.160000000000025,68.06000000000012,21.83999999999997,65.24000000000001,58.72000000000014,MABAL,3.473888888888889,105.20972222222224,44.1944444444448,61.84722222222222
148,050421set2_1_KL260.csv_1_QR261.csv,050421set2_1_KL260.csv,17:02:30,3.72198,107.306,1.6022,16.39,103.998,79,17:09:05,2.52356,106.535,3.18297,104.142,0,249,286,36.36,58.93564646662352,61.44978895369459,-1,-1,37.21,19.37,2,58.97,7.92,59,210,17.22,WP071,73.53,farther,17:12:25,106.139,3.25456,105.21,2.90255,105.21,2.90255,17:16:15,105.878,2.85091,17:25:55,104.663,2.69026,12.72,68.0495,15.055,38.089,54.57425,56.364,46.27275,86.11999999999995,19.960000000000093,70.69999999999993,22.83999999999992,62.77999999999992,57.56,LIPRO,2.895,105.19083333333332,43.81666666666632,47.375
149,050421set2_1_TR271.csv_1_KL270.csv,050421set2_1_TR271.csv,17:09:40,3.72198,107.306,3.40823,25.33,103.908,40,17:13:00,4.57203,106.403,2.56642,104.092,0,267,231,36.2,58.68633199627199,63.14217558857485,1,1,29.47,24.41,4,84.19,8.0,60,300,10.36,VISAT,85.6,farther,17:18:15,106.251,3.53041,105.248,3.47583,105.248,3.47583,17:20:55,105.953,3.68438,17:32:10,104.547,3.44258,9.2,68.0495,60.20575,89.30075,39.1605,63.26025,67.1095,86.11999999999995,18.160000000000025,68.06000000000012,21.83999999999997,65.0200000000001,59.06000000000006,MABAL,3.473888888888889,105.20972222222224,44.1944444444448,61.84722222222222
150,050421set2_1_GA281.csv_1_GA280.csv,050421set2_1_GA281.csv,17:16:35,4.57203,106.403,2.56642,3.61,104.092,43,17:20:10,4.19994,105.012,2.35462,107.115,0,231,131,99.94,29.236159797341045,32.79672443533271,1,1,3.98,13.94,4,61.73,4.08,31,250,6.7,KILOT,77.9,farther,17:21:55,105.951,4.08064,105.559,3.75727,105.559,3.75727,17:24:35,105.634,3.96176,17:34:50,104.698,3.06193,7.63,89.30075,39.1605,79.99849999999999,33.865500000000004,77.01599999999999,74.044,68.06000000000012,21.83999999999997,40.24000000000001,82.2999999999999,59.01999999999987,52.68000000000001,MUMSO,3.738888888888889,105.53694444444444,50.73888888888888,68.47222222222223
151,050421set2_1_KL291.csv_1_TR290.csv,050421set2_1_KL291.csv,17:23:35,4.57203,106.403,2.56642,2.6,104.092,43,17:27:10,4.19994,105.012,2.35462,107.115,0,231,131,99.94,31.782244631952604,35.343255401445646,1,1,3.42,13.94,4,61.33,4.42,33,250,6.04,KILOT,81.72,farther,17:28:35,105.983,4.10733,105.559,3.75727,105.559,3.75727,17:31:00,105.697,3.99928,17:41:45,104.704,3.06699,6.92,89.30075,39.1605,79.99849999999999,33.865500000000004,77.68325,74.982,68.06000000000012,21.83999999999997,40.24000000000001,82.2999999999999,59.66000000000008,53.940000000000055,MUMSO,3.738888888888889,105.53694444444444,50.73888888888888,68.47222222222223
152,170321set3_1_KL01.csv_1_QR00.csv,170321set3_1_KL01.csv,14:00:55,4.57262,106.403,2.5041,22.72,106.548,19,14:02:30,3.72198,107.306,1.6022,103.998,0,170,249,79.82,42.85653660858295,48.74060872219412,-1,-1,4.53,29.55,0,0.0,6.0,45,160,11.11,OMBAP,34.79,farther,14:04:40,106.245,4.14306,106.378,3.40595,106.378,3.40595,14:13:35,106.624,3.10195,14:18:10,106.546,2.52744,9.48,89.31549999999999,37.602500000000006,68.0495,15.055,78.57650000000001,52.54875,68.06000000000012,70.96000000000004,86.11999999999995,19.960000000000093,64.90000000000009,72.4799999999999,ONAPO,3.353888888888889,106.3877777777778,67.75555555555599,58.84722222222223
153,170321set3_1_QR11.csv_1_TR10.csv,170321set3_1_QR11.csv,14:07:10,4.57262,106.403,2.56699,4.37,104.093,48,14:11:10,4.19994,105.012,2.35462,107.115,0,231,131,99.94,30.52094219037804,30.946904188428704,1,1,4.37,14.4,2,56.68,4.0,30,250,7.12,KILOT,74.76,farther,14:12:50,105.926,4.06063,105.544,3.7445,105.544,3.7445,14:15:45,105.59,3.93453,14:25:30,104.699,3.06346,6.02,89.31549999999999,39.17475,79.99849999999999,33.865500000000004,76.51575,73.36325000000001,68.06000000000012,21.86000000000007,40.24000000000001,82.2999999999999,58.52000000000004,51.80000000000007,MUMSO,3.738888888888889,105.53694444444444,50.73888888888888,68.47222222222223
154,170321set3_1_SQ21.csv_1_GA20.csv,170321set3_1_SQ21.csv,14:14:35,4.57262,106.403,2.5041,20.59,106.548,23,14:16:30,3.72198,107.306,1.6022,103.998,0,170,249,79.82,44.74742913177288,48.10695426663429,-1,-1,4.87,30.28,3,64.34,6.08,46,160,6.57,OMLIV,36.07,farther,14:18:30,106.247,4.13269,106.382,3.3852,106.382,3.3852,14:23:20,106.467,3.5277,14:28:15,106.47,2.92653,6.82,89.31549999999999,37.602500000000006,68.0495,15.055,78.31725,63.1925,68.06000000000012,70.96000000000004,86.11999999999995,19.960000000000093,64.94,69.33999999999997,ONAPO,3.353888888888889,106.3877777777778,67.75555555555599,58.84722222222223
155,170321set3_1_KL31.csv_1_QR30.csv,170321set3_1_KL31.csv,14:22:00,4.57262,106.403,2.5041,19.44,106.548,18,14:23:30,3.72198,107.306,1.6022,103.998,0,170,249,79.82,43.50537086152511,50.0079185254296,-1,-1,3.86,29.55,4,74.68,6.17,46,160,6.63,OMLIV,37.95,farther,14:25:45,106.241,4.16374,106.378,3.40595,106.378,3.40595,14:30:45,106.462,3.55912,14:35:45,106.47,2.92659,9.38,89.31549999999999,37.602500000000006,68.0495,15.055,79.09349999999999,63.978,68.06000000000012,70.96000000000004,86.11999999999995,19.960000000000093,64.82,69.24000000000007,ONAPO,3.353888888888889,106.3877777777778,67.75555555555599,58.84722222222223
156,170321set3_1_TR41.csv_1_SQ40.csv,170321set3_1_TR41.csv,14:28:25,4.57262,106.403,2.5041,20.9,106.548,25,14:30:30,3.72198,107.306,1.6022,103.998,0,170,249,79.82,45.39627651359816,47.47330012432315,-1,-1,5.2,30.65,3,60.22,6.08,46,160,6.63,OMLIV,35.42,farther,14:32:20,106.249,4.12232,106.384,3.37483,106.384,3.37483,14:37:20,106.47,3.5177,14:41:40,106.47,2.92736,5.98,89.31549999999999,37.602500000000006,68.0495,15.055,78.058,62.9425,68.06000000000012,70.96000000000004,86.11999999999995,19.960000000000093,64.9799999999999,69.39999999999998,ONAPO,3.353888888888889,106.3877777777778,67.75555555555599,58.84722222222223
157,170321set3_1_QR51.csv_1_GA50.csv,170321set3_1_QR51.csv,14:42:05,2.52356,106.535,3.18297,26.76,104.142,0,14:35:15,3.72198,107.306,1.6022,103.998,82,286,249,36.36,52.58185270971545,51.97494347411856,1,1,4.04,18.68,2,61.06,6.92,52,300,8.79,KILOT,50.09,closer,14:46:15,106.016,2.66782,105.181,2.8977,105.181,2.8977,14:51:05,105.513,2.95675,14:57:50,104.682,3.0369,3.06,38.089,54.57425,68.0495,15.055,41.6955,48.91875,70.69999999999993,22.83999999999992,86.11999999999995,19.960000000000093,60.32000000000011,50.260000000000105,LIPRO,2.895,105.19083333333332,43.81666666666632,47.375
158,170321set3_1_GA61.csv_1_3K60.csv,170321set3_1_GA61.csv,14:43:40,4.57262,106.403,2.5041,37.3,106.548,0,14:42:30,4.19994,105.012,2.35462,107.115,14,170,131,37.29,62.52721697644607,58.801203561500216,1,1,13.78,11.77,3,79.41,8.0,60,220,19.81,OMLIV,44.13,closer,14:49:40,106.287,3.87193,106.476,2.88762,106.476,2.88762,14:53:30,106.025,3.4982,14:59:30,106.47,2.91264,9.85,89.31549999999999,37.602500000000006,79.99849999999999,33.865500000000004,71.79825,62.455000000000005,68.06000000000012,70.96000000000004,40.24000000000001,82.2999999999999,65.74000000000012,60.500000000000114,OMLIV,2.919722222222222,106.46972222222225,69.3944444444449,47.99305555555555
159,170321set3_1_SQ71.csv_1_PR70.csv,170321set3_1_SQ71.csv,14:49:35,4.57262,106.403,2.5041,19.57,106.548,23,14:51:30,3.72198,107.306,1.6022,103.998,0,170,249,79.82,42.20748637993895,45.57233970754738,-1,-1,6.21,30.28,4,74.81,5.75,43,160,5.63,OMLIV,38.6,farther,14:54:00,106.255,4.09122,106.382,3.3852,106.382,3.3852,14:58:30,106.442,3.57544,15:03:35,106.469,2.93261,5.9,89.31549999999999,37.602500000000006,68.0495,15.055,77.28049999999999,64.386,68.06000000000012,70.96000000000004,86.11999999999995,19.960000000000093,65.09999999999991,68.83999999999986,ONAPO,3.353888888888889,106.3877777777778,67.75555555555599,58.84722222222223
160,170321set3_1_3K81.csv_1_TR80.csv,170321set3_1_3K81.csv,14:56:40,3.72198,107.306,3.40823,19.35,103.908,40,15:00:00,4.57262,106.403,2.56699,104.093,0,267,231,36.2,41.02203150409833,45.44522443852005,1,1,34.97,24.41,2,41.86,5.67,43,300,11.39,VISAT,67.25,farther,15:07:30,105.956,3.51539,105.248,3.47583,105.248,3.47583,15:10:30,105.63,3.68518,15:19:40,104.536,3.4413,10.55,68.0495,60.20575,89.31549999999999,39.17475,62.88475,67.1295,86.11999999999995,18.160000000000025,68.06000000000012,21.86000000000007,59.12000000000006,52.59999999999991,MABAL,3.473888888888889,105.20972222222224,44.1944444444448,61.84722222222222
161,170321set3_1_QR91.csv_1_QR90.csv,170321set3_1_QR91.csv,15:03:10,4.57262,106.403,2.5041,23.57,106.548,28,15:05:30,3.72198,107.306,1.6022,103.998,0,170,249,79.82,46.638385686077655,46.83964630797359,-1,-1,5.54,31.38,3,50.48,6.17,46,160,7.38,OMLIV,30.37,farther,15:07:10,106.251,4.11195,106.388,3.35408,106.388,3.35408,15:13:00,106.499,3.42767,15:17:15,106.47,2.92238,5.22,89.31549999999999,37.602500000000006,68.0495,15.055,77.79875000000001,60.69175,68.06000000000012,70.96000000000004,86.11999999999995,19.960000000000093,65.0200000000001,69.9799999999999,ONAPO,3.353888888888889,106.3877777777778,67.75555555555599,58.84722222222223
162,170321set3_1_PR101.csv_1_KL100.csv,170321set3_1_PR101.csv,15:10:45,3.72198,107.306,3.40823,19.39,103.908,39,15:14:00,4.57262,106.403,2.56699,104.093,0,267,231,36.2,46.108324279193575,51.15258649048226,1,1,36.71,24.41,2,45.71,6.42,48,300,12.43,VISAT,71.01,farther,15:21:20,106.051,3.52022,105.248,3.47583,105.248,3.47583,15:24:30,105.697,3.70583,15:34:05,104.543,3.44291,11.63,68.0495,60.20575,89.31549999999999,39.17475,63.005500000000005,67.64575,86.11999999999995,18.160000000000025,68.06000000000012,21.86000000000007,61.02000000000004,53.940000000000055,MABAL,3.473888888888889,105.20972222222224,44.1944444444448,61.84722222222222
163,170321set3_1_3K111.csv_1_QR110.csv,170321set3_1_3K111.csv,15:18:40,4.57262,106.403,2.5041,27.2,106.548,0,15:17:05,4.19994,105.012,2.35462,107.115,19,170,131,37.29,65.7083337462399,65.12613400913192,1,1,10.37,13.67,3,63.18,8.58,64,230,18.14,OMLIV,52.51,closer,15:23:55,106.268,3.97562,106.47,2.91872,106.47,2.91872,15:27:00,106.019,3.6811,15:34:15,106.465,2.92816,11.99,89.31549999999999,37.602500000000006,79.99849999999999,33.865500000000004,74.3905,67.02749999999999,68.06000000000012,70.96000000000004,40.24000000000001,82.2999999999999,65.36000000000001,60.38000000000011,OMLIV,2.919722222222222,106.46972222222225,69.3944444444449,47.99305555555555
164,170321set3_1_3K121.csv_1_GA120.csv,170321set3_1_3K121.csv,15:24:25,3.72198,107.306,3.40823,16.55,103.908,43,15:28:00,4.57262,106.403,2.56699,104.093,0,267,231,36.2,42.94105272375406,45.44522443852005,1,1,34.97,24.09,1,52.32,5.83,44,300,13.45,VISAT,64.68,farther,15:35:40,105.956,3.51539,105.227,3.47477,105.227,3.47477,15:39:00,105.575,3.71682,15:47:30,104.533,3.44081,9.93,68.0495,60.20575,89.31549999999999,39.17475,62.88475,67.92049999999999,86.11999999999995,18.160000000000025,68.06000000000012,21.86000000000007,59.12000000000006,51.50000000000006,MABAL,3.473888888888889,105.20972222222224,44.1944444444448,61.84722222222222
165,170321set3_1_TR130.csv_1_KL131.csv,170321set3_1_TR130.csv,15:31:35,3.72198,107.306,1.6022,20.21,103.998,78,15:38:05,2.52356,106.535,3.18297,104.142,0,249,286,36.36,38.02402235555442,41.20379937784072,-1,-1,33.66,19.37,3,58.41,5.25,39,190,11.84,WP071,63.33,farther,15:44:15,105.824,3.13358,105.21,2.90255,105.21,2.90255,15:46:30,105.714,2.88426,15:54:50,104.676,2.69278,11.64,68.0495,15.055,38.089,54.57425,53.3395,47.1065,86.11999999999995,19.960000000000093,70.69999999999993,22.83999999999992,56.47999999999996,54.27999999999997,LIPRO,2.895,105.19083333333332,43.81666666666632,47.375
166,170321set3_1_TR141.csv_1_3K140.csv,170321set3_1_TR141.csv,15:38:50,3.72198,107.306,3.40823,21.35,103.908,38,15:42:00,4.57262,106.403,2.56699,104.093,0,267,231,36.2,36.56024871642266,42.26113123828975,1,1,34.17,24.73,3,53.63,5.08,38,300,9.33,VISAT,66.59,farther,15:50:05,105.903,3.51271,105.269,3.4769,105.269,3.4769,15:52:35,105.632,3.65085,16:01:15,104.542,3.44203,10.44,68.0495,60.20575,89.31549999999999,39.17475,62.81775,66.27125000000001,86.11999999999995,18.160000000000025,68.06000000000012,21.86000000000007,58.06000000000012,52.6400000000001,MABAL,3.473888888888889,105.20972222222224,44.1944444444448,61.84722222222222
167,170321set3_1_SQ151.csv_1_GA150.csv,170321set3_1_SQ151.csv,15:45:35,4.57262,106.403,2.5041,20.23,106.548,23,15:47:30,3.72198,107.306,1.6022,103.998,0,170,249,79.82,45.39627651359816,48.74060872219412,-1,-1,4.53,30.28,4,67.49,6.17,46,160,6.57,OMLIV,36.7,farther,15:49:25,106.245,4.14306,106.382,3.3852,106.382,3.3852,15:54:30,106.465,3.53807,15:59:24,106.47,2.92636,6.74,89.31549999999999,37.602500000000006,68.0495,15.055,78.57650000000001,63.45175,68.06000000000012,70.96000000000004,86.11999999999995,19.960000000000093,64.90000000000009,69.30000000000007,ONAPO,3.353888888888889,106.3877777777778,67.75555555555599,58.84722222222223
168,170321set3_1_3K160.csv_1_PR161.csv,170321set3_1_3K160.csv,15:52:55,3.72198,107.306,1.6022,20.66,103.998,74,15:59:05,2.52356,106.535,3.18297,104.142,0,249,286,36.36,41.82494919654487,47.50624312674944,-1,-1,34.77,20.46,2,46.42,5.83,44,210,11.64,WP071,64.57,farther,16:04:45,105.922,3.17139,105.24,2.9139,105.24,2.9139,16:07:35,105.734,2.89563,16:16:00,104.677,2.69309,12.23,68.0495,15.055,38.089,54.57425,54.28475,47.39075,86.11999999999995,19.960000000000093,70.69999999999993,22.83999999999992,58.43999999999994,54.67999999999989,LIPRO,2.895,105.19083333333332,43.81666666666632,47.375
169,170321set3_1_PR171.csv_1_GA170.csv,170321set3_1_PR171.csv,15:59:35,3.72198,107.306,3.40823,21.24,103.908,41,16:03:00,4.57262,106.403,2.56699,104.093,0,267,231,36.2,43.56517763396879,47.36765294437798,1,1,35.45,24.41,3,57.8,5.92,44,300,10.36,VISAT,70.42,farther,16:10:30,105.987,3.517,105.248,3.47583,105.248,3.47583,16:13:05,105.689,3.67097,16:22:20,104.538,3.44147,9.14,68.0495,60.20575,89.31549999999999,39.17475,62.925,66.77425,86.11999999999995,18.160000000000025,68.06000000000012,21.86000000000007,59.739999999999895,53.77999999999986,MABAL,3.473888888888889,105.20972222222224,44.1944444444448,61.84722222222222
170,170321set3_1_PR181.csv_1_TR180.csv,170321set3_1_PR181.csv,16:06:45,3.72198,107.306,3.40823,20.89,103.908,39,16:10:00,4.57262,106.403,2.56699,104.093,0,267,231,36.2,39.10339216695467,44.18355975078797,1,1,34.65,24.41,5,58.89,5.5,41,300,10.02,VISAT,67.19,farther,16:17:45,105.935,3.51432,105.248,3.47583,105.248,3.47583,16:20:15,105.645,3.66301,16:29:10,104.547,3.44314,10.23,68.0495,60.20575,89.31549999999999,39.17475,62.858,66.57525,86.11999999999995,18.160000000000025,68.06000000000012,21.86000000000007,58.700000000000045,52.89999999999992,MABAL,3.473888888888889,105.20972222222224,44.1944444444448,61.84722222222222
171,170321set3_1_QR191.csv_1_KL190.csv,170321set3_1_QR191.csv,16:14:40,4.57262,106.403,2.5041,36.34,106.548,0,16:13:15,4.19994,105.012,2.35462,107.115,17,170,131,37.29,57.48171242527268,55.63350388548739,1,1,15.47,13.04,4,78.4,7.42,56,230,18.19,OMLIV,44.23,closer,16:21:00,106.297,3.82009,106.472,2.90835,106.472,2.90835,16:24:20,106.048,3.52557,16:30:05,106.468,2.91971,11.51,89.31549999999999,37.602500000000006,79.99849999999999,33.865500000000004,70.50225,63.13925,68.06000000000012,70.96000000000004,40.24000000000001,82.2999999999999,65.93999999999994,60.96000000000004,OMLIV,2.919722222222222,106.46972222222225,69.3944444444449,47.99305555555555
172,170321set3_1_GA201.csv_1_KL200.csv,170321set3_1_GA201.csv,16:20:35,4.57262,106.403,2.56699,4.88,104.093,43,16:24:10,4.19994,105.012,2.35462,107.115,0,231,131,99.94,25.473866690426263,29.02789607061693,1,1,4.76,13.93,4,69.33,3.58,27,250,5.68,MABAL,36.75,farther,16:26:30,105.901,4.04061,105.56,3.75777,105.56,3.75777,16:28:45,105.635,3.93977,16:33:35,105.222,3.48748,6.37,89.31549999999999,39.17475,79.99849999999999,33.865500000000004,76.01525,73.49425000000001,68.06000000000012,21.86000000000007,40.24000000000001,82.2999999999999,58.019999999999925,52.7000000000001,MUMSO,3.738888888888889,105.53694444444444,50.73888888888888,68.47222222222223
173,170321set3_1_GA211.csv_1_3K210.csv,170321set3_1_GA211.csv,16:28:40,4.57262,106.403,2.5041,32.57,106.548,0,16:27:30,4.19994,105.012,2.35462,107.115,14,170,131,37.29,62.52721697644607,58.801203561500216,1,1,13.78,11.77,2,57.2,8.0,60,230,15.4,OMLIV,47.44,closer,16:34:40,106.287,3.87193,106.476,2.88762,106.476,2.88762,16:37:25,106.079,3.61132,16:43:45,106.467,2.92246,6.62,89.31549999999999,37.602500000000006,79.99849999999999,33.865500000000004,71.79825,65.283,68.06000000000012,70.96000000000004,40.24000000000001,82.2999999999999,65.74000000000012,61.57999999999987,OMLIV,2.919722222222222,106.46972222222225,69.3944444444449,47.99305555555555
174,170321set3_1_KL220.csv_1_PR221.csv,170321set3_1_KL220.csv,16:34:15,3.72198,107.306,1.6022,20.65,103.998,82,16:41:05,2.52356,106.535,3.18297,104.142,0,249,286,36.36,43.13033375749033,43.71348663557763,-1,-1,34.11,18.66,1,57.68,5.75,43,190,11.85,WP071,65.92,farther,16:46:40,105.863,3.14871,105.191,2.89499,105.191,2.89499,16:48:55,105.754,2.89938,16:57:45,104.675,2.69283,9.01,68.0495,15.055,38.089,54.57425,53.71775,47.4845,86.11999999999995,19.960000000000093,70.69999999999993,22.83999999999992,57.25999999999999,55.0800000000001,LIPRO,2.895,105.19083333333332,43.81666666666632,47.375
175,170321set3_1_PR231.csv_1_KL230.csv,170321set3_1_PR231.csv,16:41:55,3.72198,107.306,3.40823,16.87,103.908,37,16:45:00,4.57262,106.403,2.56699,104.093,0,267,231,36.2,42.27028797197092,48.62928735211578,1,1,35.82,24.73,4,55.19,5.92,44,300,13.8,VISAT,67.17,farther,16:52:25,106.008,3.51807,105.269,3.4769,105.269,3.4769,16:56:05,105.618,3.72478,17:04:45,104.535,3.44131,13.63,68.0495,60.20575,89.31549999999999,39.17475,62.95175,68.1195,86.11999999999995,18.160000000000025,68.06000000000012,21.86000000000007,60.15999999999991,52.3599999999999,MABAL,3.473888888888889,105.20972222222224,44.1944444444448,61.84722222222222
176,170321set3_1_SQ241.csv_1_KL240.csv,170321set3_1_SQ241.csv,16:49:40,4.57262,106.403,2.5041,34.78,106.548,0,16:49:00,4.19994,105.012,2.35462,107.115,8,170,131,37.29,61.89059799186093,54.36618949106157,1,1,16.14,9.87,4,83.75,7.67,58,240,17.68,OMLIV,45.51,closer,16:56:25,106.301,3.79935,106.482,2.85653,106.482,2.85653,16:59:25,106.051,3.55578,17:05:10,106.467,2.92162,6.63,89.31549999999999,37.602500000000006,79.99849999999999,33.865500000000004,69.98375,63.8945,68.06000000000012,70.96000000000004,40.24000000000001,82.2999999999999,66.02000000000004,61.02000000000004,OMLIV,2.919722222222222,106.46972222222225,69.3944444444449,47.99305555555555
177,170321set3_1_TR251.csv_1_GA250.csv,170321set3_1_TR251.csv,16:55:55,3.72198,107.306,3.40823,20.06,103.908,37,16:59:00,4.57262,106.403,2.56699,104.093,0,267,231,36.2,30.897224043855843,37.21456344574156,1,1,32.87,24.73,0,0.0,4.42,33,300,9.33,VISAT,61.47,farther,17:07:55,105.818,3.50841,105.269,3.4769,105.269,3.4769,17:10:20,105.547,3.64656,17:18:25,104.543,3.44241,11.26,68.0495,60.20575,89.31549999999999,39.17475,62.71025,66.164,86.11999999999995,18.160000000000025,68.06000000000012,21.86000000000007,56.35999999999996,50.93999999999994,MABAL,3.473888888888889,105.20972222222224,44.1944444444448,61.84722222222222
178,170321set3_1_PR271.csv_1_TR270.csv,170321set3_1_PR271.csv,17:10:00,4.57262,106.403,2.5041,21.53,106.548,18,17:11:30,3.72198,107.306,1.6022,103.998,0,170,249,79.82,38.42596742506572,44.93868695258133,-1,-1,6.55,29.55,2,86.15,5.5,41,160,6.32,OMLIV,34.79,farther,17:14:10,106.257,4.08085,106.378,3.40595,106.378,3.40595,17:19:05,106.467,3.50596,17:23:40,106.47,2.92616,9.49,89.31549999999999,37.602500000000006,68.0495,15.055,77.02125,62.649,68.06000000000012,70.96000000000004,86.11999999999995,19.960000000000093,65.1400000000001,69.33999999999997,ONAPO,3.353888888888889,106.3877777777778,67.75555555555599,58.84722222222223
179,170321set3_1_PR280.csv_1_TR281.csv,170321set3_1_PR280.csv,17:16:05,3.72198,107.306,1.6022,21.13,103.998,84,17:23:05,2.52356,106.535,3.18297,104.142,0,249,286,36.36,43.75421906202041,43.07206011446553,-1,-1,34.0,18.3,2,47.18,5.75,43,190,11.31,WP071,65.89,closer,17:28:25,105.853,3.14492,105.181,2.89119,105.181,2.89119,17:30:35,105.746,2.90599,17:39:15,104.669,2.69167,7.32,68.0495,15.055,38.089,54.57425,53.623,47.64975,86.11999999999995,19.960000000000093,70.69999999999993,22.83999999999992,57.05999999999989,54.9199999999999,LIPRO,2.895,105.19083333333332,43.81666666666632,47.375
180,170321set3_1_KL291.csv_1_3K290.csv,170321set3_1_KL291.csv,17:23:40,4.57262,106.403,2.56699,2.91,104.093,42,17:27:10,4.19994,105.012,2.35462,107.115,0,231,131,99.94,30.52094219037804,34.737932393070814,1,1,3.56,13.7,3,74.93,4.25,32,250,6.71,KILOT,79.82,farther,17:28:45,105.975,4.10066,105.568,3.76442,105.568,3.76442,17:31:25,105.659,3.98178,17:41:55,104.698,3.06181,7.96,89.31549999999999,39.17475,79.99849999999999,33.865500000000004,77.51650000000001,74.5445,68.06000000000012,21.86000000000007,40.24000000000001,82.2999999999999,59.499999999999886,53.18000000000012,MUMSO,3.738888888888889,105.53694444444444,50.73888888888888,68.47222222222223
181,030321set1_1_TR01.csv_1_KL00.csv,030321set1_1_TR01.csv,14:00:25,4.57262,106.403,2.5041,16.54,106.548,25,14:02:30,3.72198,107.306,1.6022,103.998,0,170,249,79.82,28.28359707138572,30.388407339427864,-1,-1,14.39,30.65,0,0.0,3.83,29,140,7.81,OMLIV,41.13,farther,14:06:40,106.301,3.84222,106.384,3.37483,106.384,3.37483,14:08:55,106.472,3.61667,14:14:20,106.47,2.9311,7.18,89.31549999999999,37.602500000000006,68.0495,15.055,71.05550000000001,65.41675000000001,68.06000000000012,70.96000000000004,86.11999999999995,19.960000000000093,66.02000000000004,69.43999999999988,ONAPO,3.353888888888889,106.3877777777778,67.75555555555599,58.84722222222223
182,030321set1_1_TR11.csv_1_TR10.csv,030321set1_1_TR11.csv,14:08:40,4.57262,106.403,2.5041,25.55,106.548,0,14:07:40,4.19994,105.012,2.35462,107.115,12,170,131,37.29,67.61740141924855,62.59209747428363,1,1,11.72,11.14,2,56.26,8.58,64,250,17.14,OMLIV,54.42,closer,14:14:10,106.276,3.93414,106.478,2.87726,106.478,2.87726,14:17:00,106.03,3.71757,14:24:10,106.467,2.9228,9.12,89.31549999999999,37.602500000000006,79.99849999999999,33.865500000000004,73.35350000000001,67.93925,68.06000000000012,70.96000000000004,40.24000000000001,82.2999999999999,65.51999999999992,60.60000000000002,OMLIV,2.919722222222222,106.46972222222225,69.3944444444449,47.99305555555555
183,030321set1_1_KL20.csv_1_KL21.csv,030321set1_1_KL20.csv,14:14:55,3.72198,107.306,1.6022,23.6,103.998,74,14:21:05,2.52356,106.535,3.18297,104.142,0,249,286,36.36,54.52180268943992,60.22274165739691,-1,-1,36.98,20.46,1,44.09,7.5,56,190,12.28,WP071,84.91,farther,14:25:00,106.12,3.247,105.24,2.9139,105.24,2.9139,14:27:10,106.056,3.00747,14:38:20,104.676,2.69361,15.43,68.0495,15.055,38.089,54.57425,56.175,50.18675,86.11999999999995,19.960000000000093,70.69999999999993,22.83999999999992,62.40000000000009,61.11999999999995,LIPRO,2.895,105.19083333333332,43.81666666666632,47.375
184,030321set1_1_GA30.csv_1_KL31.csv,030321set1_1_GA30.csv,14:22:00,3.72198,107.306,1.6022,27.1,103.998,73,14:28:05,2.52356,106.535,3.18297,104.142,0,249,286,36.36,58.93564646662352,65.29856688245108,-1,-1,37.88,20.82,2,57.24,8.08,61,210,8.86,WP071,84.97,farther,14:31:25,106.198,3.27725,105.25,2.91768,105.25,2.91768,14:33:30,106.048,3.06543,14:44:40,104.681,2.69582,10.38,68.0495,15.055,38.089,54.57425,56.93125,51.63575,86.11999999999995,19.960000000000093,70.69999999999993,22.83999999999992,63.959999999999866,60.96000000000004,LIPRO,2.895,105.19083333333332,43.81666666666632,47.375
185,030321set1_1_KL41.csv_1_QR40.csv,030321set1_1_KL41.csv,14:29:40,4.57262,106.403,2.5041,35.43,106.548,0,14:28:50,4.19994,105.012,2.35462,107.115,10,170,131,37.29,58.11833222014526,51.831563340699326,1,1,17.49,10.51,4,89.25,7.25,54,250,15.31,OMLIV,44.27,closer,14:36:35,106.309,3.75788,106.48,2.86689,106.48,2.86689,14:39:10,106.092,3.55213,14:45:00,106.469,2.9178,6.3,89.31549999999999,37.602500000000006,79.99849999999999,33.865500000000004,68.947,63.80325,68.06000000000012,70.96000000000004,40.24000000000001,82.2999999999999,66.17999999999995,61.839999999999975,OMLIV,2.919722222222222,106.46972222222225,69.3944444444449,47.99305555555555
186,030321set1_1_PR51.csv_1_PR50.csv,030321set1_1_PR51.csv,14:36:40,4.57262,106.403,2.5041,30.4,106.548,0,14:35:45,4.19994,105.012,2.35462,107.115,11,170,131,37.29,63.16344002630862,57.53447696272512,1,1,14.46,11.14,4,79.27,7.92,59,250,17.14,OMLIV,49.35,closer,14:42:50,106.291,3.85119,106.478,2.87726,106.478,2.87726,14:45:40,106.045,3.63462,14:52:10,106.465,2.9275,8.82,89.31549999999999,37.602500000000006,79.99849999999999,33.865500000000004,71.27974999999999,65.8655,68.06000000000012,70.96000000000004,40.24000000000001,82.2999999999999,65.81999999999994,60.900000000000034,OMLIV,2.919722222222222,106.46972222222225,69.3944444444449,47.99305555555555
187,030321set1_1_3K61.csv_1_3K60.csv,030321set1_1_3K61.csv,14:42:55,3.72198,107.306,3.40823,21.42,103.908,37,14:46:00,4.57262,106.403,2.56699,104.093,0,267,231,36.2,50.5238498647563,56.85994858549379,1,1,34.17,24.73,1,50.36,7.0,52,330,14.01,VISAT,84.93,farther,14:52:20,106.146,3.52505,105.269,3.4769,105.269,3.4769,14:54:55,105.926,3.74382,15:06:05,104.543,3.44259,16.39,68.0495,60.20575,89.31549999999999,39.17475,63.12624999999999,68.5955,86.11999999999995,18.160000000000025,68.06000000000012,21.86000000000007,62.920000000000016,58.52000000000004,MABAL,3.473888888888889,105.20972222222224,44.1944444444448,61.84722222222222
188,030321set1_1_TR70.csv_1_3K71.csv,030321set1_1_TR70.csv,14:49:30,3.72198,107.306,1.6022,24.06,103.998,79,14:56:05,2.52356,106.535,3.18297,104.142,0,249,286,36.36,57.69110569792702,60.22274165739691,-1,-1,36.98,19.37,2,57.44,7.75,58,200,11.09,WP071,80.44,farther,14:59:35,106.12,3.247,105.21,2.90255,105.21,2.90255,15:01:50,105.987,3.00208,15:12:25,104.682,2.69504,8.94,68.0495,15.055,38.089,54.57425,56.175,50.052,86.11999999999995,19.960000000000093,70.69999999999993,22.83999999999992,62.40000000000009,59.739999999999895,LIPRO,2.895,105.19083333333332,43.81666666666632,47.375
189,030321set1_1_3K81.csv_1_SQ80.csv,030321set1_1_3K81.csv,14:57:40,4.57262,106.403,2.5041,34.74,106.548,0,14:56:45,4.19994,105.012,2.35462,107.115,11,170,131,37.29,58.75455620995508,53.098875955141175,1,1,16.81,11.14,4,87.64,7.33,55,250,16.51,OMLIV,45.53,closer,15:04:25,106.305,3.77861,106.478,2.87726,106.478,2.87726,15:07:10,106.069,3.56565,15:13:10,106.468,2.92026,8.37,89.31549999999999,37.602500000000006,79.99849999999999,33.865500000000004,69.46525,64.14125,68.06000000000012,70.96000000000004,40.24000000000001,82.2999999999999,66.10000000000014,61.38000000000005,OMLIV,2.919722222222222,106.46972222222225,69.3944444444449,47.99305555555555
190,030321set1_1_PR91.csv_1_KL90.csv,030321set1_1_PR91.csv,15:04:40,4.57262,106.403,2.5041,34.28,106.548,0,15:03:05,4.19994,105.012,2.35462,107.115,19,170,131,37.29,53.66437277036288,53.098875955141175,1,1,16.81,13.67,4,81.16,7.0,52,250,15.25,OMLIV,45.51,closer,15:11:25,106.305,3.77861,106.47,2.91872,106.47,2.91872,15:13:55,106.087,3.58335,15:19:55,106.466,2.92626,11.85,89.31549999999999,37.602500000000006,79.99849999999999,33.865500000000004,69.46525,64.58375,68.06000000000012,70.96000000000004,40.24000000000001,82.2999999999999,66.10000000000014,61.74000000000007,OMLIV,2.919722222222222,106.46972222222225,69.3944444444449,47.99305555555555
191,030321set1_1_3K101.csv_1_PR100.csv,030321set1_1_3K101.csv,15:10:50,3.72198,107.306,3.40823,21.83,103.908,38,15:14:00,4.57262,106.403,2.56699,104.093,0,267,231,36.2,54.31525210493369,60.04401149666885,1,1,31.8,24.73,2,50.64,7.42,56,340,15.54,VISAT,90.06,farther,15:19:50,106.198,3.52773,105.269,3.4769,105.269,3.4769,15:22:30,106.003,3.77339,15:34:20,104.539,3.442,18.16,68.0495,60.20575,89.31549999999999,39.17475,63.19325,69.33475,86.11999999999995,18.160000000000025,68.06000000000012,21.86000000000007,63.959999999999866,60.06,MABAL,3.473888888888889,105.20972222222224,44.1944444444448,61.84722222222222
192,030321set1_1_3K111.csv_1_KL110.csv,030321set1_1_3K111.csv,15:17:40,3.72198,107.306,3.40823,21.24,103.908,40,15:21:00,4.57262,106.403,2.56699,104.093,0,267,231,36.2,56.23426782241856,60.64488225359271,1,1,31.32,24.41,2,55.1,7.67,58,330,15.69,VISAT,88.73,farther,15:26:35,106.209,3.52827,105.248,3.47583,105.248,3.47583,15:29:20,105.984,3.7748,15:41:00,104.543,3.44279,15.97,68.0495,60.20575,89.31549999999999,39.17475,63.20675,69.37,86.11999999999995,18.160000000000025,68.06000000000012,21.86000000000007,64.18000000000006,59.67999999999989,MABAL,3.473888888888889,105.20972222222224,44.1944444444448,61.84722222222222
193,030321set1_1_SQ120.csv_1_QR121.csv,030321set1_1_SQ120.csv,15:28:00,4.57262,106.403,2.56699,23.21,104.093,0,15:24:10,3.72198,107.306,3.40823,103.908,46,231,267,36.2,56.85994858549379,56.23426782241856,-1,-1,5.04,23.88,4,76.52,7.42,56,190,14.14,PEKLA,122.29,closer,15:33:35,105.934,4.05229,105.207,3.472,105.207,3.472,15:36:35,105.847,3.68654,15:52:40,104.128,2.59147,8.03,89.31549999999999,39.17475,68.0495,60.20575,76.30725000000001,67.1635,68.06000000000012,21.86000000000007,86.11999999999995,18.160000000000025,58.67999999999995,56.93999999999989,MABAL,3.473888888888889,105.20972222222224,44.1944444444448,61.84722222222222
194,030321set1_1_KL130.csv_1_GA131.csv,030321set1_1_KL130.csv,15:35:00,4.57262,106.403,2.56699,38.05,104.093,0,15:31:25,3.72198,107.306,3.40823,103.908,43,231,267,36.2,47.36765294437798,44.81343208000665,-1,-1,8.05,24.35,3,57.7,6.08,46,190,22.04,PEKLA,104.52,closer,15:42:05,105.786,3.93219,105.191,3.45868,105.191,3.45868,15:46:40,105.664,3.36908,16:00:25,104.111,2.58008,7.51,89.31549999999999,39.17475,68.0495,60.20575,73.30475,59.227,68.06000000000012,21.86000000000007,86.11999999999995,18.160000000000025,55.72000000000003,53.28000000000003,MABAL,3.473888888888889,105.20972222222224,44.1944444444448,61.84722222222222
195,030321set1_1_KL140.csv_1_3K141.csv,030321set1_1_KL140.csv,15:38:15,3.72198,107.306,1.6022,16.25,103.998,82,15:45:05,2.52356,106.535,3.18297,104.142,0,249,286,36.36,45.0018283117111,45.6379823625348,-1,-1,34.43,18.66,2,57.32,6.0,45,190,16.19,WP071,66.57,farther,15:50:15,105.893,3.16005,105.191,2.89499,105.191,2.89499,15:53:10,105.769,2.82763,16:01:55,104.668,2.69089,13.1,68.0495,15.055,38.089,54.57425,54.00125,45.69075,86.11999999999995,19.960000000000093,70.69999999999993,22.83999999999992,57.860000000000014,55.38000000000011,LIPRO,2.895,105.19083333333332,43.81666666666632,47.375
196,100621set2_1_GA00.csv_1_TR01.csv,100621set2_1_GA00.csv,14:00:10,3.72198,107.306,1.6022,21.82,103.998,83,14:07:05,2.52356,106.535,3.18297,104.142,0,249,286,36.36,62.78600578716711,62.73264274748077,-1,-1,37.43,18.66,0,0.0,8.25,62,220,11.99,WP071,73.48,closer,14:09:55,106.159,3.26212,105.191,2.89499,105.191,2.89499,14:13:20,105.871,2.94179,14:23:00,104.672,2.69243,5.58,68.0495,15.055,38.089,54.57425,56.553,48.54475,86.11999999999995,19.960000000000093,70.69999999999993,22.83999999999992,63.18000000000012,57.4199999999999,LIPRO,2.895,105.19083333333332,43.81666666666632,47.375
197,100621set2_1_GA11.csv_1_GA10.csv,100621set2_1_GA11.csv,14:07:40,3.72198,107.306,3.40823,22.74,103.908,40,14:11:00,4.57203,106.403,2.56642,104.092,0,267,231,36.2,58.06105500137009,62.54130480303191,1,1,29.91,24.41,2,62.9,7.92,59,300,12.08,VISAT,83.06,farther,14:16:20,106.241,3.52988,105.248,3.47583,105.248,3.47583,14:19:25,105.896,3.71022,14:30:20,104.538,3.44142,10.3,68.0495,60.20575,89.30075,39.1605,63.247,67.7555,86.11999999999995,18.160000000000025,68.06000000000012,21.83999999999997,64.82,57.920000000000016,MABAL,3.473888888888889,105.20972222222224,44.1944444444448,61.84722222222222
198,100621set2_1_SQ21.csv_1_GA20.csv,100621set2_1_SQ21.csv,14:15:40,4.57203,106.403,2.5038,20.1,106.548,0,14:14:15,4.19994,105.012,2.35462,107.115,17,170,131,37.29,71.42883817128785,69.53528004459403,1,1,8.02,13.02,4,75.31,9.25,69,240,15.85,OMLIV,59.48,closer,14:20:15,106.254,4.0482,106.472,2.90804,106.472,2.90804,14:22:55,106.032,3.82045,14:30:45,106.465,2.92874,9.43,89.30075,37.595,79.99849999999999,33.865500000000004,76.20499999999998,70.51125,68.06000000000012,70.96000000000004,40.24000000000001,82.2999999999999,65.0800000000001,60.63999999999993,OMLIV,2.919722222222222,106.46972222222225,69.3944444444449,47.99305555555555
199,100621set2_1_KL31.csv_1_TR30.csv,100621set2_1_KL31.csv,14:22:40,4.57203,106.403,2.5038,24.93,106.548,0,14:21:40,4.19994,105.012,2.35462,107.115,12,170,131,37.29,69.52016425469644,64.46660998880566,1,1,10.71,11.12,4,75.69,8.83,66,240,15.26,OMLIV,55.03,closer,14:27:55,106.27,3.96525,106.478,2.87694,106.478,2.87694,14:30:30,106.057,3.74278,14:37:45,106.467,2.92231,5.95,89.30075,37.595,79.99849999999999,33.865500000000004,74.13125000000001,68.5695,68.06000000000012,70.96000000000004,40.24000000000001,82.2999999999999,65.39999999999992,61.14000000000004,OMLIV,2.919722222222222,106.46972222222225,69.3944444444449,47.99305555555555
200,100621set2_1_3K41.csv_1_3K40.csv,100621set2_1_3K41.csv,14:28:10,4.57203,106.403,2.5038,24.35,106.548,28,14:30:30,3.72198,107.306,1.6022,103.998,0,170,249,79.82,37.1319752125564,37.32586202244968,-1,-1,10.63,31.39,2,43.66,4.92,37,160,5.64,OMLIV,30.37,farther,14:33:30,106.28,3.95642,106.388,3.35375,106.388,3.35375,14:37:50,106.467,3.44064,14:41:50,106.47,2.9344,4.08,89.30075,37.595,68.0495,15.055,73.9105,61.016000000000005,68.06000000000012,70.96000000000004,86.11999999999995,19.960000000000093,65.60000000000002,69.33999999999997,ONAPO,3.353888888888889,106.3877777777778,67.75555555555599,58.84722222222223
201,100621set2_1_QR51.csv_1_TR50.csv,100621set2_1_QR51.csv,14:36:40,4.57203,106.403,2.5038,22.02,106.548,0,14:35:15,4.19994,105.012,2.35462,107.115,17,170,131,37.29,70.15638877997297,68.26796412178996,1,1,8.69,13.02,2,57.76,9.08,68,240,17.68,OMLIV,57.6,closer,14:41:25,106.258,4.02746,106.472,2.90804,106.472,2.90804,14:44:25,106.01,3.77348,14:52:00,106.465,2.92812,11.31,89.30075,37.595,79.99849999999999,33.865500000000004,75.6865,69.337,68.06000000000012,70.96000000000004,40.24000000000001,82.2999999999999,65.15999999999991,60.2000000000001,OMLIV,2.919722222222222,106.46972222222225,69.3944444444449,47.99305555555555
202,100621set2_1_QR61.csv_1_GA60.csv,100621set2_1_QR61.csv,14:42:40,3.72198,107.306,3.40823,22.74,103.908,40,14:46:00,4.57203,106.403,2.56642,104.092,0,267,231,36.2,56.13979653053227,60.618906682556194,1,1,31.32,24.41,3,63.9,7.67,58,300,11.74,VISAT,81.2,farther,14:51:35,106.209,3.52827,105.248,3.47583,105.248,3.47583,14:54:35,105.874,3.70333,15:05:15,104.546,3.443,10.16,68.0495,60.20575,89.30075,39.1605,63.20675,67.58324999999999,86.11999999999995,18.160000000000025,68.06000000000012,21.83999999999997,64.18000000000006,57.47999999999991,MABAL,3.473888888888889,105.20972222222224,44.1944444444448,61.84722222222222
203,100621set2_1_3K71.csv_1_QR70.csv,100621set2_1_3K71.csv,14:49:45,3.72198,107.306,3.40823,23.46,103.908,39,14:53:00,4.57203,106.403,2.56642,104.092,0,267,231,36.2,47.29696014089343,52.38824534411828,1,1,37.19,24.41,2,55.58,6.58,49,300,9.68,VISAT,76.12,farther,14:59:45,106.072,3.52129,105.248,3.47583,105.248,3.47583,15:02:15,105.792,3.66471,15:12:15,104.543,3.44201,9.7,68.0495,60.20575,89.30075,39.1605,63.03225,66.61775,86.11999999999995,18.160000000000025,68.06000000000012,21.83999999999997,61.440000000000055,55.84000000000003,MABAL,3.473888888888889,105.20972222222224,44.1944444444448,61.84722222222222
204,100621set2_1_GA80.csv_1_SQ81.csv,100621set2_1_GA80.csv,14:56:45,3.72198,107.306,1.6022,22.47,103.998,76,15:03:05,2.52356,106.535,3.18297,104.142,0,249,286,36.36,55.14423329125991,59.58131419126972,-1,-1,36.87,19.74,3,59.77,7.58,57,220,11.06,WP071,71.6,farther,15:06:55,106.11,3.24322,105.22,2.90634,105.22,2.90634,15:10:05,105.842,2.94712,15:19:30,104.676,2.69351,9.42,68.0495,15.055,38.089,54.57425,56.0805,48.678,86.11999999999995,19.960000000000093,70.69999999999993,22.83999999999992,62.19999999999999,56.839999999999975,LIPRO,2.895,105.19083333333332,43.81666666666632,47.375
205,100621set2_1_3K91.csv_1_PR90.csv,100621set2_1_3K91.csv,15:04:40,4.57203,106.403,2.5038,18.92,106.548,0,15:03:20,4.19994,105.012,2.35462,107.115,16,170,131,37.29,72.70168376087682,70.16893822891412,1,1,7.81,12.39,4,82.64,9.42,71,240,16.44,OMLIV,60.75,closer,15:09:10,106.249,4.05855,106.474,2.89767,106.474,2.89767,15:11:50,106.019,3.83591,15:19:50,106.466,2.92744,9.35,89.30075,37.595,79.99849999999999,33.865500000000004,76.46375,70.89775,68.06000000000012,70.96000000000004,40.24000000000001,82.2999999999999,64.9799999999999,60.38000000000011,OMLIV,2.919722222222222,106.46972222222225,69.3944444444449,47.99305555555555
206,100621set2_1_KL100.csv_1_3K101.csv,100621set2_1_KL100.csv,15:10:15,3.72198,107.306,1.6022,20.3,103.998,82,15:17:05,2.52356,106.535,3.18297,104.142,0,249,286,36.36,64.03087060547922,64.65692457213898,-1,-1,37.76,18.66,3,58.15,8.5,64,210,14.44,WP071,79.23,farther,15:19:45,106.189,3.27347,105.191,2.89499,105.191,2.89499,15:23:00,105.964,2.93376,15:33:25,104.666,2.69108,8.56,68.0495,15.055,38.089,54.57425,56.83675,48.344,86.11999999999995,19.960000000000093,70.69999999999993,22.83999999999992,63.77999999999986,59.27999999999997,LIPRO,2.895,105.19083333333332,43.81666666666632,47.375
207,100621set2_1_3K111.csv_1_KL110.csv,100621set2_1_3K111.csv,15:18:40,4.57203,106.403,2.5038,19.62,106.548,0,15:17:10,4.19994,105.012,2.35462,107.115,18,170,131,37.29,71.42883817128785,70.16893822891412,1,1,7.81,13.02,2,73.64,9.33,70,240,18.27,OMLIV,60.13,closer,15:23:10,106.249,4.05855,106.472,2.90804,106.472,2.90804,15:26:10,105.993,3.80968,15:34:05,106.466,2.92609,12.43,89.30075,37.595,79.99849999999999,33.865500000000004,76.46375,70.242,68.06000000000012,70.96000000000004,40.24000000000001,82.2999999999999,64.9799999999999,59.8599999999999,OMLIV,2.919722222222222,106.46972222222225,69.3944444444449,47.99305555555555
208,100621set2_1_QR121.csv_1_3K120.csv,100621set2_1_QR121.csv,15:24:50,4.57203,106.403,2.5038,19.41,106.548,20,15:26:30,3.72198,107.306,1.6022,103.998,0,170,249,79.82,41.6183384192939,46.81849548543851,-1,-1,5.54,29.93,4,75.66,5.83,44,160,5.82,OMLIV,38.6,farther,15:28:55,106.251,4.11195,106.38,3.39525,106.38,3.39525,15:33:25,106.445,3.57635,15:38:30,106.469,2.9334,7.59,89.30075,37.595,68.0495,15.055,77.79875000000001,64.40875,68.06000000000012,70.96000000000004,86.11999999999995,19.960000000000093,65.0200000000001,68.89999999999986,ONAPO,3.353888888888889,106.3877777777778,67.75555555555599,58.84722222222223
209,100621set2_1_TR130.csv_1_TR131.csv,100621set2_1_TR130.csv,15:31:30,3.72198,107.306,1.6022,21.77,103.998,79,15:38:05,2.52356,106.535,3.18297,104.142,0,249,286,36.36,57.69110569792702,60.22274165739691,-1,-1,36.98,19.37,1,38.08,7.75,58,220,11.69,WP071,71.64,farther,15:41:35,106.12,3.247,105.21,2.90255,105.21,2.90255,15:44:55,105.839,2.93474,15:54:20,104.67,2.69206,7.98,68.0495,15.055,38.089,54.57425,56.175,48.3685,86.11999999999995,19.960000000000093,70.69999999999993,22.83999999999992,62.40000000000009,56.77999999999997,LIPRO,2.895,105.19083333333332,43.81666666666632,47.375
210,100621set2_1_TR141.csv_1_QR140.csv,100621set2_1_TR141.csv,15:38:45,3.72198,107.306,3.40823,21.58,103.908,39,15:42:00,4.57203,106.403,2.56642,104.092,0,267,231,36.2,47.29696014089343,52.38824534411828,1,1,37.19,24.41,4,65.6,6.58,49,300,11.05,VISAT,74.17,farther,15:48:45,106.072,3.52129,105.248,3.47583,105.248,3.47583,15:51:35,105.755,3.68581,16:01:20,104.543,3.44231,10.61,68.0495,60.20575,89.30075,39.1605,63.03225,67.14525,86.11999999999995,18.160000000000025,68.06000000000012,21.83999999999997,61.440000000000055,55.09999999999991,MABAL,3.473888888888889,105.20972222222224,44.1944444444448,61.84722222222222
211,100621set2_1_PR151.csv_1_PR150.csv,100621set2_1_PR151.csv,15:45:25,4.57203,106.403,2.5038,20.89,106.548,25,15:47:30,3.72198,107.306,1.6022,103.998,0,170,249,79.82,46.04914865832019,48.0858034981086,-1,-1,4.87,30.66,4,66.92,6.17,46,160,6.64,OMLIV,35.44,farther,15:49:20,106.247,4.13269,106.384,3.3745,106.384,3.3745,15:54:30,106.47,3.51779,15:59:10,106.47,2.92717,5.9,89.30075,37.595,68.0495,15.055,78.31725,62.944750000000006,68.06000000000012,70.96000000000004,86.11999999999995,19.960000000000093,64.94,69.39999999999998,ONAPO,3.353888888888889,106.3877777777778,67.75555555555599,58.84722222222223
212,100621set2_1_TR161.csv_1_PR160.csv,100621set2_1_TR161.csv,15:52:55,4.57203,106.403,2.56642,7.37,104.092,39,15:56:10,4.19994,105.012,2.35462,107.115,0,231,131,99.94,25.461928323463376,31.500392352089023,1,1,4.2,13.49,4,70.18,3.75,28,240,3.46,KILOT,74.1,farther,15:58:25,105.934,4.06795,105.576,3.7706,105.576,3.7706,16:01:05,105.641,3.89811,16:10:50,104.718,3.07764,6.54,89.30075,39.1605,79.99849999999999,33.865500000000004,76.69874999999999,72.45275,68.06000000000012,21.83999999999997,40.24000000000001,82.2999999999999,58.67999999999995,52.82000000000011,MUMSO,3.738888888888889,105.53694444444444,50.73888888888888,68.47222222222223
213,100621set2_1_3K171.csv_1_3K170.csv,100621set2_1_3K171.csv,15:59:10,4.57203,106.403,2.5038,23.48,106.548,28,16:01:30,3.72198,107.306,1.6022,103.998,0,170,249,79.82,46.04914865832019,46.18484198057508,-1,-1,5.88,31.39,3,60.76,6.08,46,160,7.07,OMLIV,30.38,farther,16:03:20,106.253,4.10158,106.388,3.35375,106.388,3.35375,16:08:55,106.492,3.43655,16:12:55,106.47,2.93071,5.14,89.30075,37.595,68.0495,15.055,77.5395,60.91375,68.06000000000012,70.96000000000004,86.11999999999995,19.960000000000093,65.06,69.84000000000009,ONAPO,3.353888888888889,106.3877777777778,67.75555555555599,58.84722222222223
214,100621set2_1_QR181.csv_1_QR180.csv,100621set2_1_QR181.csv,16:06:05,3.72198,107.306,3.40823,20.02,103.908,47,16:10:00,4.57203,106.403,2.56642,104.092,0,267,231,36.2,51.7181858232602,51.72745130134527,1,1,36.93,23.77,1,40.91,6.83,51,300,12.08,VISAT,72.31,farther,16:16:10,106.061,3.52075,105.206,3.47371,105.206,3.47371,16:19:15,105.717,3.70109,16:28:45,104.54,3.44213,6.44,68.0495,60.20575,89.30075,39.1605,63.01875,67.52725000000001,86.11999999999995,18.160000000000025,68.06000000000012,21.83999999999997,61.22000000000014,54.339999999999975,MABAL,3.473888888888889,105.20972222222224,44.1944444444448,61.84722222222222
215,100621set2_1_QR201.csv_1_PR200.csv,100621set2_1_QR201.csv,16:20:20,4.57203,106.403,2.5038,20.43,106.548,26,16:22:30,3.72198,107.306,1.6022,103.998,0,170,249,79.82,47.9401277758078,49.35252295238818,-1,-1,4.19,31.03,2,82.72,6.42,48,160,6.76,OMLIV,36.07,farther,16:24:05,106.243,4.15339,106.386,3.36413,106.386,3.36413,16:29:20,106.47,3.52858,16:34:05,106.47,2.92741,5.39,89.30075,37.595,68.0495,15.055,78.83475,63.2145,68.06000000000012,70.96000000000004,86.11999999999995,19.960000000000093,64.8599999999999,69.39999999999998,ONAPO,3.353888888888889,106.3877777777778,67.75555555555599,58.84722222222223
216,100621set2_1_3K211.csv_1_KL210.csv,100621set2_1_3K211.csv,16:27:40,4.57203,106.403,2.5038,19.5,106.548,22,16:29:30,3.72198,107.306,1.6022,103.998,0,170,249,79.82,46.04914865832019,49.986178032285466,-1,-1,3.86,30.3,2,53.57,6.33,47,160,6.57,OMLIV,37.97,farther,16:31:20,106.241,4.16374,106.382,3.38487,106.382,3.38487,16:36:25,106.461,3.55876,16:41:25,106.47,2.92599,7.14,89.30075,37.595,68.0495,15.055,79.09349999999999,63.969,68.06000000000012,70.96000000000004,86.11999999999995,19.960000000000093,64.82,69.21999999999997,ONAPO,3.353888888888889,106.3877777777778,67.75555555555599,58.84722222222223
217,100621set2_1_GA221.csv_1_KL220.csv,100621set2_1_GA221.csv,16:34:55,4.57203,106.403,2.5038,20.48,106.548,19,16:36:30,3.72198,107.306,1.6022,103.998,0,170,249,79.82,33.36515913896576,39.226824575626495,-1,-1,9.62,29.57,3,63.84,4.75,36,160,4.59,OMLIV,37.97,farther,16:40:00,106.274,3.98753,106.378,3.40562,106.378,3.40562,16:43:30,106.425,3.57087,16:48:30,106.468,2.93947,7.3,89.30075,37.595,68.0495,15.055,74.68825,64.27175000000001,68.06000000000012,70.96000000000004,86.11999999999995,19.960000000000093,65.48000000000002,68.49999999999994,ONAPO,3.353888888888889,106.3877777777778,67.75555555555599,58.84722222222223
218,100621set2_1_QR230.csv_1_GA231.csv,100621set2_1_QR230.csv,16:41:20,3.72198,107.306,1.6022,21.07,103.998,81,16:48:05,2.52356,106.535,3.18297,104.142,0,249,286,36.36,64.03087060547922,65.29856688245108,-1,-1,37.88,19.03,2,63.36,8.5,64,220,12.91,WP071,74.12,farther,16:50:45,106.198,3.27725,105.201,2.89877,105.201,2.89877,16:54:25,105.89,2.93267,17:04:10,104.678,2.69349,7.28,68.0495,15.055,38.089,54.57425,56.93125,48.31675,86.11999999999995,19.960000000000093,70.69999999999993,22.83999999999992,63.959999999999866,57.80000000000001,LIPRO,2.895,105.19083333333332,43.81666666666632,47.375
219,100621set2_1_GA240.csv_1_KL241.csv,100621set2_1_GA240.csv,16:48:45,3.72198,107.306,1.6022,24.05,103.998,76,16:55:05,2.52356,106.535,3.18297,104.142,0,249,286,36.36,58.93564646662352,63.37406987576089,-1,-1,37.54,19.74,3,69.46,8.08,61,220,10.46,WP071,76.65,farther,16:58:25,106.169,3.26591,105.22,2.90634,105.22,2.90634,17:01:20,105.925,2.98997,17:11:25,104.682,2.6951,8.94,68.0495,15.055,38.089,54.57425,56.64775,49.74925,86.11999999999995,19.960000000000093,70.69999999999993,22.83999999999992,63.37999999999994,58.49999999999994,LIPRO,2.895,105.19083333333332,43.81666666666632,47.375
220,100621set2_1_PR250.csv_1_TR251.csv,100621set2_1_PR250.csv,16:55:10,3.72198,107.306,1.6022,21.86,103.998,83,17:02:05,2.52356,106.535,3.18297,104.142,0,249,286,36.36,65.27573550075995,65.29856688245108,-1,-1,37.88,18.66,3,68.7,8.58,64,220,12.3,WP071,75.38,farther,17:04:35,106.198,3.27725,105.191,2.89499,105.191,2.89499,17:08:05,105.904,2.94883,17:18:00,104.674,2.69282,5.65,68.0495,15.055,38.089,54.57425,56.93125,48.72075,86.11999999999995,19.960000000000093,70.69999999999993,22.83999999999992,63.959999999999866,58.07999999999993,LIPRO,2.895,105.19083333333332,43.81666666666632,47.375
221,100621set2_1_KL260.csv_1_SQ261.csv,100621set2_1_KL260.csv,17:02:40,3.72198,107.306,1.6022,21.13,103.998,77,17:09:05,2.52356,106.535,3.18297,104.142,0,249,286,36.36,59.616039410908655,63.37406987576089,-1,-1,37.54,19.74,3,73.42,8.08,61,220,12.62,WP071,72.91,farther,17:12:20,106.169,3.26591,105.22,2.90634,105.22,2.90634,17:15:55,105.868,2.92941,17:25:30,104.676,2.69313,9.66,68.0495,15.055,38.089,54.57425,56.64775,48.23524999999999,86.11999999999995,19.960000000000093,70.69999999999993,22.83999999999992,63.37999999999994,57.3599999999999,LIPRO,2.895,105.19083333333332,43.81666666666632,47.375
222,100621set2_1_3K271.csv_1_SQ270.csv,100621set2_1_3K271.csv,17:10:40,4.57203,106.403,2.5038,18.85,106.548,0,17:09:15,4.19994,105.012,2.35462,107.115,17,170,131,37.29,72.70168376087682,70.80259655652634,1,1,7.48,13.02,4,89.14,9.42,71,240,15.26,OMLIV,60.79,closer,17:15:05,106.247,4.06892,106.472,2.90804,106.472,2.90804,17:17:40,106.037,3.84642,17:25:40,106.466,2.92862,8.77,89.30075,37.595,79.99849999999999,33.865500000000004,76.72300000000001,71.1605,68.06000000000012,70.96000000000004,40.24000000000001,82.2999999999999,64.94,60.74000000000012,OMLIV,2.919722222222222,106.46972222222225,69.3944444444449,47.99305555555555
223,100621set2_1_SQ280.csv_1_TR281.csv,100621set2_1_SQ280.csv,17:17:00,3.72198,107.306,1.6022,21.69,103.998,73,17:23:05,2.52356,106.535,3.18297,104.142,0,249,286,36.36,60.2384713615625,66.52539880994308,-1,-1,38.1,20.82,2,73.28,8.25,62,220,12.6,WP071,76.02,farther,17:26:15,106.218,3.28481,105.25,2.91768,105.25,2.91768,17:29:50,105.917,2.94831,17:39:50,104.676,2.69312,11.96,68.0495,15.055,38.089,54.57425,57.12024999999999,48.70775,86.11999999999995,19.960000000000093,70.69999999999993,22.83999999999992,64.36000000000007,58.34000000000003,LIPRO,2.895,105.19083333333332,43.81666666666632,47.375
224,010321set1_1_SQ00.csv_1_TR01.csv,010321set1_1_SQ00.csv,14:00:45,3.72198,107.306,1.6022,15.6,103.998,76,14:07:05,2.52356,106.535,3.18297,104.142,0,249,286,36.36,47.55498410645432,51.94042614391457,-1,-1,35.55,19.74,1,54.23,6.58,49,200,17.26,WP071,69.05,farther,14:11:55,105.991,3.19786,105.22,2.90634,105.22,2.90634,14:15:15,105.811,2.82455,14:24:20,104.668,2.69073,16.1,68.0495,15.055,38.089,54.57425,54.9465,45.61375,86.11999999999995,19.960000000000093,70.69999999999993,22.83999999999992,59.81999999999999,56.22000000000014,LIPRO,2.895,105.19083333333332,43.81666666666632,47.375
225,010321set1_1_QR10.csv_1_GA11.csv,010321set1_1_QR10.csv,14:11:00,4.57262,106.403,2.56699,29.35,104.093,0,14:07:50,3.72198,107.306,3.40823,103.908,38,231,267,36.2,54.33664940400149,48.60483507692872,-1,-1,6.66,24.59,2,71.72,6.67,50,180,17.9,KILOT,73.53,closer,14:17:35,105.835,3.97222,105.183,3.45203,105.183,3.45203,14:20:55,105.793,3.56205,14:30:35,104.683,3.04266,7.44,89.31549999999999,39.17475,68.0495,60.20575,74.3055,64.05125000000001,68.06000000000012,21.86000000000007,86.11999999999995,18.160000000000025,56.69999999999988,55.86000000000013,MABAL,3.473888888888889,105.20972222222224,44.1944444444448,61.84722222222222
226,010321set1_1_QR31.csv_1_GA30.csv,010321set1_1_QR31.csv,14:21:25,4.57262,106.403,2.5041,18.63,106.548,25,14:23:30,3.72198,107.306,1.6022,103.998,0,170,249,79.82,24.4893325117236,26.58648408193666,-1,-1,16.22,30.65,2,97.4,3.33,25,140,9.1,OMBAP,59.49,farther,14:28:10,106.316,3.78137,106.384,3.37483,106.384,3.37483,14:30:40,106.509,3.53251,14:38:30,106.544,2.54166,9.03,89.31549999999999,37.602500000000006,68.0495,15.055,69.53425,63.31275,68.06000000000012,70.96000000000004,86.11999999999995,19.960000000000093,66.32000000000005,70.18,ONAPO,3.353888888888889,106.3877777777778,67.75555555555599,58.84722222222223
227,010321set1_1_3K40.csv_1_GA41.csv,010321set1_1_3K40.csv,14:32:10,4.19994,105.012,2.35462,4.93,107.115,0,14:28:25,4.57262,106.403,2.56699,104.093,45,131,231,99.94,20.150210299604016,17.88110910069238,-1,-1,0.27,15.6,2,75.62,2.5,19,80,12.15,OMLIV,78.54,closer,14:35:25,105.324,3.93131,105.552,3.72605,105.552,3.72605,14:37:50,105.621,3.93455,14:48:10,106.461,2.93059,10.09,79.99849999999999,33.865500000000004,89.31549999999999,39.17475,73.28275,73.36375000000001,40.24000000000001,82.2999999999999,68.06000000000012,21.86000000000007,46.47999999999996,52.4199999999999,MUMSO,3.738888888888889,105.53694444444444,50.73888888888888,68.47222222222223
228,010321set1_1_GA51.csv_1_TR50.csv,010321set1_1_GA51.csv,14:36:00,3.72198,107.306,3.40823,18.16,103.908,36,14:39:00,4.57262,106.403,2.56699,104.093,0,267,231,36.2,39.10339216695467,46.10598826706818,1,1,35.12,24.89,3,59.17,5.5,41,340,14.94,MABAL,37.94,farther,14:46:50,105.966,3.51592,105.28,3.47743,105.28,3.47743,14:49:25,105.774,3.75168,14:54:25,105.205,3.47584,18.88,68.0495,60.20575,89.31549999999999,39.17475,62.898,68.792,86.11999999999995,18.160000000000025,68.06000000000012,21.86000000000007,59.31999999999988,55.48000000000002,MABAL,3.473888888888889,105.20972222222224,44.1944444444448,61.84722222222222
229,010321set1_1_TR60.csv_1_QR61.csv,010321set1_1_TR60.csv,14:42:50,3.72198,107.306,1.6022,20.44,103.998,75,14:49:05,2.52356,106.535,3.18297,104.142,0,249,286,36.36,49.4844172749244,54.50613353000215,-1,-1,35.99,20.1,4,58.33,6.83,51,210,12.83,WP071,70.34,farther,14:53:40,106.031,3.21299,105.23,2.91012,105.23,2.91012,14:56:35,105.827,2.90982,15:05:50,104.675,2.69274,12.18,68.0495,15.055,38.089,54.57425,55.32475,47.74549999999999,86.11999999999995,19.960000000000093,70.69999999999993,22.83999999999992,60.62000000000012,56.53999999999997,LIPRO,2.895,105.19083333333332,43.81666666666632,47.375
230,010321set1_1_PR71.csv_1_GA70.csv,010321set1_1_PR71.csv,14:50:40,4.57262,106.403,2.5041,41.44,106.548,0,14:49:20,4.19994,105.012,2.35462,107.115,16,170,131,37.29,50.52674745070651,48.041260500153335,1,1,19.55,12.41,4,89.41,6.5,49,240,18.27,OMLIV,39.8,closer,14:58:05,106.32,3.69566,106.474,2.89799,106.474,2.89799,15:01:10,106.063,3.43641,15:06:25,106.47,2.9127,13.02,89.31549999999999,37.602500000000006,79.99849999999999,33.865500000000004,67.39150000000001,60.91025,68.06000000000012,70.96000000000004,40.24000000000001,82.2999999999999,66.39999999999986,61.26000000000005,OMLIV,2.919722222222222,106.46972222222225,69.3944444444449,47.99305555555555
231,010321set1_1_SQ81.csv_1_TR80.csv,010321set1_1_SQ81.csv,14:57:40,4.57262,106.403,2.5041,41.88,106.548,0,14:56:45,4.19994,105.012,2.35462,107.115,11,170,131,37.29,51.16336765945898,45.50662753540985,1,1,20.92,11.14,3,71.86,6.33,47,250,19.03,OMLIV,40.89,closer,15:05:25,106.328,3.65419,106.478,2.87726,106.478,2.87726,15:08:30,106.052,3.4268,15:13:55,106.473,2.89084,12.41,89.31549999999999,37.602500000000006,79.99849999999999,33.865500000000004,66.35475,60.67,68.06000000000012,70.96000000000004,40.24000000000001,82.2999999999999,66.56000000000006,61.04000000000013,OMLIV,2.919722222222222,106.46972222222225,69.3944444444449,47.99305555555555
232,010321set1_1_PR91.csv_1_3K90.csv,010321set1_1_PR91.csv,15:04:40,4.57262,106.403,2.5041,42.49,106.548,0,15:03:50,4.19994,105.012,2.35462,107.115,10,170,131,37.29,51.16336765945898,44.87296985544033,1,1,21.29,10.51,2,50.04,6.33,47,250,19.66,OMBAP,60.76,closer,15:12:30,106.33,3.64382,106.48,2.86689,106.48,2.86689,15:15:40,106.044,3.41282,15:23:40,106.54,2.52993,13.08,89.31549999999999,37.602500000000006,79.99849999999999,33.865500000000004,66.0955,60.3205,68.06000000000012,70.96000000000004,40.24000000000001,82.2999999999999,66.59999999999997,60.87999999999994,OMLIV,2.919722222222222,106.46972222222225,69.3944444444449,47.99305555555555
233,010321set1_1_GA101.csv_1_PR100.csv,010321set1_1_GA101.csv,15:10:55,4.57262,106.403,2.5041,19.52,106.548,19,15:12:30,3.72198,107.306,1.6022,103.998,0,170,249,79.82,17.4864401455653,23.429813359934656,-1,-1,18.13,29.55,2,45.37,2.67,20,140,4.35,OMBAP,63.29,farther,15:18:05,106.322,3.72816,106.378,3.40595,106.378,3.40595,15:19:20,106.416,3.60181,15:27:40,106.541,2.55446,7.84,89.31549999999999,37.602500000000006,68.0495,15.055,68.204,65.04525,68.06000000000012,70.96000000000004,86.11999999999995,19.960000000000093,66.44000000000005,68.31999999999994,ONAPO,3.353888888888889,106.3877777777778,67.75555555555599,58.84722222222223
234,010321set1_1_PR111.csv_1_SQ110.csv,010321set1_1_PR111.csv,15:17:15,4.57262,106.403,2.5041,19.61,106.548,27,15:19:30,3.72198,107.306,1.6022,103.998,0,170,249,79.82,32.71950149273848,33.55609977459854,-1,-1,12.7,31.01,2,45.22,4.33,32,150,8.89,OMBAP,58.22,farther,15:23:05,106.291,3.89406,106.386,3.36445,106.386,3.36445,15:26:35,106.51,3.50883,15:34:15,106.544,2.53912,7.39,89.31549999999999,37.602500000000006,68.0495,15.055,72.3515,62.72075,68.06000000000012,70.96000000000004,86.11999999999995,19.960000000000093,65.81999999999994,70.2000000000001,ONAPO,3.353888888888889,106.3877777777778,67.75555555555599,58.84722222222223
235,010321set1_1_KL130.csv_1_3K131.csv,010321set1_1_KL130.csv,15:31:25,3.72198,107.306,1.6022,17.27,103.998,80,15:38:05,2.52356,106.535,3.18297,104.142,0,249,286,36.36,48.1788695660233,50.07195053437334,-1,-1,35.21,19.37,1,59.36,6.42,48,210,14.84,WP071,64.63,farther,15:42:50,105.962,3.18652,105.21,2.90255,105.21,2.90255,15:46:10,105.732,2.83768,15:54:40,104.665,2.6905,10.9,68.0495,15.055,38.089,54.57425,54.663,45.94200000000001,86.11999999999995,19.960000000000093,70.69999999999993,22.83999999999992,59.24000000000007,54.63999999999999,LIPRO,2.895,105.19083333333332,43.81666666666632,47.375
236,010321set1_1_3K140.csv_1_TR141.csv,010321set1_1_3K140.csv,15:42:10,4.19994,105.012,2.35462,6.52,107.115,0,15:38:40,4.57262,106.403,2.56699,104.093,42,131,231,99.94,22.069214296831777,17.88110910069238,-1,-1,0.27,16.13,2,63.71,2.58,19,80,21.57,OMLIV,74.04,closer,15:45:25,105.324,3.93131,105.559,3.71909,105.559,3.71909,15:49:25,105.819,3.96936,15:59:10,106.47,2.92101,9.6,79.99849999999999,33.865500000000004,89.31549999999999,39.17475,73.28275,74.234,40.24000000000001,82.2999999999999,68.06000000000012,21.86000000000007,46.47999999999996,56.38000000000005,MUMSO,3.738888888888889,105.53694444444444,50.73888888888888,68.47222222222223
237,010321set1_1_KL151.csv_1_SQ150.csv,010321set1_1_KL151.csv,15:46:40,4.57262,106.403,2.5041,40.64,106.548,0,15:45:55,4.19994,105.012,2.35462,107.115,9,170,131,37.29,55.573041812097216,48.674919258719605,1,1,19.21,10.51,3,75.69,6.83,51,240,20.04,OMLIV,40.97,closer,15:54:00,106.318,3.70603,106.48,2.86689,106.48,2.86689,15:57:15,106.032,3.44137,16:02:40,106.468,2.91587,10.78,89.31549999999999,37.602500000000006,79.99849999999999,33.865500000000004,67.65075,61.03425,68.06000000000012,70.96000000000004,40.24000000000001,82.2999999999999,66.35999999999996,60.63999999999993,OMLIV,2.919722222222222,106.46972222222225,69.3944444444449,47.99305555555555
238,010321set1_1_SQ160.csv_1_GA161.csv,010321set1_1_SQ160.csv,15:52:35,3.72198,107.306,1.6022,17.16,103.998,78,15:59:05,2.52356,106.535,3.18297,104.142,0,249,286,36.36,46.30737546196796,49.43052338405861,-1,-1,35.1,19.37,1,59.2,6.33,47,210,14.82,WP071,64.0,farther,16:04:05,105.952,3.18274,105.21,2.90255,105.21,2.90255,16:07:25,105.722,2.83389,16:15:50,104.665,2.69052,12.4,68.0495,15.055,38.089,54.57425,54.5685,45.84725,86.11999999999995,19.960000000000093,70.69999999999993,22.83999999999992,59.03999999999997,54.43999999999989,LIPRO,2.895,105.19083333333332,43.81666666666632,47.375
239,010321set1_1_QR171.csv_1_GA170.csv,010321set1_1_QR171.csv,15:59:50,4.57262,106.403,2.56699,1.92,104.093,40,16:03:10,4.19994,105.012,2.35462,107.115,0,231,131,99.94,5.1934093449799885,10.648768178866964,1,1,10.71,13.7,2,57.28,1.08,8,320,12.97,MABAL,29.64,farther,16:08:05,105.664,3.84711,105.568,3.76442,105.568,3.76442,16:10:20,105.422,3.92411,16:14:15,105.21,3.47796,7.4,89.31549999999999,39.17475,79.99849999999999,33.865500000000004,71.17774999999999,73.10275,68.06000000000012,21.86000000000007,40.24000000000001,82.2999999999999,53.28000000000003,48.43999999999994,MUMSO,3.738888888888889,105.53694444444444,50.73888888888888,68.47222222222223
240,010321set1_1_GA181.csv_1_TR180.csv,010321set1_1_GA181.csv,16:07:00,4.57262,106.403,2.56699,5.55,104.093,38,16:10:10,4.19994,105.012,2.35462,107.115,0,231,131,99.94,8.331392993396785,15.110914596629843,1,1,9.07,13.25,4,69.23,1.5,11,290,7.55,MABAL,31.03,farther,16:14:40,105.721,3.89382,105.585,3.7777,105.585,3.7777,16:16:15,105.53,3.8949,16:20:20,105.217,3.48325,10.94,89.31549999999999,39.17475,79.99849999999999,33.865500000000004,72.3455,72.3725,68.06000000000012,21.86000000000007,40.24000000000001,82.2999999999999,54.42000000000007,50.60000000000002,MUMSO,3.738888888888889,105.53694444444444,50.73888888888888,68.47222222222223
241,010321set1_1_GA190.csv_1_QR191.csv,010321set1_1_GA190.csv,16:13:05,3.72198,107.306,1.6022,17.64,103.998,84,16:20:05,2.52356,106.535,3.18297,104.142,0,249,286,36.36,50.108140520813606,49.43052338405861,-1,-1,35.1,18.3,4,54.4,6.58,49,210,14.42,WP071,64.01,closer,16:24:35,105.952,3.18274,105.181,2.89119,105.181,2.89119,16:27:50,105.727,2.84303,16:36:15,104.671,2.69149,8.1,68.0495,15.055,38.089,54.57425,54.5685,46.075750000000006,86.11999999999995,19.960000000000093,70.69999999999993,22.83999999999992,59.03999999999997,54.54000000000008,LIPRO,2.895,105.19083333333332,43.81666666666632,47.375
242,010321set1_1_GA201.csv_1_SQ200.csv,010321set1_1_GA201.csv,16:21:40,4.57262,106.403,2.5041,35.33,106.548,0,16:20:15,4.19994,105.012,2.35462,107.115,17,170,131,37.29,53.66437277036288,51.831563340699326,1,1,17.49,13.04,2,71.15,6.92,52,240,14.67,OMLIV,42.99,closer,16:28:35,106.309,3.75788,106.472,2.90835,106.472,2.90835,16:31:05,106.105,3.54068,16:36:45,106.467,2.9224,9.13,89.31549999999999,37.602500000000006,79.99849999999999,33.865500000000004,68.947,63.517,68.06000000000012,70.96000000000004,40.24000000000001,82.2999999999999,66.17999999999995,62.10000000000008,OMLIV,2.919722222222222,106.46972222222225,69.3944444444449,47.99305555555555
243,010321set1_1_GA210.csv_1_GA211.csv,010321set1_1_GA210.csv,16:31:10,4.19994,105.012,2.35462,7.3,107.115,0,16:27:40,4.57262,106.403,2.56699,104.093,42,131,231,99.94,18.90194037987704,14.697994793694008,-1,-1,2.43,16.13,4,78.32,2.17,16,80,10.16,LEBIN,48.11,closer,16:34:50,105.363,3.89646,105.559,3.71909,105.559,3.71909,16:36:55,105.619,3.89237,16:43:15,106.097,3.24867,7.37,79.99849999999999,33.865500000000004,89.31549999999999,39.17475,72.41149999999999,72.30925,40.24000000000001,82.2999999999999,68.06000000000012,21.86000000000007,47.25999999999999,52.38,MUMSO,3.738888888888889,105.53694444444444,50.73888888888888,68.47222222222223
244,010321set1_1_QR221.csv_1_QR220.csv,010321set1_1_QR221.csv,16:35:40,4.57262,106.403,2.5041,32.68,106.548,0,16:34:15,4.19994,105.012,2.35462,107.115,17,170,131,37.29,56.84548872271416,54.99984658467037,1,1,15.8,13.04,2,57.36,7.33,55,250,18.4,OMLIV,48.05,closer,16:42:10,106.299,3.80972,106.472,2.90835,106.472,2.90835,16:45:10,106.033,3.58593,16:51:30,106.469,2.91418,14.32,89.31549999999999,37.602500000000006,79.99849999999999,33.865500000000004,70.243,64.64824999999999,68.06000000000012,70.96000000000004,40.24000000000001,82.2999999999999,65.98000000000013,60.660000000000025,OMLIV,2.919722222222222,106.46972222222225,69.3944444444449,47.99305555555555
245,010321set1_1_KL231.csv_1_QR230.csv,010321set1_1_KL231.csv,16:41:40,4.57262,106.403,2.5041,20.5,106.548,22,16:43:30,3.72198,107.306,1.6022,103.998,0,170,249,79.82,23.205837883504365,27.220136524952544,-1,-1,15.89,30.28,3,52.19,3.33,25,150,5.92,OMBAP,60.12,farther,16:48:20,106.314,3.79161,106.382,3.3852,106.382,3.3852,16:50:35,106.453,3.5434,16:58:30,106.543,2.54539,7.38,89.31549999999999,37.602500000000006,68.0495,15.055,69.79025,63.585,68.06000000000012,70.96000000000004,86.11999999999995,19.960000000000093,66.27999999999986,69.06000000000006,ONAPO,3.353888888888889,106.3877777777778,67.75555555555599,58.84722222222223
246,010321set1_1_TR241.csv_1_QR240.csv,010321set1_1_TR241.csv,16:49:40,4.57262,106.403,2.5041,33.36,106.548,0,16:48:10,4.19994,105.012,2.35462,107.115,18,170,131,37.29,55.573041812097216,54.36618949106157,1,1,16.14,13.04,2,55.44,7.25,54,250,17.77,OMLIV,46.79,closer,16:56:15,106.301,3.79935,106.472,2.90835,106.472,2.90835,16:59:10,106.045,3.57917,17:05:20,106.466,2.9228,14.22,89.31549999999999,37.602500000000006,79.99849999999999,33.865500000000004,69.98375,64.47925,68.06000000000012,70.96000000000004,40.24000000000001,82.2999999999999,66.02000000000004,60.900000000000034,OMLIV,2.919722222222222,106.46972222222225,69.3944444444449,47.99305555555555
247,010321set1_1_TR251.csv_1_TR250.csv,010321set1_1_TR251.csv,16:55:50,4.57262,106.403,2.5041,19.18,106.548,20,16:57:30,3.72198,107.306,1.6022,103.998,0,170,249,79.82,25.13097269505901,30.388407339427864,-1,-1,14.39,29.92,3,62.53,3.67,28,150,6.17,OMLIV,38.6,farther,17:02:05,106.301,3.84222,106.38,3.39558,106.38,3.39558,17:04:30,106.451,3.57574,17:09:35,106.469,2.93268,8.25,89.31549999999999,37.602500000000006,68.0495,15.055,71.05550000000001,64.3935,68.06000000000012,70.96000000000004,86.11999999999995,19.960000000000093,66.02000000000004,69.01999999999987,ONAPO,3.353888888888889,106.3877777777778,67.75555555555599,58.84722222222223
248,010321set1_1_3K260.csv_1_PR261.csv,010321set1_1_3K260.csv,17:02:25,3.72198,107.306,1.6022,16.23,103.998,80,17:09:05,2.52356,106.535,3.18297,104.142,0,249,286,36.36,47.55498410645432,49.43052338405861,-1,-1,35.1,19.37,2,48.5,6.33,47,200,16.32,WP071,67.17,farther,17:13:55,105.952,3.18274,105.21,2.90255,105.21,2.90255,17:17:05,105.779,2.82918,17:25:55,104.668,2.69082,13.1,68.0495,15.055,38.089,54.57425,54.5685,45.7295,86.11999999999995,19.960000000000093,70.69999999999993,22.83999999999992,59.03999999999997,55.57999999999993,LIPRO,2.895,105.19083333333332,43.81666666666632,47.375
249,010321set1_1_PR271.csv_1_PR270.csv,010321set1_1_PR271.csv,17:10:00,4.57262,106.403,2.5041,17.79,106.548,18,17:11:30,3.72198,107.306,1.6022,103.998,0,170,249,79.82,21.92256017930771,28.48744324563074,-1,-1,15.4,29.55,3,76.21,3.33,25,140,8.46,OMLIV,38.6,farther,17:16:30,106.307,3.81111,106.378,3.40595,106.378,3.40595,17:18:55,106.491,3.56941,17:24:00,106.47,2.92641,11.74,89.31549999999999,37.602500000000006,68.0495,15.055,70.27775000000001,64.23525,68.06000000000012,70.96000000000004,86.11999999999995,19.960000000000093,66.14000000000004,69.82,ONAPO,3.353888888888889,106.3877777777778,67.75555555555599,58.84722222222223
250,010321set1_1_SQ280.csv_1_PR281.csv,010321set1_1_SQ280.csv,17:16:55,3.72198,107.306,1.6022,22.82,103.998,74,17:23:05,2.52356,106.535,3.18297,104.142,0,249,286,36.36,48.80275518815154,54.50613353000215,-1,-1,35.99,20.46,3,65.15,6.75,51,210,10.85,WP071,72.28,farther,17:27:45,106.031,3.21299,105.24,2.9139,105.24,2.9139,17:30:15,105.854,2.95549,17:39:45,104.678,2.69404,11.34,68.0495,15.055,38.089,54.57425,55.32475,48.88725,86.11999999999995,19.960000000000093,70.69999999999993,22.83999999999992,60.62000000000012,57.079999999999984,LIPRO,2.895,105.19083333333332,43.81666666666632,47.375
251,010321set1_1_PR290.csv_1_SQ291.csv,010321set1_1_PR290.csv,17:27:00,4.57262,106.403,2.56699,26.44,104.093,0,17:23:05,3.72198,107.306,3.40823,103.908,47,231,267,36.2,50.491792437883305,50.5238498647563,-1,-1,6.24,23.88,3,82.18,6.67,50,200,13.34,KILOT,69.11,farther,17:33:20,105.86,3.99224,105.207,3.472,105.207,3.472,17:36:50,105.697,3.58254,17:45:55,104.68,3.04183,7.21,89.31549999999999,39.17475,68.0495,60.20575,74.806,64.56349999999999,68.06000000000012,21.86000000000007,86.11999999999995,18.160000000000025,57.19999999999999,53.940000000000055,MABAL,3.473888888888889,105.20972222222224,44.1944444444448,61.84722222222222
252,140521set1_1_PR01.csv_1_3K00.csv,140521set1_1_PR01.csv,14:00:55,4.57203,106.403,2.5038,18.01,106.548,19,14:02:30,3.72198,107.306,1.6022,103.998,0,170,249,79.82,42.8603392060212,48.71945797982619,-1,-1,4.53,29.57,0,0.0,6.0,45,160,5.7,OMLIV,41.14,farther,14:04:45,106.245,4.14306,106.378,3.40562,106.378,3.40562,14:09:10,106.436,3.61737,14:14:35,106.469,2.93257,7.86,89.30075,37.595,68.0495,15.055,78.57650000000001,65.43425,68.06000000000012,70.96000000000004,86.11999999999995,19.960000000000093,64.90000000000009,68.72000000000014,ONAPO,3.353888888888889,106.3877777777778,67.75555555555599,58.84722222222223
253,140521set1_1_QR11.csv_1_KL10.csv,140521set1_1_QR11.csv,14:07:30,4.57203,106.403,2.56642,7.54,104.092,44,14:11:10,4.19994,105.012,2.35462,107.115,0,231,131,99.94,18.460684787337605,21.36080145573081,1,1,6.74,13.94,2,60.14,2.58,19,250,4.59,KILOT,71.58,farther,14:14:20,105.803,3.96054,105.559,3.75727,105.559,3.75727,14:16:10,105.586,3.87774,14:25:35,104.708,3.07013,5.71,89.30075,39.1605,79.99849999999999,33.865500000000004,74.0135,71.9435,68.06000000000012,21.83999999999997,40.24000000000001,82.2999999999999,56.059999999999945,51.71999999999997,MUMSO,3.738888888888889,105.53694444444444,50.73888888888888,68.47222222222223
254,140521set1_1_3K20.csv_1_TR21.csv,140521set1_1_3K20.csv,14:14:30,3.72198,107.306,1.6022,22.9,103.998,79,14:21:05,2.52356,106.535,3.18297,104.142,0,249,286,36.36,63.40843818641928,65.88397199415957,-1,-1,37.99,19.37,3,60.02,8.5,64,220,11.68,WP071,77.31,farther,14:23:50,106.208,3.28103,105.21,2.90255,105.21,2.90255,14:27:05,105.937,2.97278,14:37:15,104.679,2.6942,7.74,68.0495,15.055,38.089,54.57425,57.02575,49.319500000000005,86.11999999999995,19.960000000000093,70.69999999999993,22.83999999999992,64.15999999999997,58.73999999999995,LIPRO,2.895,105.19083333333332,43.81666666666632,47.375
255,140521set1_1_KL30.csv_1_KL31.csv,140521set1_1_KL30.csv,14:21:10,3.72198,107.306,1.6022,21.18,103.998,83,14:28:05,2.52356,106.535,3.18297,104.142,0,249,286,36.36,65.8981679758993,65.88397199415957,-1,-1,37.99,18.66,2,53.37,8.67,65,220,12.91,WP071,74.75,closer,14:30:30,106.208,3.28103,105.191,2.89499,105.191,2.89499,14:34:10,105.9,2.93645,14:44:00,104.678,2.69351,6.04,68.0495,15.055,38.089,54.57425,57.02575,48.41125,86.11999999999995,19.960000000000093,70.69999999999993,22.83999999999992,64.15999999999997,58.000000000000114,LIPRO,2.895,105.19083333333332,43.81666666666632,47.375
256,140521set1_1_QR41.csv_1_3K40.csv,140521set1_1_QR41.csv,14:28:25,3.72198,107.306,3.40823,13.31,103.908,43,14:32:00,4.57203,106.403,2.56642,104.092,0,267,231,36.2,48.5467513951014,51.12661091584927,1,1,36.71,24.09,4,66.48,6.58,49,300,16.9,VISAT,65.88,farther,14:38:35,106.051,3.52022,105.227,3.47477,105.227,3.47477,14:42:50,105.578,3.7744,14:51:30,104.532,3.44068,10.91,68.0495,60.20575,89.30075,39.1605,63.005500000000005,69.36,86.11999999999995,18.160000000000025,68.06000000000012,21.83999999999997,61.02000000000004,51.56000000000006,MABAL,3.473888888888889,105.20972222222224,44.1944444444448,61.84722222222222
257,140521set1_1_KL51.csv_1_GA50.csv,140521set1_1_KL51.csv,14:35:00,4.57203,106.403,2.56642,7.86,104.092,50,14:39:10,4.19994,105.012,2.35462,107.115,0,231,131,99.94,22.28040417553868,21.36080145573081,1,1,6.74,14.65,4,56.22,2.83,21,250,7.09,KILOT,65.87,closer,14:41:50,105.803,3.96054,105.535,3.73728,105.535,3.73728,14:44:40,105.467,3.83445,14:53:20,104.692,3.05685,5.0,89.30075,39.1605,79.99849999999999,33.865500000000004,74.0135,70.86125,68.06000000000012,21.83999999999997,40.24000000000001,82.2999999999999,56.059999999999945,49.339999999999975,MUMSO,3.738888888888889,105.53694444444444,50.73888888888888,68.47222222222223
258,140521set1_1_GA61.csv_1_TR60.csv,140521set1_1_GA61.csv,14:42:25,3.72198,107.306,3.40823,20.92,103.908,43,14:46:00,4.57203,106.403,2.56642,104.092,0,267,231,36.2,43.4536779677337,46.08001268836795,1,1,35.12,24.09,3,54.09,5.92,44,300,10.36,VISAT,69.11,farther,14:53:15,105.966,3.51592,105.227,3.47477,105.227,3.47477,14:55:55,105.668,3.66989,15:05:00,104.539,3.44151,7.94,68.0495,60.20575,89.30075,39.1605,62.898,66.74725000000001,86.11999999999995,18.160000000000025,68.06000000000012,21.83999999999997,59.31999999999988,53.36000000000013,MABAL,3.473888888888889,105.20972222222224,44.1944444444448,61.84722222222222
259,140521set1_1_QR71.csv_1_KL70.csv,140521set1_1_QR71.csv,14:49:40,4.57203,106.403,2.5038,17.46,106.548,22,14:51:30,3.72198,107.306,1.6022,103.998,0,170,249,79.82,40.32048629179354,44.29548342495329,-1,-1,6.89,30.3,4,66.34,5.58,42,160,4.65,OMLIV,42.39,farther,14:54:05,106.259,4.07048,106.382,3.38487,106.382,3.38487,14:57:35,106.411,3.65418,15:03:10,106.467,2.94986,5.59,89.30075,37.595,68.0495,15.055,76.762,66.3545,68.06000000000012,70.96000000000004,86.11999999999995,19.960000000000093,65.18,68.22000000000003,ONAPO,3.353888888888889,106.3877777777778,67.75555555555599,58.84722222222223
260,140521set1_1_PR80.csv_1_SQ81.csv,140521set1_1_PR80.csv,14:56:50,3.72198,107.306,1.6022,26.17,103.998,75,15:03:05,2.52356,106.535,3.18297,104.142,0,249,286,36.36,55.14423329125991,60.22274165739691,-1,-1,36.98,20.1,2,44.14,7.58,57,220,8.31,WP071,76.62,farther,15:06:55,106.12,3.247,105.23,2.91012,105.23,2.91012,15:09:20,105.913,3.02362,15:19:25,104.679,2.69498,8.42,68.0495,15.055,38.089,54.57425,56.175,50.590500000000006,86.11999999999995,19.960000000000093,70.69999999999993,22.83999999999992,62.40000000000009,58.259999999999934,LIPRO,2.895,105.19083333333332,43.81666666666632,47.375
261,140521set1_1_GA90.csv_1_KL91.csv,140521set1_1_GA90.csv,15:07:00,4.57203,106.403,2.56642,22.59,104.092,0,15:03:05,3.72198,107.306,3.40823,103.908,47,231,267,36.2,45.41924886188526,45.37531710419612,-1,-1,7.64,23.91,2,70.16,6.0,45,190,10.47,KILOT,71.62,closer,15:14:00,105.792,3.94132,105.207,3.47143,105.207,3.47143,15:16:25,105.708,3.65337,15:25:50,104.682,3.04319,6.05,89.30075,39.1605,68.0495,60.20575,73.533,66.33425,68.06000000000012,21.83999999999997,86.11999999999995,18.160000000000025,55.84000000000003,54.15999999999997,MABAL,3.473888888888889,105.20972222222224,44.1944444444448,61.84722222222222
262,140521set1_1_GA101.csv_1_SQ100.csv,140521set1_1_GA101.csv,15:10:55,3.72198,107.306,3.40823,26.1,103.908,37,15:14:00,4.57203,106.403,2.56642,104.092,0,267,231,36.2,56.13979653053227,62.54130480303191,1,1,29.91,24.73,3,75.52,7.75,58,300,9.68,VISAT,85.6,farther,15:19:35,106.241,3.52988,105.269,3.4769,105.269,3.4769,15:22:05,105.96,3.6733,15:33:20,104.552,3.44329,10.66,68.0495,60.20575,89.30075,39.1605,63.247,66.8325,86.11999999999995,18.160000000000025,68.06000000000012,21.83999999999997,64.82,59.19999999999988,MABAL,3.473888888888889,105.20972222222224,44.1944444444448,61.84722222222222
263,140521set1_1_SQ111.csv_1_GA110.csv,140521set1_1_SQ111.csv,15:18:40,4.57203,106.403,2.5038,24.24,106.548,0,15:17:05,4.19994,105.012,2.35462,107.115,19,170,131,37.29,67.61149139887328,67.00064882154427,1,1,9.36,13.65,4,71.5,8.83,66,230,13.75,OMLIV,55.69,closer,15:23:35,106.262,4.00672,106.47,2.9184,106.47,2.9184,15:26:05,106.078,3.76645,15:33:25,106.468,2.92413,7.87,89.30075,37.595,79.99849999999999,33.865500000000004,75.16799999999999,69.16125,68.06000000000012,70.96000000000004,40.24000000000001,82.2999999999999,65.24000000000001,61.56000000000006,OMLIV,2.919722222222222,106.46972222222225,69.3944444444449,47.99305555555555
264,140521set1_1_QR121.csv_1_PR120.csv,140521set1_1_QR121.csv,15:25:40,4.57203,106.403,2.5038,21.93,106.548,0,15:24:30,4.19994,105.012,2.35462,107.115,14,170,131,37.29,71.42883817128785,67.63430639166008,1,1,9.03,11.75,4,74.54,9.17,69,240,15.85,OMLIV,57.58,closer,15:30:30,106.26,4.01709,106.476,2.88731,106.476,2.88731,15:33:10,106.038,3.78935,15:40:45,106.465,2.92984,7.65,89.30075,37.595,79.99849999999999,33.865500000000004,75.42724999999999,69.73375,68.06000000000012,70.96000000000004,40.24000000000001,82.2999999999999,65.2000000000001,60.759999999999934,OMLIV,2.919722222222222,106.46972222222225,69.3944444444449,47.99305555555555
265,140521set1_1_SQ140.csv_1_KL141.csv,140521set1_1_SQ140.csv,15:38:25,3.72198,107.306,1.6022,24.62,103.998,80,15:45:05,2.52356,106.535,3.18297,104.142,0,249,286,36.36,60.2384713615625,62.09121577186486,-1,-1,37.32,19.37,1,60.81,8.0,60,220,9.84,WP071,76.66,farther,15:48:15,106.149,3.25834,105.21,2.90255,105.21,2.90255,15:51:00,105.919,2.99857,16:01:05,104.678,2.69434,6.14,68.0495,15.055,38.089,54.57425,56.4585,49.96425,86.11999999999995,19.960000000000093,70.69999999999993,22.83999999999992,62.98000000000002,58.37999999999994,LIPRO,2.895,105.19083333333332,43.81666666666632,47.375
266,140521set1_1_KL151.csv_1_GA150.csv,140521set1_1_KL151.csv,15:45:20,4.57203,106.403,2.56642,2.49,104.092,46,15:49:10,4.19994,105.012,2.35462,107.115,0,231,131,99.94,34.328332521036586,35.96853853697936,1,1,3.28,14.18,2,71.03,4.58,34,250,7.12,KILOT,80.46,farther,15:50:15,105.991,4.114,105.551,3.75061,105.551,3.75061,15:53:05,105.655,3.98791,16:03:40,104.691,3.05575,6.59,89.30075,39.1605,79.99849999999999,33.865500000000004,77.85,74.69775,68.06000000000012,21.83999999999997,40.24000000000001,82.2999999999999,59.81999999999999,53.10000000000002,MUMSO,3.738888888888889,105.53694444444444,50.73888888888888,68.47222222222223
267,140521set1_1_GA160.csv_1_TR161.csv,140521set1_1_GA160.csv,15:52:30,3.72198,107.306,1.6022,23.97,103.998,79,15:59:05,2.52356,106.535,3.18297,104.142,0,249,286,36.36,63.40843818641928,65.88397199415957,-1,-1,37.99,19.37,3,64.55,8.5,64,220,10.78,WP071,77.97,farther,16:01:50,106.208,3.28103,105.21,2.90255,105.21,2.90255,16:04:55,105.948,2.99301,16:15:10,104.683,2.69545,7.2,68.0495,15.055,38.089,54.57425,57.02575,49.82525,86.11999999999995,19.960000000000093,70.69999999999993,22.83999999999992,64.15999999999997,58.959999999999866,LIPRO,2.895,105.19083333333332,43.81666666666632,47.375
268,140521set1_1_GA171.csv_1_PR170.csv,140521set1_1_GA171.csv,15:59:45,4.57203,106.403,2.5038,17.39,106.548,21,16:01:30,3.72198,107.306,1.6022,103.998,0,170,249,79.82,44.10238668062748,48.71945797982619,-1,-1,4.53,29.93,5,92.85,6.08,46,160,5.58,OMLIV,41.76,farther,16:03:35,106.245,4.14306,106.38,3.39525,106.38,3.39525,16:07:50,106.43,3.63755,16:13:20,106.468,2.94265,6.72,89.30075,37.595,68.0495,15.055,78.57650000000001,65.93875,68.06000000000012,70.96000000000004,86.11999999999995,19.960000000000093,64.90000000000009,68.60000000000014,ONAPO,3.353888888888889,106.3877777777778,67.75555555555599,58.84722222222223
269,140521set1_1_3K181.csv_1_SQ180.csv,140521set1_1_3K181.csv,16:06:35,4.57203,106.403,2.5038,17.35,106.548,23,16:08:30,3.72198,107.306,1.6022,103.998,0,170,249,79.82,44.10238668062748,47.45214932908073,-1,-1,5.2,30.3,4,74.69,6.0,45,160,5.21,OMLIV,42.4,farther,16:10:35,106.249,4.12232,106.382,3.38487,106.382,3.38487,16:14:35,106.422,3.64619,16:20:10,106.468,2.94103,5.39,89.30075,37.595,68.0495,15.055,78.058,66.15474999999999,68.06000000000012,70.96000000000004,86.11999999999995,19.960000000000093,64.9799999999999,68.43999999999994,ONAPO,3.353888888888889,106.3877777777778,67.75555555555599,58.84722222222223
270,140521set1_1_TR191.csv_1_PR190.csv,140521set1_1_TR191.csv,16:13:25,4.57203,106.403,2.5038,21.16,106.548,25,16:15:30,3.72198,107.306,1.6022,103.998,0,170,249,79.82,44.10238668062748,46.18484198057508,-1,-1,5.88,30.66,4,79.1,5.92,44,160,6.33,OMLIV,35.44,farther,16:17:35,106.253,4.10158,106.384,3.3745,106.384,3.3745,16:22:30,106.465,3.51642,16:27:10,106.47,2.92581,5.7,89.30075,37.595,68.0495,15.055,77.5395,62.9105,68.06000000000012,70.96000000000004,86.11999999999995,19.960000000000093,65.06,69.30000000000007,ONAPO,3.353888888888889,106.3877777777778,67.75555555555599,58.84722222222223
271,140521set1_1_3K200.csv_1_SQ201.csv,140521set1_1_3K200.csv,16:20:40,3.72198,107.306,1.6022,24.04,103.998,77,16:27:05,2.52356,106.535,3.18297,104.142,0,249,286,36.36,60.2384713615625,64.0154971521154,-1,-1,37.65,19.74,2,65.93,8.17,61,220,10.47,WP071,76.65,farther,16:30:15,106.179,3.26969,105.22,2.90634,105.22,2.90634,16:33:15,105.925,2.98975,16:43:20,104.682,2.69507,8.28,68.0495,15.055,38.089,54.57425,56.742250000000006,49.74375,86.11999999999995,19.960000000000093,70.69999999999993,22.83999999999992,63.58000000000004,58.49999999999994,LIPRO,2.895,105.19083333333332,43.81666666666632,47.375
272,140521set1_1_TR211.csv_1_PR210.csv,140521set1_1_TR211.csv,16:28:40,4.57203,106.403,2.5038,22.59,106.548,0,16:27:05,4.19994,105.012,2.35462,107.115,19,170,131,37.29,68.24771556079118,67.63430639166008,1,1,9.03,13.65,3,78.86,8.92,67,240,17.09,OMLIV,56.98,closer,16:33:30,106.26,4.01709,106.47,2.9184,106.47,2.9184,16:36:25,106.021,3.76838,16:43:55,106.465,2.92881,11.99,89.30075,37.595,79.99849999999999,33.865500000000004,75.42724999999999,69.2095,68.06000000000012,70.96000000000004,40.24000000000001,82.2999999999999,65.2000000000001,60.420000000000016,OMLIV,2.919722222222222,106.46972222222225,69.3944444444449,47.99305555555555
273,140521set1_1_3K220.csv_1_PR221.csv,140521set1_1_3K220.csv,16:34:05,3.72198,107.306,1.6022,21.65,103.998,84,16:41:05,2.52356,106.535,3.18297,104.142,0,249,286,36.36,62.10576739000978,61.44978895369459,-1,-1,37.21,18.3,3,60.2,8.17,61,210,12.85,WP071,77.29,closer,16:44:00,106.139,3.25456,105.181,2.89119,105.181,2.89119,16:46:55,105.936,2.95139,16:57:05,104.674,2.6927,6.31,68.0495,15.055,38.089,54.57425,56.364,48.78475,86.11999999999995,19.960000000000093,70.69999999999993,22.83999999999992,62.77999999999992,58.72000000000014,LIPRO,2.895,105.19083333333332,43.81666666666632,47.375
274,140521set1_1_TR231.csv_1_GA230.csv,140521set1_1_TR231.csv,16:41:55,4.57203,106.403,2.5038,19.78,106.548,19,16:43:30,3.72198,107.306,1.6022,103.998,0,170,249,79.82,38.42977014193557,44.29548342495329,-1,-1,6.89,29.57,2,72.63,5.42,41,160,5.39,OMLIV,38.61,farther,16:46:20,106.259,4.07048,106.378,3.40562,106.378,3.40562,16:50:30,106.438,3.57452,16:55:35,106.469,2.93185,7.85,89.30075,37.595,68.0495,15.055,76.762,64.363,68.06000000000012,70.96000000000004,86.11999999999995,19.960000000000093,65.18,68.76000000000005,ONAPO,3.353888888888889,106.3877777777778,67.75555555555599,58.84722222222223
275,140521set1_1_SQ240.csv_1_3K241.csv,140521set1_1_SQ240.csv,16:48:05,3.72198,107.306,1.6022,21.62,103.998,84,16:55:05,2.52356,106.535,3.18297,104.142,0,249,286,36.36,56.44656525298814,55.78898828137927,-1,-1,36.21,18.3,2,67.78,7.42,56,210,12.02,WP071,72.21,closer,16:58:45,106.051,3.22055,105.181,2.89119,105.181,2.89119,17:01:30,105.857,2.93565,17:11:00,104.678,2.69364,5.95,68.0495,15.055,38.089,54.57425,55.51375,48.39125,86.11999999999995,19.960000000000093,70.69999999999993,22.83999999999992,61.02000000000004,57.13999999999999,LIPRO,2.895,105.19083333333332,43.81666666666632,47.375
276,140521set1_1_PR250.csv_1_SQ251.csv,140521set1_1_PR250.csv,16:55:50,3.72198,107.306,1.6022,22.47,103.998,75,17:02:05,2.52356,106.535,3.18297,104.142,0,249,286,36.36,58.31337604310064,63.37406987576089,-1,-1,37.54,20.1,3,70.67,8.0,60,210,12.43,WP071,79.17,farther,17:05:30,106.169,3.26591,105.23,2.91012,105.23,2.91012,17:08:20,105.97,2.97187,17:18:45,104.68,2.69423,11.49,68.0495,15.055,38.089,54.57425,56.64775,49.29675,86.11999999999995,19.960000000000093,70.69999999999993,22.83999999999992,63.37999999999994,59.39999999999998,LIPRO,2.895,105.19083333333332,43.81666666666632,47.375
277,140521set1_1_PR261.csv_1_GA260.csv,140521set1_1_PR261.csv,17:03:00,4.57203,106.403,2.56642,4.95,104.092,38,17:06:10,4.19994,105.012,2.35462,107.115,0,231,131,99.94,21.64378354456592,28.375481934699216,1,1,4.9,13.25,4,80.27,3.25,24,250,4.41,KILOT,79.16,farther,17:08:55,105.893,4.03394,105.584,3.77727,105.584,3.77727,17:10:40,105.686,3.95474,17:21:05,104.708,3.0692,7.78,89.30075,39.1605,79.99849999999999,33.865500000000004,75.8485,73.8685,68.06000000000012,21.83999999999997,40.24000000000001,82.2999999999999,57.860000000000014,53.72000000000014,MUMSO,3.738888888888889,105.53694444444444,50.73888888888888,68.47222222222223
278,140521set1_1_TR271.csv_1_KL270.csv,140521set1_1_TR271.csv,17:09:20,4.57203,106.403,2.56642,3.51,104.092,46,17:13:10,4.19994,105.012,2.35462,107.115,0,231,131,99.94,31.782244631952604,33.422009418368404,1,1,3.84,14.18,4,66.04,4.25,32,250,7.71,KILOT,76.04,farther,17:14:35,105.959,4.08731,105.551,3.75061,105.551,3.75061,17:17:40,105.593,3.9504,17:27:40,104.693,3.05813,7.36,89.30075,39.1605,79.99849999999999,33.865500000000004,77.18275000000001,73.76,68.06000000000012,21.83999999999997,40.24000000000001,82.2999999999999,59.180000000000064,51.86000000000007,MUMSO,3.738888888888889,105.53694444444444,50.73888888888888,68.47222222222223
279,140521set1_1_PR281.csv_1_SQ280.csv,140521set1_1_PR281.csv,17:16:50,4.57203,106.403,2.5038,18.84,106.548,20,17:18:30,3.72198,107.306,1.6022,103.998,0,170,249,79.82,43.50917344776367,48.71945797982619,-1,-1,4.53,29.93,5,84.29,6.08,46,160,6.02,OMLIV,39.24,farther,17:20:40,106.245,4.14306,106.38,3.39525,106.38,3.39525,17:25:20,106.447,3.58763,17:30:30,106.469,2.93407,7.69,89.30075,37.595,68.0495,15.055,78.57650000000001,64.69075,68.06000000000012,70.96000000000004,86.11999999999995,19.960000000000093,64.90000000000009,68.94000000000005,ONAPO,3.353888888888889,106.3877777777778,67.75555555555599,58.84722222222223
280,140521set1_1_KL291.csv_1_3K290.csv,140521set1_1_KL291.csv,17:23:45,4.57203,106.403,2.5038,16.56,106.548,21,17:25:30,3.72198,107.306,1.6022,103.998,0,170,249,79.82,44.10238668062748,48.71945797982619,-1,-1,4.53,29.93,4,71.85,6.08,46,160,5.27,OMLIV,43.66,farther,17:27:35,106.245,4.14306,106.38,3.39525,106.38,3.39525,17:31:35,106.419,3.66729,17:37:20,106.468,2.9413,6.42,89.30075,37.595,68.0495,15.055,78.57650000000001,66.68225,68.06000000000012,70.96000000000004,86.11999999999995,19.960000000000093,64.90000000000009,68.37999999999994,ONAPO,3.353888888888889,106.3877777777778,67.75555555555599,58.84722222222223
281,150321set1_1_PR01.csv_1_PR00.csv,150321set1_1_PR01.csv,14:00:55,4.57203,106.403,2.56642,4.09,104.092,39,14:04:10,4.19994,105.012,2.35462,107.115,0,231,131,99.94,21.0071631712307,27.07876063004271,1,1,5.18,13.49,0,0.0,3.17,24,260,4.65,MABAL,41.18,farther,14:07:00,105.877,4.02059,105.576,3.7706,105.576,3.7706,14:08:25,105.705,3.97581,14:13:50,105.223,3.48715,7.26,89.30075,39.1605,79.99849999999999,33.865500000000004,75.51475,74.39525,68.06000000000012,21.83999999999997,40.24000000000001,82.2999999999999,57.53999999999991,54.099999999999966,MUMSO,3.738888888888889,105.53694444444444,50.73888888888888,68.47222222222223
282,150321set1_1_TR11.csv_1_PR10.csv,150321set1_1_TR11.csv,14:07:10,4.57203,106.403,2.5038,24.67,106.548,28,14:09:30,3.72198,107.306,1.6022,103.998,0,170,249,79.82,44.10238668062748,44.29548342495329,-1,-1,6.89,31.39,2,49.84,5.83,44,160,7.38,OMBAP,51.88,farther,14:11:35,106.259,4.07048,106.388,3.35375,106.388,3.35375,14:17:15,106.505,3.39647,14:24:05,106.544,2.53264,4.95,89.30075,37.595,68.0495,15.055,76.762,59.91175,68.06000000000012,70.96000000000004,86.11999999999995,19.960000000000093,65.18,70.09999999999991,ONAPO,3.353888888888889,106.3877777777778,67.75555555555599,58.84722222222223
283,150321set1_1_TR21.csv_1_KL20.csv,150321set1_1_TR21.csv,14:14:35,4.57203,106.403,2.56642,3.45,104.092,43,14:18:10,4.19994,105.012,2.35462,107.115,0,231,131,99.94,23.552854784008765,27.07876063004271,1,1,5.18,13.94,4,77.75,3.33,25,260,6.19,MABAL,39.27,farther,14:20:40,105.877,4.02059,105.559,3.75727,105.559,3.75727,14:22:25,105.661,3.9731,14:27:35,105.222,3.48765,6.96,89.30075,39.1605,79.99849999999999,33.865500000000004,75.51475,74.3275,68.06000000000012,21.83999999999997,40.24000000000001,82.2999999999999,57.53999999999991,53.22000000000003,MUMSO,3.738888888888889,105.53694444444444,50.73888888888888,68.47222222222223
284,150321set1_1_SQ31.csv_1_KL30.csv,150321set1_1_SQ31.csv,14:21:50,4.57203,106.403,2.5038,19.87,106.548,20,14:23:30,3.72198,107.306,1.6022,103.998,0,170,249,79.82,41.6183384192939,46.81849548543851,-1,-1,5.54,29.93,3,64.53,5.83,44,160,6.14,OMBAP,61.39,farther,14:25:55,106.251,4.11195,106.38,3.39525,106.38,3.39525,14:30:35,106.454,3.55689,14:38:40,106.544,2.53777,8.14,89.30075,37.595,68.0495,15.055,77.79875000000001,63.922250000000005,68.06000000000012,70.96000000000004,86.11999999999995,19.960000000000093,65.0200000000001,69.07999999999987,ONAPO,3.353888888888889,106.3877777777778,67.75555555555599,58.84722222222223
285,150321set1_1_KL41.csv_1_3K40.csv,150321set1_1_KL41.csv,14:29:40,4.57203,106.403,2.5038,26.15,106.548,0,14:28:40,4.19994,105.012,2.35462,107.115,12,170,131,37.29,65.70242372886065,60.67631232766279,1,1,12.91,11.12,3,60.49,8.33,62,250,17.13,OMBAP,77.21,closer,14:35:25,106.278,3.90302,106.478,2.87694,106.478,2.87694,14:38:05,106.032,3.70732,14:48:15,106.543,2.5263,10.03,89.30075,37.595,79.99849999999999,33.865500000000004,72.5755,67.683,68.06000000000012,70.96000000000004,40.24000000000001,82.2999999999999,65.56000000000012,60.63999999999993,OMLIV,2.919722222222222,106.46972222222225,69.3944444444449,47.99305555555555
286,150321set1_1_3K51.csv_1_3K50.csv,150321set1_1_3K51.csv,14:35:45,4.57203,106.403,2.56642,4.86,104.092,41,14:39:10,4.19994,105.012,2.35462,107.115,0,231,131,99.94,24.18908052990557,29.00038458788348,1,1,4.76,13.73,3,67.88,3.5,26,250,5.43,MABAL,37.4,farther,14:41:35,105.901,4.04061,105.568,3.76394,105.568,3.76394,14:43:45,105.645,3.94338,14:48:40,105.221,3.48651,7.04,89.30075,39.1605,79.99849999999999,33.865500000000004,76.01525,73.58449999999999,68.06000000000012,21.83999999999997,40.24000000000001,82.2999999999999,58.019999999999925,52.89999999999992,MUMSO,3.738888888888889,105.53694444444444,50.73888888888888,68.47222222222223
287,150321set1_1_TR61.csv_1_SQ60.csv,150321set1_1_TR61.csv,14:42:25,4.57203,106.403,2.56642,4.86,104.092,45,14:46:10,4.19994,105.012,2.35462,107.115,0,231,131,99.94,26.73477687013957,29.00038458788348,1,1,4.76,14.18,2,43.36,3.67,28,250,5.43,MABAL,37.4,farther,14:48:15,105.901,4.04061,105.551,3.75061,105.551,3.75061,14:50:25,105.645,3.94338,14:55:20,105.221,3.48651,5.27,89.30075,39.1605,79.99849999999999,33.865500000000004,76.01525,73.58449999999999,68.06000000000012,21.83999999999997,40.24000000000001,82.2999999999999,58.019999999999925,52.89999999999992,MUMSO,3.738888888888889,105.53694444444444,50.73888888888888,68.47222222222223
288,150321set1_1_QR71.csv_1_TR70.csv,150321set1_1_QR71.csv,14:49:05,4.57203,106.403,2.5038,14.08,106.548,29,14:51:30,3.72198,107.306,1.6022,103.998,0,170,249,79.82,44.75123167221104,44.29548342495329,-1,-1,6.94,31.39,4,69.08,5.83,44,150,9.71,OMBAP,67.08,closer,14:53:30,106.258,4.07033,106.388,3.35375,106.388,3.35375,14:57:20,106.498,3.64856,15:06:10,106.545,2.53153,6.29,89.30075,37.595,68.0495,15.055,76.75825,66.214,68.06000000000012,70.96000000000004,86.11999999999995,19.960000000000093,65.15999999999991,69.9600000000001,ONAPO,3.353888888888889,106.3877777777778,67.75555555555599,58.84722222222223
289,150321set1_1_3K80.csv_1_PR81.csv,150321set1_1_3K80.csv,15:00:00,4.57203,106.403,2.56642,30.19,104.092,0,14:56:35,3.72198,107.306,3.40823,103.908,41,231,267,36.2,63.80296958795104,59.93613234456526,-1,-1,4.01,24.37,1,62.43,8.08,61,200,17.87,KILOT,71.63,closer,15:05:05,105.98,4.09478,105.19,3.45811,105.19,3.45811,15:09:50,105.761,3.53718,15:19:15,104.676,3.03931,6.48,89.30075,39.1605,68.0495,60.20575,77.3695,63.4295,68.06000000000012,21.83999999999997,86.11999999999995,18.160000000000025,59.60000000000008,55.21999999999992,MABAL,3.473888888888889,105.20972222222224,44.1944444444448,61.84722222222222
290,150321set1_1_GA90.csv_1_KL91.csv,150321set1_1_GA90.csv,15:07:00,4.57203,106.403,2.56642,28.49,104.092,0,15:03:30,3.72198,107.306,3.40823,103.908,42,231,267,36.2,64.46373327215237,61.23286810025987,-1,-1,3.95,24.6,3,69.59,8.33,62,200,17.22,KILOT,74.18,closer,15:11:55,105.999,4.10566,105.182,3.45146,105.182,3.45146,15:16:25,105.793,3.57702,15:26:10,104.679,3.0409,6.4,89.30075,39.1605,68.0495,60.20575,77.64150000000001,64.4255,68.06000000000012,21.83999999999997,86.11999999999995,18.160000000000025,59.97999999999991,55.86000000000013,MABAL,3.473888888888889,105.20972222222224,44.1944444444448,61.84722222222222
291,150321set1_1_TR101.csv_1_QR100.csv,150321set1_1_TR101.csv,15:10:50,3.72198,107.306,3.40823,21.37,103.908,38,15:14:00,4.57203,106.403,2.56642,104.092,0,267,231,36.2,56.76469706176382,62.54130480303191,1,1,29.91,24.41,4,82.68,7.92,59,330,16.25,MABAL,51.29,farther,15:19:30,106.241,3.52988,105.248,3.47583,105.248,3.47583,15:22:20,106.01,3.78549,15:29:05,105.213,3.47659,16.74,68.0495,60.20575,89.30075,39.1605,63.247,69.63725,86.11999999999995,18.160000000000025,68.06000000000012,21.83999999999997,64.82,60.2000000000001,MABAL,3.473888888888889,105.20972222222224,44.1944444444448,61.84722222222222
292,150321set1_1_QR111.csv_1_TR110.csv,150321set1_1_QR111.csv,15:18:40,4.57203,106.403,2.5038,22.85,106.548,0,15:17:15,4.19994,105.012,2.35462,107.115,17,170,131,37.29,70.79261341985739,68.90162200751931,1,1,8.35,13.02,4,69.74,9.17,69,230,15.4,OMLIV,56.95,closer,15:23:20,106.256,4.03783,106.472,2.90804,106.472,2.90804,15:26:05,106.048,3.77722,15:33:35,106.467,2.92552,7.97,89.30075,37.595,79.99849999999999,33.865500000000004,75.94574999999999,69.4305,68.06000000000012,70.96000000000004,40.24000000000001,82.2999999999999,65.12,60.96000000000004,OMLIV,2.919722222222222,106.46972222222225,69.3944444444449,47.99305555555555
293,150321set1_1_TR121.csv_1_3K120.csv,150321set1_1_TR121.csv,15:24:55,4.57203,106.403,2.5038,19.24,106.548,19,15:26:30,3.72198,107.306,1.6022,103.998,0,170,249,79.82,43.50917344776367,49.35252295238818,-1,-1,4.19,29.57,4,67.83,6.08,46,160,6.45,OMLIV,37.96,farther,15:28:40,106.243,4.15339,106.378,3.40562,106.378,3.40562,15:33:35,106.457,3.56859,15:38:35,106.469,2.93612,8.63,89.30075,37.595,68.0495,15.055,78.83475,64.21475,68.06000000000012,70.96000000000004,86.11999999999995,19.960000000000093,64.8599999999999,69.13999999999987,ONAPO,3.353888888888889,106.3877777777778,67.75555555555599,58.84722222222223
294,150321set1_1_TR131.csv_1_GA130.csv,150321set1_1_TR131.csv,15:31:45,4.57203,106.403,2.56642,10.08,104.092,41,15:35:10,4.19994,105.012,2.35462,107.115,0,231,131,99.94,19.733923297207344,24.53261427630932,1,1,5.65,13.73,2,60.5,2.92,22,240,3.56,KILOT,66.5,farther,15:38:10,105.843,3.99455,105.568,3.76394,105.568,3.76394,15:40:55,105.542,3.81944,15:49:40,104.718,3.07815,5.96,89.30075,39.1605,79.99849999999999,33.865500000000004,74.86375,70.486,68.06000000000012,21.83999999999997,40.24000000000001,82.2999999999999,56.86000000000007,50.84000000000003,MUMSO,3.738888888888889,105.53694444444444,50.73888888888888,68.47222222222223
295,150321set1_1_GA141.csv_1_SQ140.csv,150321set1_1_GA141.csv,15:39:40,4.57203,106.403,2.5038,31.77,106.548,0,15:38:55,4.19994,105.012,2.35462,107.115,9,170,131,37.29,63.157530013609886,56.24129430325912,1,1,15.13,10.49,3,70.69,7.83,59,250,15.87,OMLIV,48.68,closer,15:46:00,106.295,3.83046,106.48,2.86658,106.48,2.86658,15:48:40,106.069,3.6211,15:55:05,106.468,2.91461,6.14,89.30075,37.595,79.99849999999999,33.865500000000004,70.7615,65.5275,68.06000000000012,70.96000000000004,40.24000000000001,82.2999999999999,65.90000000000003,61.38000000000005,OMLIV,2.919722222222222,106.46972222222225,69.3944444444449,47.99305555555555
296,150321set1_1_PR151.csv_1_3K150.csv,150321set1_1_PR151.csv,15:46:40,4.57203,106.403,2.5038,20.6,106.548,0,15:45:25,4.19994,105.012,2.35462,107.115,15,170,131,37.29,70.79261341985739,67.63430639166008,1,1,9.03,12.39,4,75.31,9.08,68,250,17.76,OMLIV,59.49,closer,15:51:30,106.26,4.01709,106.474,2.89767,106.474,2.89767,15:54:25,106.004,3.79691,16:02:15,106.468,2.92064,11.47,89.30075,37.595,79.99849999999999,33.865500000000004,75.42724999999999,69.92275,68.06000000000012,70.96000000000004,40.24000000000001,82.2999999999999,65.2000000000001,60.0800000000001,OMLIV,2.919722222222222,106.46972222222225,69.3944444444449,47.99305555555555
297,150321set1_1_QR160.csv_1_PR161.csv,150321set1_1_QR160.csv,15:52:45,3.72198,107.306,1.6022,23.11,103.998,76,15:59:05,2.52356,106.535,3.18297,104.142,0,249,286,36.36,59.616039410908655,64.0154971521154,-1,-1,37.65,19.74,1,39.41,8.17,61,200,12.52,WP071,83.59,farther,16:02:20,106.179,3.26969,105.22,2.90634,105.22,2.90634,16:04:50,106.035,2.99514,16:15:50,104.675,2.69316,11.71,68.0495,15.055,38.089,54.57425,56.742250000000006,49.8785,86.11999999999995,19.960000000000093,70.69999999999993,22.83999999999992,63.58000000000004,60.69999999999993,LIPRO,2.895,105.19083333333332,43.81666666666632,47.375
298,150321set1_1_SQ171.csv_1_KL170.csv,150321set1_1_SQ171.csv,15:59:40,4.57203,106.403,2.5038,21.05,106.548,22,16:01:30,3.72198,107.306,1.6022,103.998,0,170,249,79.82,44.75123167221104,48.71945797982619,-1,-1,4.53,30.3,2,73.2,6.17,46,160,6.88,OMLIV,34.8,farther,16:03:30,106.245,4.14306,106.382,3.38487,106.382,3.38487,16:08:50,106.476,3.50834,16:13:25,106.47,2.92829,7.69,89.30075,37.595,68.0495,15.055,78.57650000000001,62.7085,68.06000000000012,70.96000000000004,86.11999999999995,19.960000000000093,64.90000000000009,69.51999999999998,ONAPO,3.353888888888889,106.3877777777778,67.75555555555599,58.84722222222223
299,150321set1_1_QR181.csv_1_GA180.csv,150321set1_1_QR181.csv,16:06:55,4.57203,106.403,2.5038,20.32,106.548,19,16:08:30,3.72198,107.306,1.6022,103.998,0,170,249,79.82,35.24140889949196,41.12720067429343,-1,-1,8.57,29.57,4,75.94,5.0,38,160,4.77,OMLIV,37.97,farther,16:11:45,106.269,4.01864,106.378,3.40562,106.378,3.40562,16:15:30,106.428,3.57166,16:20:30,106.468,2.9401,7.4,89.30075,37.595,68.0495,15.055,75.46600000000001,64.2915,68.06000000000012,70.96000000000004,86.11999999999995,19.960000000000093,65.38000000000011,68.55999999999995,ONAPO,3.353888888888889,106.3877777777778,67.75555555555599,58.84722222222223
300,150321set1_1_QR191.csv_1_PR190.csv,150321set1_1_QR191.csv,16:14:40,4.57203,106.403,2.5038,25.01,106.548,0,16:13:55,4.19994,105.012,2.35462,107.115,9,170,131,37.29,69.52016425469644,62.56564049100442,1,1,11.72,10.49,3,68.06,8.67,65,250,16.5,OMLIV,55.01,closer,16:20:10,106.276,3.93414,106.48,2.86658,106.48,2.86658,16:22:50,106.038,3.73167,16:30:05,106.467,2.92144,6.54,89.30075,37.595,79.99849999999999,33.865500000000004,73.35350000000001,68.29175,68.06000000000012,70.96000000000004,40.24000000000001,82.2999999999999,65.51999999999992,60.759999999999934,OMLIV,2.919722222222222,106.46972222222225,69.3944444444449,47.99305555555555
301,150321set1_1_QR201.csv_1_3K200.csv,150321set1_1_QR201.csv,16:21:00,4.57203,106.403,2.56642,3.41,104.092,38,16:24:10,4.19994,105.012,2.35462,107.115,0,231,131,99.94,26.09815476302569,32.79672443533271,1,1,3.98,13.25,3,67.57,3.83,29,250,4.99,MABAL,41.83,farther,16:26:20,105.951,4.08064,105.584,3.77727,105.584,3.77727,16:28:20,105.714,3.99063,16:33:50,105.227,3.49173,7.67,89.30075,39.1605,79.99849999999999,33.865500000000004,77.01599999999999,74.76575,68.06000000000012,21.83999999999997,40.24000000000001,82.2999999999999,59.01999999999987,54.27999999999997,MUMSO,3.738888888888889,105.53694444444444,50.73888888888888,68.47222222222223
302,150321set1_1_SQ221.csv_1_TR220.csv,150321set1_1_SQ221.csv,16:35:40,4.57203,106.403,2.5038,20.64,106.548,0,16:34:25,4.19994,105.012,2.35462,107.115,15,170,131,37.29,72.70168376087682,69.53528004459403,1,1,8.02,12.39,2,96.54,9.33,70,240,14.67,ONAPO,34.75,closer,16:40:15,106.254,4.0482,106.474,2.89767,106.474,2.89767,16:42:50,106.052,3.82059,16:47:25,106.387,3.34807,8.15,89.30075,37.595,79.99849999999999,33.865500000000004,76.20499999999998,70.51475,68.06000000000012,70.96000000000004,40.24000000000001,82.2999999999999,65.0800000000001,61.04000000000013,OMLIV,2.919722222222222,106.46972222222225,69.3944444444449,47.99305555555555
303,150321set1_1_QR231.csv_1_PR230.csv,150321set1_1_QR231.csv,16:41:30,4.57203,106.403,2.5038,14.69,106.548,24,16:43:30,3.72198,107.306,1.6022,103.998,0,170,249,79.82,39.078566129457535,41.76085663935714,-1,-1,8.28,30.66,2,47.01,5.33,40,150,8.64,OMLIV,43.66,farther,16:46:15,106.266,4.02885,106.384,3.3745,106.384,3.3745,16:49:40,106.479,3.65276,16:55:25,106.47,2.92518,7.64,89.30075,37.595,68.0495,15.055,75.72125000000001,66.31899999999999,68.06000000000012,70.96000000000004,86.11999999999995,19.960000000000093,65.3200000000001,69.57999999999998,ONAPO,3.353888888888889,106.3877777777778,67.75555555555599,58.84722222222223
304,150321set1_1_GA241.csv_1_KL240.csv,150321set1_1_GA241.csv,16:48:20,4.57203,106.403,2.56642,3.26,104.092,46,16:52:10,4.19994,105.012,2.35462,107.115,0,231,131,99.94,26.09815476302569,27.704048302251955,1,1,5.04,14.18,2,59.3,3.5,26,260,6.83,KILOT,78.56,farther,16:54:20,105.885,4.02726,105.551,3.75061,105.551,3.75061,16:56:20,105.64,3.96966,17:06:40,104.697,3.06122,6.77,89.30075,39.1605,79.99849999999999,33.865500000000004,75.6815,74.2415,68.06000000000012,21.83999999999997,40.24000000000001,82.2999999999999,57.7000000000001,52.80000000000001,MUMSO,3.738888888888889,105.53694444444444,50.73888888888888,68.47222222222223
305,150321set1_1_QR251.csv_1_QR250.csv,150321set1_1_QR251.csv,16:55:30,4.57203,106.403,2.5038,21.52,106.548,24,16:57:30,3.72198,107.306,1.6022,103.998,0,170,249,79.82,42.8603392060212,45.55118882862832,-1,-1,6.21,30.66,3,63.74,5.83,44,160,6.33,OMLIV,34.8,farther,16:59:45,106.255,4.09122,106.384,3.3745,106.384,3.3745,17:04:40,106.467,3.50605,17:09:15,106.47,2.92598,6.27,89.30075,37.595,68.0495,15.055,77.28049999999999,62.651250000000005,68.06000000000012,70.96000000000004,86.11999999999995,19.960000000000093,65.09999999999991,69.33999999999997,ONAPO,3.353888888888889,106.3877777777778,67.75555555555599,58.84722222222223
306,150321set1_1_PR261.csv_1_QR260.csv,150321set1_1_PR261.csv,17:02:55,4.57203,106.403,2.56642,4.36,104.092,39,17:06:10,4.19994,105.012,2.35462,107.115,0,231,131,99.94,24.18908052990557,30.25057445501117,1,1,4.51,13.49,4,79.26,3.58,27,250,5.22,MABAL,38.64,farther,17:08:35,105.918,4.05395,105.576,3.7706,105.576,3.7706,17:10:40,105.671,3.96033,17:15:45,105.228,3.49301,7.61,89.30075,39.1605,79.99849999999999,33.865500000000004,76.34875000000001,74.00825,68.06000000000012,21.83999999999997,40.24000000000001,82.2999999999999,58.36000000000013,53.42000000000013,MUMSO,3.738888888888889,105.53694444444444,50.73888888888888,68.47222222222223
307,150321set1_1_PR271.csv_1_KL270.csv,150321set1_1_PR271.csv,17:10:40,4.57203,106.403,2.5038,28.66,106.548,0,17:09:20,4.19994,105.012,2.35462,107.115,16,170,131,37.29,65.70242372886065,63.19929679595083,1,1,11.38,12.39,3,68.81,8.5,64,240,28.42,OMBAP,75.96,closer,17:16:05,106.274,3.94451,106.474,2.89767,106.474,2.89767,17:20:35,105.861,3.59559,17:30:35,106.541,2.52765,20.79,89.30075,37.595,79.99849999999999,33.865500000000004,73.61275,64.88975,68.06000000000012,70.96000000000004,40.24000000000001,82.2999999999999,65.48000000000002,57.22000000000008,OMLIV,2.919722222222222,106.46972222222225,69.3944444444449,47.99305555555555
308,150321set1_1_TR280.csv_1_KL281.csv,150321set1_1_TR280.csv,17:20:00,4.57203,106.403,2.56642,28.22,104.092,0,17:16:30,3.72198,107.306,3.40823,103.908,42,231,267,36.2,63.80296958795104,60.60759191915888,-1,-1,4.08,24.6,2,80.11,8.25,62,200,16.88,KILOT,74.13,closer,17:25:00,105.991,4.09899,105.182,3.45146,105.182,3.45146,17:29:25,105.788,3.58026,17:39:10,104.677,3.03976,6.22,89.30075,39.1605,68.0495,60.20575,77.47474999999999,64.5065,68.06000000000012,21.83999999999997,86.11999999999995,18.160000000000025,59.81999999999999,55.759999999999934,MABAL,3.473888888888889,105.20972222222224,44.1944444444448,61.84722222222222
309,150321set1_1_KL291.csv_1_KL290.csv,150321set1_1_KL291.csv,17:30:05,2.52356,106.535,3.18297,25.67,104.142,0,17:23:00,3.72198,107.306,1.6022,103.998,85,286,249,36.36,53.22327946717467,54.52180268943992,1,1,2.92,18.64,2,73.24,7.08,53,330,16.09,KILOT,68.5,farther,17:34:00,106.057,2.65681,105.202,2.89199,105.202,2.89199,17:37:20,105.82,2.99728,17:46:20,104.679,3.03764,11.53,38.089,54.57425,68.0495,15.055,41.42025,49.932,70.69999999999993,22.83999999999992,86.11999999999995,19.960000000000093,61.14000000000004,56.39999999999986,LIPRO,2.895,105.19083333333332,43.81666666666632,47.375
310,310321set2_1_GA01.csv_1_KL00.csv,310321set2_1_GA01.csv,14:00:50,3.72198,107.306,3.40823,22.16,103.908,38,14:04:00,4.57203,106.403,2.56642,104.092,0,267,231,36.2,54.88962036488045,60.618906682556194,1,1,31.32,24.41,0,0.0,7.67,58,310,13.06,VISAT,84.32,farther,14:09:45,106.209,3.52827,105.248,3.47583,105.248,3.47583,14:12:35,105.918,3.72761,14:23:40,104.542,3.44222,13.11,68.0495,60.20575,89.30075,39.1605,63.20675,68.19024999999999,86.11999999999995,18.160000000000025,68.06000000000012,21.83999999999997,64.18000000000006,58.36000000000013,MABAL,3.473888888888889,105.20972222222224,44.1944444444448,61.84722222222222
311,310321set2_1_TR11.csv_1_3K10.csv,310321set2_1_TR11.csv,14:07:35,3.72198,107.306,3.40823,22.36,103.908,41,14:11:00,4.57203,106.403,2.56642,104.092,0,267,231,36.2,62.48266682970896,66.32623849089332,1,1,27.15,24.41,2,55.17,8.42,63,300,13.12,VISAT,84.97,farther,14:15:45,106.304,3.5331,105.248,3.47583,105.248,3.47583,14:19:05,105.932,3.72926,14:30:15,104.545,3.44298,10.25,68.0495,60.20575,89.30075,39.1605,63.3275,68.2315,86.11999999999995,18.160000000000025,68.06000000000012,21.83999999999997,66.08000000000004,58.64000000000004,MABAL,3.473888888888889,105.20972222222224,44.1944444444448,61.84722222222222
312,310321set2_1_SQ20.csv_1_GA21.csv,310321set2_1_SQ20.csv,14:14:20,3.72198,107.306,1.6022,22.62,103.998,81,14:21:05,2.52356,106.535,3.18297,104.142,0,249,286,36.36,60.2384713615625,61.44978895369459,-1,-1,37.21,19.03,4,80.85,8.0,60,210,12.04,WP071,77.92,farther,14:24:15,106.139,3.25456,105.201,2.89877,105.201,2.89877,14:27:00,105.946,2.96966,14:37:15,104.677,2.69363,7.63,68.0495,15.055,38.089,54.57425,56.364,49.2415,86.11999999999995,19.960000000000093,70.69999999999993,22.83999999999992,62.77999999999992,58.91999999999996,LIPRO,2.895,105.19083333333332,43.81666666666632,47.375
313,310321set2_1_SQ31.csv_1_TR30.csv,310321set2_1_SQ31.csv,14:22:40,4.57203,106.403,2.5038,26.28,106.548,0,14:21:25,4.19994,105.012,2.35462,107.115,15,170,131,37.29,69.52016425469644,66.36699141602574,1,1,9.7,12.39,4,84.22,8.92,67,230,19.25,OMLIV,53.76,closer,14:27:40,106.264,3.99636,106.474,2.89767,106.474,2.89767,14:31:00,105.999,3.68828,14:38:05,106.466,2.92368,10.49,89.30075,37.595,79.99849999999999,33.865500000000004,74.909,67.207,68.06000000000012,70.96000000000004,40.24000000000001,82.2999999999999,65.27999999999992,59.97999999999991,OMLIV,2.919722222222222,106.46972222222225,69.3944444444449,47.99305555555555
314,310321set2_1_KL41.csv_1_SQ40.csv,310321set2_1_KL41.csv,14:29:40,4.57203,106.403,2.5038,30.57,106.548,0,14:28:10,4.19994,105.012,2.35462,107.115,18,170,131,37.29,61.88468798154845,60.67631232766279,1,1,12.91,13.02,4,80.5,8.08,61,230,17.04,OMLIV,49.93,closer,14:35:25,106.278,3.90302,106.472,2.90804,106.472,2.90804,14:38:20,106.047,3.63245,14:44:55,106.468,2.91471,10.54,89.30075,37.595,79.99849999999999,33.865500000000004,72.5755,65.81125,68.06000000000012,70.96000000000004,40.24000000000001,82.2999999999999,65.56000000000012,60.93999999999994,OMLIV,2.919722222222222,106.46972222222225,69.3944444444449,47.99305555555555
315,310321set2_1_TR51.csv_1_TR50.csv,310321set2_1_TR51.csv,14:35:35,4.57203,106.403,2.56642,3.54,104.092,43,14:39:10,4.19994,105.012,2.35462,107.115,0,231,131,99.94,29.872383743205297,33.422009418368404,1,1,3.84,13.94,2,58.52,4.17,31,250,7.93,KILOT,75.39,farther,14:40:50,105.959,4.08731,105.559,3.75727,105.559,3.75727,14:44:00,105.583,3.94679,14:53:55,104.694,3.05892,8.89,89.30075,39.1605,79.99849999999999,33.865500000000004,77.18275000000001,73.66975,68.06000000000012,21.83999999999997,40.24000000000001,82.2999999999999,59.180000000000064,51.65999999999997,MUMSO,3.738888888888889,105.53694444444444,50.73888888888888,68.47222222222223
316,310321set2_1_KL61.csv_1_SQ60.csv,310321set2_1_KL61.csv,14:42:35,3.72198,107.306,3.40823,21.79,103.908,41,14:46:00,4.57203,106.403,2.56642,104.092,0,267,231,36.2,54.88962036488045,58.756401488355245,1,1,32.74,24.41,2,51.24,7.42,56,300,12.08,VISAT,79.26,farther,14:51:45,106.177,3.52666,105.248,3.47583,105.248,3.47583,14:54:50,105.833,3.707,15:05:15,104.539,3.44161,9.81,68.0495,60.20575,89.30075,39.1605,63.166500000000006,67.675,86.11999999999995,18.160000000000025,68.06000000000012,21.83999999999997,63.54000000000013,56.65999999999997,MABAL,3.473888888888889,105.20972222222224,44.1944444444448,61.84722222222222
317,310321set2_1_TR71.csv_1_SQ70.csv,310321set2_1_TR71.csv,14:49:55,4.57203,106.403,2.56642,5.97,104.092,39,14:53:10,4.19994,105.012,2.35462,107.115,0,231,131,99.94,19.733923297207344,25.828949182298896,1,1,5.43,13.49,3,50.29,3.0,22,250,4.99,KILOT,75.41,farther,14:56:10,105.86,4.00725,105.576,3.7706,105.576,3.7706,14:58:10,105.624,3.91723,15:08:05,104.701,3.06415,8.04,89.30075,39.1605,79.99849999999999,33.865500000000004,75.18125,72.93075,68.06000000000012,21.83999999999997,40.24000000000001,82.2999999999999,57.19999999999999,52.47999999999991,MUMSO,3.738888888888889,105.53694444444444,50.73888888888888,68.47222222222223
318,310321set2_1_SQ80.csv_1_KL81.csv,310321set2_1_SQ80.csv,14:56:50,3.72198,107.306,1.6022,23.57,103.998,75,15:03:05,2.52356,106.535,3.18297,104.142,0,249,286,36.36,56.44656525298814,61.44978895369459,-1,-1,37.21,20.1,3,52.04,7.75,58,210,11.25,WP071,78.56,farther,15:06:45,106.139,3.25456,105.23,2.91012,105.23,2.91012,15:09:20,105.957,2.98793,15:19:40,104.681,2.69463,10.75,68.0495,15.055,38.089,54.57425,56.364,49.69825,86.11999999999995,19.960000000000093,70.69999999999993,22.83999999999992,62.77999999999992,59.13999999999987,LIPRO,2.895,105.19083333333332,43.81666666666632,47.375
319,310321set2_1_TR91.csv_1_QR90.csv,310321set2_1_TR91.csv,15:04:40,4.57203,106.403,2.5038,26.18,106.548,0,15:03:15,4.19994,105.012,2.35462,107.115,17,170,131,37.29,66.97487143832491,65.1002668653658,1,1,10.37,13.02,4,84.0,8.67,65,230,14.36,OMLIV,53.8,closer,15:09:50,106.268,3.97562,106.472,2.90804,106.472,2.90804,15:12:25,106.075,3.72857,15:19:30,106.468,2.9227,7.17,89.30075,37.595,79.99849999999999,33.865500000000004,74.3905,68.21424999999999,68.06000000000012,70.96000000000004,40.24000000000001,82.2999999999999,65.36000000000001,61.50000000000006,OMLIV,2.919722222222222,106.46972222222225,69.3944444444449,47.99305555555555
320,310321set2_1_PR100.csv_1_PR101.csv,310321set2_1_PR100.csv,15:10:10,3.72198,107.306,1.6022,22.68,103.998,83,15:17:05,2.52356,106.535,3.18297,104.142,0,249,286,36.36,56.44656525298814,56.43041590059958,-1,-1,36.33,18.66,3,67.86,7.42,56,210,11.25,WP071,73.53,closer,15:20:45,106.06,3.22433,105.191,2.89499,105.191,2.89499,15:23:20,105.878,2.9577,15:33:00,104.681,2.69463,6.01,68.0495,15.055,38.089,54.57425,55.608250000000005,48.9425,86.11999999999995,19.960000000000093,70.69999999999993,22.83999999999992,61.200000000000045,57.56,LIPRO,2.895,105.19083333333332,43.81666666666632,47.375
321,310321set2_1_KL111.csv_1_TR110.csv,310321set2_1_KL111.csv,15:17:25,3.72198,107.306,3.40823,23.74,103.908,43,15:21:00,4.57203,106.403,2.56642,104.092,0,267,231,36.2,61.85776697334104,64.46373327215237,1,1,28.55,24.09,2,61.54,8.33,62,300,11.74,VISAT,84.95,farther,15:25:50,106.272,3.53149,105.227,3.47477,105.227,3.47477,15:28:50,105.937,3.70655,15:40:00,104.546,3.44269,8.2,68.0495,60.20575,89.30075,39.1605,63.28724999999999,67.66375,86.11999999999995,18.160000000000025,68.06000000000012,21.83999999999997,65.44000000000011,58.73999999999995,MABAL,3.473888888888889,105.20972222222224,44.1944444444448,61.84722222222222
322,310321set2_1_KL121.csv_1_TR120.csv,310321set2_1_KL121.csv,15:25:40,4.57203,106.403,2.5038,31.02,106.548,0,15:24:10,4.19994,105.012,2.35462,107.115,18,170,131,37.29,65.06620008084144,63.83295329714683,1,1,11.05,13.02,4,78.09,8.5,64,230,25.38,OMLIV,51.75,closer,15:31:00,106.272,3.95488,106.472,2.90804,106.472,2.90804,15:35:15,105.917,3.57222,15:42:05,106.469,2.90939,19.16,89.30075,37.595,79.99849999999999,33.865500000000004,73.872,64.30550000000001,68.06000000000012,70.96000000000004,40.24000000000001,82.2999999999999,65.44000000000011,58.34000000000003,OMLIV,2.919722222222222,106.46972222222225,69.3944444444449,47.99305555555555
323,310321set2_1_GA131.csv_1_GA130.csv,310321set2_1_GA131.csv,15:31:30,3.72198,107.306,3.40823,21.15,103.908,42,15:35:00,4.57203,106.403,2.56642,104.092,0,267,231,36.2,54.88962036488045,58.09560745184022,1,1,33.2,24.09,4,78.12,7.5,56,300,12.43,VISAT,77.95,farther,15:40:45,106.167,3.52612,105.227,3.47477,105.227,3.47477,15:43:55,105.813,3.71173,15:54:10,104.542,3.44229,9.48,68.0495,60.20575,89.30075,39.1605,63.153000000000006,67.79325,86.11999999999995,18.160000000000025,68.06000000000012,21.83999999999997,63.34000000000003,56.26000000000005,MABAL,3.473888888888889,105.20972222222224,44.1944444444448,61.84722222222222
324,310321set2_1_3K141.csv_1_3K140.csv,310321set2_1_3K141.csv,15:38:05,4.57203,106.403,2.56642,6.6,104.092,49,15:42:10,4.19994,105.012,2.35462,107.115,0,231,131,99.94,24.82530654005861,24.53261427630932,1,1,5.71,14.65,2,27.3,3.25,24,250,6.26,KILOT,70.96,closer,15:44:30,105.844,3.9939,105.535,3.73728,105.535,3.73728,15:47:00,105.548,3.88224,15:56:20,104.697,3.06101,5.11,89.30075,39.1605,79.99849999999999,33.865500000000004,74.8475,72.056,68.06000000000012,21.83999999999997,40.24000000000001,82.2999999999999,56.87999999999988,50.96000000000004,MUMSO,3.738888888888889,105.53694444444444,50.73888888888888,68.47222222222223
325,310321set2_1_TR151.csv_1_QR150.csv,310321set2_1_TR151.csv,15:45:25,4.57203,106.403,2.56642,5.46,104.092,45,15:49:10,4.19994,105.012,2.35462,107.115,0,231,131,99.94,25.461928323463376,27.704048302251955,1,1,5.04,14.18,4,60.96,3.5,26,250,6.46,KILOT,74.12,farther,15:51:25,105.885,4.02726,105.551,3.75061,105.551,3.75061,15:54:00,105.579,3.91199,16:03:45,104.69,3.05419,6.85,89.30075,39.1605,79.99849999999999,33.865500000000004,75.6815,72.79975,68.06000000000012,21.83999999999997,40.24000000000001,82.2999999999999,57.7000000000001,51.57999999999987,MUMSO,3.738888888888889,105.53694444444444,50.73888888888888,68.47222222222223
326,310321set2_1_TR161.csv_1_KL160.csv,310321set2_1_TR161.csv,15:52:30,4.57203,106.403,2.56642,7.36,104.092,44,15:56:10,4.19994,105.012,2.35462,107.115,0,231,131,99.94,19.097303854700304,22.032611299157747,1,1,6.5,13.94,3,59.65,2.67,20,250,5.03,KILOT,71.57,farther,15:59:15,105.811,3.96721,105.559,3.75727,105.559,3.75727,16:01:15,105.574,3.8772,16:10:40,104.701,3.06424,6.09,89.30075,39.1605,79.99849999999999,33.865500000000004,74.18025,71.93,68.06000000000012,21.83999999999997,40.24000000000001,82.2999999999999,56.22000000000014,51.47999999999996,MUMSO,3.738888888888889,105.53694444444444,50.73888888888888,68.47222222222223
327,310321set2_1_3K171.csv_1_QR170.csv,310321set2_1_3K171.csv,15:59:50,4.57203,106.403,2.56642,10.25,104.092,40,16:03:10,4.19994,105.012,2.35462,107.115,0,231,131,99.94,15.322678941901277,20.73589133103469,1,1,6.92,13.49,3,62.44,2.33,17,240,2.64,KILOT,66.49,farther,16:06:45,105.794,3.95452,105.576,3.7706,105.576,3.7706,16:08:45,105.575,3.82688,16:17:30,104.741,3.09718,5.63,89.30075,39.1605,79.99849999999999,33.865500000000004,73.863,70.672,68.06000000000012,21.83999999999997,40.24000000000001,82.2999999999999,55.87999999999994,51.50000000000006,MUMSO,3.738888888888889,105.53694444444444,50.73888888888888,68.47222222222223
328,310321set2_1_KL181.csv_1_QR180.csv,310321set2_1_KL181.csv,16:07:40,4.57203,106.403,2.5038,28.23,106.548,0,16:06:55,4.19994,105.012,2.35462,107.115,9,170,131,37.29,71.42883817128785,64.46660998880566,1,1,10.71,10.49,3,61.49,8.92,67,230,19.84,OMLIV,52.49,closer,16:12:55,106.27,3.96525,106.48,2.86658,106.48,2.86658,16:16:20,105.996,3.65039,16:23:15,106.469,2.91444,7.43,89.30075,37.595,79.99849999999999,33.865500000000004,74.13125000000001,66.25975,68.06000000000012,70.96000000000004,40.24000000000001,82.2999999999999,65.39999999999992,59.9199999999999,OMLIV,2.919722222222222,106.46972222222225,69.3944444444449,47.99305555555555
329,310321set2_1_SQ191.csv_1_TR190.csv,310321set2_1_SQ191.csv,16:14:40,4.57203,106.403,2.5038,36.63,106.548,0,16:13:05,4.19994,105.012,2.35462,107.115,19,170,131,37.29,55.5671317981605,54.97397946373985,1,1,15.8,13.65,2,50.72,7.25,54,230,17.09,OMLIV,43.63,closer,16:21:10,106.299,3.80972,106.47,2.9184,106.47,2.9184,16:24:10,106.066,3.52877,16:29:55,106.467,2.92208,11.67,89.30075,37.595,79.99849999999999,33.865500000000004,70.243,63.21925,68.06000000000012,70.96000000000004,40.24000000000001,82.2999999999999,65.98000000000013,61.32000000000005,OMLIV,2.919722222222222,106.46972222222225,69.3944444444449,47.99305555555555
330,310321set2_1_PR200.csv_1_TR201.csv,310321set2_1_PR200.csv,16:20:45,3.72198,107.306,1.6022,21.34,103.998,76,16:27:05,2.52356,106.535,3.18297,104.142,0,249,286,36.36,53.27726453860756,57.65746250707348,-1,-1,36.55,19.74,1,51.45,7.33,55,220,11.69,WP071,69.04,farther,16:31:10,106.08,3.23191,105.22,2.90634,105.22,2.90634,16:34:30,105.799,2.91966,16:43:35,104.671,2.69212,9.9,68.0495,15.055,38.089,54.57425,55.79775,47.9915,86.11999999999995,19.960000000000093,70.69999999999993,22.83999999999992,61.599999999999966,55.98000000000013,LIPRO,2.895,105.19083333333332,43.81666666666632,47.375
331,310321set2_1_KL211.csv_1_KL210.csv,310321set2_1_KL211.csv,16:27:30,3.72198,107.306,3.40823,23.21,103.908,42,16:31:00,4.57203,106.403,2.56642,104.092,0,267,231,36.2,59.31123166619447,62.54130480303191,1,1,29.91,24.09,2,59.76,8.08,61,300,11.74,VISAT,83.04,farther,16:36:10,106.241,3.52988,105.227,3.47477,105.227,3.47477,16:39:10,105.905,3.70494,16:50:05,104.546,3.44286,8.87,68.0495,60.20575,89.30075,39.1605,63.247,67.6235,86.11999999999995,18.160000000000025,68.06000000000012,21.83999999999997,64.82,58.10000000000002,MABAL,3.473888888888889,105.20972222222224,44.1944444444448,61.84722222222222
332,310321set2_1_SQ221.csv_1_KL220.csv,310321set2_1_SQ221.csv,16:34:50,3.72198,107.306,3.40823,25.61,103.908,38,16:38:00,4.57203,106.403,2.56642,104.092,0,267,231,36.2,56.76469706176382,62.54130480303191,1,1,29.91,24.41,3,73.89,7.92,59,300,10.02,VISAT,85.6,farther,16:43:30,106.241,3.52988,105.248,3.47583,105.248,3.47583,16:46:05,105.951,3.67857,16:57:20,104.544,3.44202,10.25,68.0495,60.20575,89.30075,39.1605,63.247,66.96425,86.11999999999995,18.160000000000025,68.06000000000012,21.83999999999997,64.82,59.01999999999987,MABAL,3.473888888888889,105.20972222222224,44.1944444444448,61.84722222222222
333,310321set2_1_PR231.csv_1_KL230.csv,310321set2_1_PR231.csv,16:42:40,4.57203,106.403,2.5038,24.01,106.548,0,16:41:30,4.19994,105.012,2.35462,107.115,14,170,131,37.29,72.06506303131064,68.26796412178996,1,1,8.69,11.75,4,70.11,9.25,69,230,17.65,OMLIV,55.67,closer,16:47:25,106.258,4.02746,106.476,2.88731,106.476,2.88731,16:50:30,106.017,3.73973,16:57:50,106.465,2.92721,8.14,89.30075,37.595,79.99849999999999,33.865500000000004,75.6865,68.49325,68.06000000000012,70.96000000000004,40.24000000000001,82.2999999999999,65.15999999999991,60.33999999999992,OMLIV,2.919722222222222,106.46972222222225,69.3944444444449,47.99305555555555
334,310321set2_1_QR240.csv_1_3K241.csv,310321set2_1_QR240.csv,16:48:15,3.72198,107.306,1.6022,21.0,103.998,82,16:55:05,2.52356,106.535,3.18297,104.142,0,249,286,36.36,57.06883543366395,57.65746250707348,-1,-1,36.55,18.66,3,70.84,7.58,57,210,12.83,WP071,73.44,farther,16:58:40,106.08,3.23191,105.191,2.89499,105.191,2.89499,17:01:35,105.876,2.92876,17:11:15,104.675,2.69275,7.7,68.0495,15.055,38.089,54.57425,55.79775,48.219,86.11999999999995,19.960000000000093,70.69999999999993,22.83999999999992,61.599999999999966,57.520000000000095,LIPRO,2.895,105.19083333333332,43.81666666666632,47.375
335,310321set2_1_KL251.csv_1_TR250.csv,310321set2_1_KL251.csv,16:55:40,4.57203,106.403,2.56642,6.05,104.092,42,16:59:10,4.19994,105.012,2.35462,107.115,0,231,131,99.94,21.64378354456592,25.828949182298896,1,1,5.43,13.73,2,65.98,3.08,23,250,5.65,KILOT,73.48,farther,17:01:55,105.86,4.00725,105.568,3.76394,105.568,3.76394,17:04:10,105.594,3.90641,17:13:50,104.703,3.06611,7.39,89.30075,39.1605,79.99849999999999,33.865500000000004,75.18125,72.66025,68.06000000000012,21.83999999999997,40.24000000000001,82.2999999999999,57.19999999999999,51.87999999999988,MUMSO,3.738888888888889,105.53694444444444,50.73888888888888,68.47222222222223
336,310321set2_1_SQ261.csv_1_GA260.csv,310321set2_1_SQ261.csv,17:03:40,4.57203,106.403,2.5038,21.99,106.548,0,17:02:35,4.19994,105.012,2.35462,107.115,13,170,131,37.29,75.203076424473,70.80259655652634,1,1,7.48,11.75,4,80.54,9.58,72,230,21.49,OMLIV,58.17,closer,17:08:05,106.247,4.06892,106.476,2.88731,106.476,2.88731,17:11:40,105.951,3.74411,17:19:20,106.466,2.92264,11.06,89.30075,37.595,79.99849999999999,33.865500000000004,76.72300000000001,68.60275,68.06000000000012,70.96000000000004,40.24000000000001,82.2999999999999,64.94,59.01999999999987,OMLIV,2.919722222222222,106.46972222222225,69.3944444444449,47.99305555555555
337,310321set2_1_GA271.csv_1_GA270.csv,310321set2_1_GA271.csv,17:09:20,4.57203,106.403,2.56642,5.53,104.092,46,17:13:10,4.19994,105.012,2.35462,107.115,0,231,131,99.94,26.09815476302569,27.704048302251955,1,1,5.04,14.18,4,75.86,3.5,26,250,7.09,KILOT,72.2,farther,17:15:20,105.885,4.02726,105.551,3.75061,105.551,3.75061,17:18:10,105.549,3.90117,17:27:40,104.692,3.05634,7.09,89.30075,39.1605,79.99849999999999,33.865500000000004,75.6815,72.52925,68.06000000000012,21.83999999999997,40.24000000000001,82.2999999999999,57.7000000000001,50.98000000000013,MUMSO,3.738888888888889,105.53694444444444,50.73888888888888,68.47222222222223
338,310321set2_1_PR281.csv_1_3K280.csv,310321set2_1_PR281.csv,17:16:05,4.57203,106.403,2.5038,25.55,106.548,29,17:18:30,3.72198,107.306,1.6022,103.998,0,170,249,79.82,34.64843894089871,34.1691965784958,-1,-1,12.32,31.39,2,52.2,4.5,34,160,5.52,OMLIV,28.46,closer,17:21:50,106.29,3.90458,106.388,3.35375,106.388,3.35375,17:26:00,106.471,3.40899,17:29:45,106.47,2.93468,3.43,89.30075,37.595,68.0495,15.055,72.6145,60.22475000000001,68.06000000000012,70.96000000000004,86.11999999999995,19.960000000000093,65.80000000000013,69.42000000000007,ONAPO,3.353888888888889,106.3877777777778,67.75555555555599,58.84722222222223
339,310321set2_1_KL291.csv_1_QR290.csv,310321set2_1_KL291.csv,17:23:30,3.72198,107.306,3.40823,14.18,103.908,42,17:27:00,4.57203,106.403,2.56642,104.092,0,267,231,36.2,60.60759191915888,63.80296958795104,1,1,28.99,24.09,1,42.05,8.25,62,300,18.62,VISAT,76.05,farther,17:32:00,106.262,3.53095,105.227,3.47477,105.227,3.47477,17:36:40,105.743,3.8115,17:46:40,104.531,3.44057,13.68,68.0495,60.20575,89.30075,39.1605,63.27374999999999,70.28750000000001,86.11999999999995,18.160000000000025,68.06000000000012,21.83999999999997,65.24000000000001,54.8599999999999,MABAL,3.473888888888889,105.20972222222224,44.1944444444448,61.84722222222222
340,100621set1_1_PR01.csv_1_QR00.csv,100621set1_1_PR01.csv,14:00:30,4.57203,106.403,2.5038,19.44,106.548,24,14:02:30,3.72198,107.306,1.6022,103.998,0,170,249,79.82,47.291267208950856,49.986178032285466,-1,-1,3.86,30.66,0,0.0,6.42,48,160,6.63,OMLIV,37.95,farther,14:04:10,106.241,4.16374,106.384,3.3745,106.384,3.3745,14:09:15,106.462,3.55912,14:14:15,106.47,2.92659,6.23,89.30075,37.595,68.0495,15.055,79.09349999999999,63.978,68.06000000000012,70.96000000000004,86.11999999999995,19.960000000000093,64.82,69.24000000000007,ONAPO,3.353888888888889,106.3877777777778,67.75555555555599,58.84722222222223
341,100621set1_1_GA11.csv_1_QR10.csv,100621set1_1_GA11.csv,14:07:05,4.57203,106.403,2.5038,12.81,106.548,29,14:09:30,3.72198,107.306,1.6022,103.998,0,170,249,79.82,46.64218816891723,46.18484198057508,-1,-1,5.7,31.39,2,48.79,6.08,46,150,9.9,OMLIV,44.92,closer,14:11:15,106.256,4.10267,106.388,3.35375,106.388,3.35375,14:15:05,106.495,3.6809,14:21:00,106.47,2.93264,5.77,89.30075,37.595,68.0495,15.055,77.56675,67.0225,68.06000000000012,70.96000000000004,86.11999999999995,19.960000000000093,65.12,69.90000000000009,ONAPO,3.353888888888889,106.3877777777778,67.75555555555599,58.84722222222223
342,100621set1_1_KL20.csv_1_KL21.csv,100621set1_1_KL20.csv,14:14:30,3.72198,107.306,1.6022,24.92,103.998,79,14:21:05,2.52356,106.535,3.18297,104.142,0,249,286,36.36,66.57857292300673,69.0911075030714,-1,-1,38.54,19.37,2,64.69,8.92,67,220,10.47,WP071,81.74,farther,14:23:25,106.258,3.29994,105.21,2.90255,105.21,2.90255,14:26:25,106.004,3.02,14:37:10,104.681,2.6951,6.9,68.0495,15.055,38.089,54.57425,57.4985,50.5,86.11999999999995,19.960000000000093,70.69999999999993,22.83999999999992,65.15999999999991,60.0800000000001,LIPRO,2.895,105.19083333333332,43.81666666666632,47.375
343,100621set1_1_PR31.csv_1_KL30.csv,100621set1_1_PR31.csv,14:22:40,4.57203,106.403,2.5038,21.28,106.548,0,14:21:25,4.19994,105.012,2.35462,107.115,15,170,131,37.29,71.42883817128785,68.26796412178996,1,1,8.69,12.39,3,79.26,9.17,69,240,15.26,OMLIV,58.23,closer,14:27:25,106.258,4.02746,106.474,2.89767,106.474,2.89767,14:30:00,106.045,3.80499,14:37:40,106.465,2.9301,7.64,89.30075,37.595,79.99849999999999,33.865500000000004,75.6865,70.12475,68.06000000000012,70.96000000000004,40.24000000000001,82.2999999999999,65.15999999999991,60.900000000000034,OMLIV,2.919722222222222,106.46972222222225,69.3944444444449,47.99305555555555
344,100621set1_1_KL41.csv_1_TR40.csv,100621set1_1_KL41.csv,14:28:25,4.57203,106.403,2.56642,4.34,104.092,45,14:32:10,4.19994,105.012,2.35462,107.115,0,231,131,99.94,28.599540162638124,30.87548261253388,1,1,4.37,14.18,4,74.23,3.92,29,250,6.88,KILOT,76.02,farther,14:34:00,105.926,4.06063,105.551,3.75061,105.551,3.75061,14:36:45,105.6,3.93814,14:46:45,104.691,3.05542,7.09,89.30075,39.1605,79.99849999999999,33.865500000000004,76.51575,73.4535,68.06000000000012,21.83999999999997,40.24000000000001,82.2999999999999,58.52000000000004,51.999999999999886,MUMSO,3.738888888888889,105.53694444444444,50.73888888888888,68.47222222222223
345,100621set1_1_KL51.csv_1_TR50.csv,100621set1_1_KL51.csv,14:35:35,3.72198,107.306,3.40823,21.79,103.908,41,14:39:00,4.57203,106.403,2.56642,104.092,0,267,231,36.2,54.88962036488045,58.756401488355245,1,1,32.74,24.41,2,51.81,7.42,56,300,12.08,VISAT,79.26,farther,14:44:45,106.177,3.52666,105.248,3.47583,105.248,3.47583,14:47:50,105.833,3.707,14:58:15,104.539,3.44161,9.81,68.0495,60.20575,89.30075,39.1605,63.166500000000006,67.675,86.11999999999995,18.160000000000025,68.06000000000012,21.83999999999997,63.54000000000013,56.65999999999997,MABAL,3.473888888888889,105.20972222222224,44.1944444444448,61.84722222222222
346,100621set1_1_TR60.csv_1_KL61.csv,100621set1_1_TR60.csv,14:42:15,3.72198,107.306,1.6022,22.9,103.998,82,14:49:05,2.52356,106.535,3.18297,104.142,0,249,286,36.36,65.27573550075995,65.88397199415957,-1,-1,37.99,18.66,2,57.29,8.67,65,220,11.68,WP071,77.31,farther,14:51:35,106.208,3.28103,105.191,2.89499,105.191,2.89499,14:54:50,105.937,2.97278,15:05:00,104.679,2.6942,5.89,68.0495,15.055,38.089,54.57425,57.02575,49.319500000000005,86.11999999999995,19.960000000000093,70.69999999999993,22.83999999999992,64.15999999999997,58.73999999999995,LIPRO,2.895,105.19083333333332,43.81666666666632,47.375
347,100621set1_1_PR71.csv_1_GA70.csv,100621set1_1_PR71.csv,14:49:30,3.72198,107.306,3.40823,23.85,103.908,42,14:53:00,4.57203,106.403,2.56642,104.092,0,267,231,36.2,59.93613234456526,63.14217558857485,1,1,29.47,24.09,4,83.4,8.17,61,300,11.39,VISAT,84.35,farther,14:58:05,106.251,3.53041,105.227,3.47477,105.227,3.47477,15:01:00,105.925,3.7002,15:12:05,104.543,3.44224,8.63,68.0495,60.20575,89.30075,39.1605,63.26025,67.50500000000001,86.11999999999995,18.160000000000025,68.06000000000012,21.83999999999997,65.0200000000001,58.49999999999994,MABAL,3.473888888888889,105.20972222222224,44.1944444444448,61.84722222222222
348,100621set1_1_SQ80.csv_1_TR81.csv,100621set1_1_SQ80.csv,14:56:10,3.72198,107.306,1.6022,15.95,103.998,83,15:03:05,2.52356,106.535,3.18297,104.142,0,249,286,36.36,63.40843818641928,63.37406987576089,-1,-1,37.54,18.66,3,71.82,8.33,62,220,16.59,WP071,67.14,closer,15:05:50,106.169,3.26591,105.191,2.89499,105.191,2.89499,15:10:30,105.779,2.82436,15:19:20,104.668,2.69078,8.78,68.0495,15.055,38.089,54.57425,56.64775,45.609,86.11999999999995,19.960000000000093,70.69999999999993,22.83999999999992,63.37999999999994,55.57999999999993,LIPRO,2.895,105.19083333333332,43.81666666666632,47.375
349,100621set1_1_SQ91.csv_1_PR90.csv,100621set1_1_SQ91.csv,15:03:50,4.57203,106.403,2.56642,3.58,104.092,40,15:07:10,4.19994,105.012,2.35462,107.115,0,231,131,99.94,27.37139910632005,32.79672443533271,1,1,3.98,13.49,4,74.77,3.92,29,250,6.48,PEKLA,120.98,farther,15:09:10,105.951,4.08064,105.576,3.7706,105.576,3.7706,15:11:45,105.644,3.96537,15:27:40,104.147,2.61469,8.87,89.30075,39.1605,79.99849999999999,33.865500000000004,77.01599999999999,74.13425000000001,68.06000000000012,21.83999999999997,40.24000000000001,82.2999999999999,59.01999999999987,52.88000000000011,MUMSO,3.738888888888889,105.53694444444444,50.73888888888888,68.47222222222223
350,100621set1_1_QR101.csv_1_TR100.csv,100621set1_1_QR101.csv,15:10:30,4.57203,106.403,2.5038,21.43,106.548,24,15:12:30,3.72198,107.306,1.6022,103.998,0,170,249,79.82,41.6183384192939,44.29548342495329,-1,-1,6.89,30.66,4,75.46,5.67,43,160,6.02,OMLIV,34.81,farther,15:14:55,106.259,4.07048,106.384,3.3745,106.384,3.3745,15:19:35,106.46,3.51505,15:24:10,106.469,2.93503,5.99,89.30075,37.595,68.0495,15.055,76.762,62.87625,68.06000000000012,70.96000000000004,86.11999999999995,19.960000000000093,65.18,69.19999999999987,ONAPO,3.353888888888889,106.3877777777778,67.75555555555599,58.84722222222223
351,100621set1_1_QR111.csv_1_QR110.csv,100621set1_1_QR111.csv,15:17:20,3.72198,107.306,3.40823,22.27,103.908,44,15:21:00,4.57203,106.403,2.56642,104.092,0,267,231,36.2,58.68633199627199,60.618906682556194,1,1,31.32,24.09,1,41.26,7.83,59,300,12.08,VISAT,81.16,farther,15:26:15,106.209,3.52827,105.227,3.47477,105.227,3.47477,15:29:20,105.865,3.70861,15:40:00,104.539,3.44157,7.93,68.0495,60.20575,89.30075,39.1605,63.20675,67.71525,86.11999999999995,18.160000000000025,68.06000000000012,21.83999999999997,64.18000000000006,57.2999999999999,MABAL,3.473888888888889,105.20972222222224,44.1944444444448,61.84722222222222
352,100621set1_1_PR121.csv_1_PR120.csv,100621set1_1_PR121.csv,15:24:40,4.57203,106.403,2.56642,2.0,104.092,42,15:28:10,4.19994,105.012,2.35462,107.115,0,231,131,99.94,32.41886528838705,36.59344445914984,1,1,3.17,13.73,3,49.83,4.5,34,250,5.0,KILOT,85.53,farther,15:29:30,106.0,4.12068,105.568,3.76394,105.568,3.76394,15:31:30,105.763,4.03066,15:42:45,104.709,3.07081,6.37,89.30075,39.1605,79.99849999999999,33.865500000000004,78.017,75.76650000000001,68.06000000000012,21.83999999999997,40.24000000000001,82.2999999999999,60.0,55.260000000000105,MUMSO,3.738888888888889,105.53694444444444,50.73888888888888,68.47222222222223
353,100621set1_1_TR131.csv_1_GA130.csv,100621set1_1_TR131.csv,15:31:10,4.57203,106.403,2.56642,3.89,104.092,48,15:35:10,4.19994,105.012,2.35462,107.115,0,231,131,99.94,31.782244631952604,32.171819994344176,1,1,4.09,14.42,4,58.72,4.17,31,250,7.1,KILOT,76.66,farther,15:36:35,105.942,4.07397,105.543,3.74394,105.543,3.74394,15:39:25,105.606,3.94788,15:49:30,104.691,3.05605,5.94,89.30075,39.1605,79.99849999999999,33.865500000000004,76.84925,73.697,68.06000000000012,21.83999999999997,40.24000000000001,82.2999999999999,58.83999999999986,52.11999999999989,MUMSO,3.738888888888889,105.53694444444444,50.73888888888888,68.47222222222223
354,100621set1_1_TR141.csv_1_KL140.csv,100621set1_1_TR141.csv,15:39:00,4.57203,106.403,2.56642,7.55,104.092,38,15:42:10,4.19994,105.012,2.35462,107.115,0,231,131,99.94,25.461928323463376,32.171819994344176,1,1,4.06,13.25,4,72.58,3.75,28,240,3.77,KILOT,72.21,farther,15:44:25,105.942,4.07462,105.584,3.77727,105.584,3.77727,15:47:20,105.622,3.88896,15:56:50,104.726,3.08535,7.25,89.30075,39.1605,79.99849999999999,33.865500000000004,76.86550000000001,72.224,68.06000000000012,21.83999999999997,40.24000000000001,82.2999999999999,58.83999999999986,52.44,MUMSO,3.738888888888889,105.53694444444444,50.73888888888888,68.47222222222223
355,100621set1_1_KL151.csv_1_SQ150.csv,100621set1_1_KL151.csv,15:46:40,4.57203,106.403,2.5038,21.32,106.548,0,15:45:25,4.19994,105.012,2.35462,107.115,15,170,131,37.29,71.42883817128785,68.26796412178996,1,1,8.69,12.39,4,77.43,9.17,69,240,15.85,OMLIV,58.22,closer,15:51:25,106.258,4.02746,106.474,2.89767,106.474,2.89767,15:54:05,106.036,3.79971,16:01:45,106.465,2.92944,8.23,89.30075,37.595,79.99849999999999,33.865500000000004,75.6865,69.99275,68.06000000000012,70.96000000000004,40.24000000000001,82.2999999999999,65.15999999999991,60.72000000000003,OMLIV,2.919722222222222,106.46972222222225,69.3944444444449,47.99305555555555
356,100621set1_1_GA161.csv_1_TR160.csv,100621set1_1_GA161.csv,15:52:25,4.57203,106.403,2.56642,8.29,104.092,45,15:56:10,4.19994,105.012,2.35462,107.115,0,231,131,99.94,33.05509037156309,35.343255401445646,1,1,3.39,14.18,4,72.48,4.5,34,240,5.16,KILOT,69.08,farther,15:57:25,105.983,4.10798,105.551,3.75061,105.551,3.75061,16:01:30,105.535,3.84848,16:10:35,104.696,3.05997,5.66,89.30075,39.1605,79.99849999999999,33.865500000000004,77.69950000000001,71.212,68.06000000000012,21.83999999999997,40.24000000000001,82.2999999999999,59.66000000000008,50.69999999999993,MUMSO,3.738888888888889,105.53694444444444,50.73888888888888,68.47222222222223
357,100621set1_1_TR171.csv_1_TR170.csv,100621set1_1_TR171.csv,16:00:40,4.57203,106.403,2.5038,17.09,106.548,0,15:59:15,4.19994,105.012,2.35462,107.115,17,170,131,37.29,74.56606071848142,72.69192870953258,1,1,6.29,13.02,2,56.91,9.67,73,240,16.44,OMLIV,62.64,closer,16:04:50,106.245,4.10004,106.472,2.90804,106.472,2.90804,16:07:35,106.013,3.86702,16:15:50,106.466,2.92648,9.9,89.30075,37.595,79.99849999999999,33.865500000000004,77.501,71.6755,68.06000000000012,70.96000000000004,40.24000000000001,82.2999999999999,64.90000000000009,60.260000000000105,OMLIV,2.919722222222222,106.46972222222225,69.3944444444449,47.99305555555555
358,100621set1_1_QR180.csv_1_TR181.csv,100621set1_1_QR180.csv,16:07:00,3.72198,107.306,1.6022,24.34,103.998,73,16:13:05,2.52356,106.535,3.18297,104.142,0,249,286,36.36,56.44656525298814,62.73264274748077,-1,-1,37.43,20.82,2,52.02,7.75,58,220,10.15,WP071,76.66,farther,16:16:45,106.159,3.26212,105.25,2.91768,105.25,2.91768,16:19:35,105.922,2.99427,16:29:40,104.68,2.69468,10.62,68.0495,15.055,38.089,54.57425,56.553,49.856750000000005,86.11999999999995,19.960000000000093,70.69999999999993,22.83999999999992,63.18000000000012,58.43999999999994,LIPRO,2.895,105.19083333333332,43.81666666666632,47.375
359,100621set1_1_KL191.csv_1_TR190.csv,100621set1_1_KL191.csv,16:13:40,4.57203,106.403,2.56642,1.63,104.092,42,16:17:10,4.19994,105.012,2.35462,107.115,0,231,131,99.94,33.69171137436553,37.84326047557494,1,1,2.89,13.73,2,71.47,4.67,35,250,5.86,KILOT,84.88,farther,16:18:20,106.016,4.13402,105.568,3.76394,105.568,3.76394,16:20:40,105.739,4.02957,16:31:50,104.703,3.0662,7.03,89.30075,39.1605,79.99849999999999,33.865500000000004,78.35049999999998,75.73925,68.06000000000012,21.83999999999997,40.24000000000001,82.2999999999999,60.32000000000011,54.780000000000086,MUMSO,3.738888888888889,105.53694444444444,50.73888888888888,68.47222222222223
360,100621set1_1_TR201.csv_1_PR200.csv,100621set1_1_TR201.csv,16:20:55,4.57203,106.403,2.56642,6.79,104.092,39,16:24:10,4.19994,105.012,2.35462,107.115,0,231,131,99.94,29.236159797341045,35.343255401445646,1,1,3.39,13.49,4,69.94,4.25,32,240,4.07,KILOT,74.76,farther,16:25:55,105.983,4.10798,105.576,3.7706,105.576,3.7706,16:29:05,105.635,3.9065,16:38:55,104.71,3.07179,7.0,89.30075,39.1605,79.99849999999999,33.865500000000004,77.69950000000001,72.6625,68.06000000000012,21.83999999999997,40.24000000000001,82.2999999999999,59.66000000000008,52.7000000000001,MUMSO,3.738888888888889,105.53694444444444,50.73888888888888,68.47222222222223
361,100621set1_1_KL210.csv_1_KL211.csv,100621set1_1_KL210.csv,16:27:55,3.72198,107.306,1.6022,25.74,103.998,74,16:34:05,2.52356,106.535,3.18297,104.142,0,249,286,36.36,58.93564646662352,64.65692457213898,-1,-1,37.76,20.46,2,46.15,8.08,61,220,9.23,WP071,79.19,farther,16:37:25,106.189,3.27347,105.24,2.9139,105.24,2.9139,16:40:05,105.962,3.02585,16:50:30,104.684,2.69606,9.42,68.0495,15.055,38.089,54.57425,56.83675,50.64625,86.11999999999995,19.960000000000093,70.69999999999993,22.83999999999992,63.77999999999986,59.24000000000007,LIPRO,2.895,105.19083333333332,43.81666666666632,47.375
362,100621set1_1_GA221.csv_1_GA220.csv,100621set1_1_GA221.csv,16:34:55,4.57203,106.403,2.56642,7.28,104.092,39,16:38:10,4.19994,105.012,2.35462,107.115,0,231,131,99.94,26.09815476302569,32.171819994344176,1,1,4.06,13.49,4,81.49,3.83,29,240,3.56,KILOT,73.46,farther,16:40:20,105.942,4.07462,105.576,3.7706,105.576,3.7706,16:43:05,105.64,3.89951,16:52:45,104.726,3.08481,6.62,89.30075,39.1605,79.99849999999999,33.865500000000004,76.86550000000001,72.48774999999999,68.06000000000012,21.83999999999997,40.24000000000001,82.2999999999999,58.83999999999986,52.80000000000001,MUMSO,3.738888888888889,105.53694444444444,50.73888888888888,68.47222222222223
363,100621set1_1_3K230.csv_1_KL231.csv,100621set1_1_3K230.csv,16:41:05,3.72198,107.306,1.6022,20.98,103.998,84,16:48:05,2.52356,106.535,3.18297,104.142,0,249,286,36.36,60.860903342232426,60.22274165739691,-1,-1,36.98,18.3,3,62.14,8.0,60,220,12.3,WP071,70.32,closer,16:51:10,106.12,3.247,105.181,2.89119,105.181,2.89119,16:54:40,105.825,2.91858,17:03:55,104.675,2.69288,5.26,68.0495,15.055,38.089,54.57425,56.175,47.9645,86.11999999999995,19.960000000000093,70.69999999999993,22.83999999999992,62.40000000000009,56.50000000000006,LIPRO,2.895,105.19083333333332,43.81666666666632,47.375
364,100621set1_1_KL241.csv_1_3K240.csv,100621set1_1_KL241.csv,16:48:50,3.72198,107.306,3.40823,25.77,103.908,38,16:52:00,4.57203,106.403,2.56642,104.092,0,267,231,36.2,58.68633199627199,64.46373327215237,1,1,28.55,24.41,2,64.28,8.17,61,300,10.36,VISAT,86.91,farther,16:57:15,106.272,3.53149,105.248,3.47583,105.248,3.47583,16:59:55,105.974,3.68546,17:11:20,104.546,3.44246,10.41,68.0495,60.20575,89.30075,39.1605,63.28724999999999,67.1365,86.11999999999995,18.160000000000025,68.06000000000012,21.83999999999997,65.44000000000011,59.48000000000008,MABAL,3.473888888888889,105.20972222222224,44.1944444444448,61.84722222222222
365,100621set1_1_3K251.csv_1_SQ250.csv,100621set1_1_3K251.csv,16:55:15,3.72198,107.306,3.40823,23.03,103.908,45,16:59:00,4.57203,106.403,2.56642,104.092,0,267,231,36.2,56.76469706176382,58.09560745184022,1,1,33.2,24.09,3,68.64,7.5,56,300,11.05,VISAT,79.89,farther,17:04:30,106.167,3.52612,105.227,3.47477,105.227,3.47477,17:07:20,105.85,3.69064,17:17:50,104.542,3.44196,6.72,68.0495,60.20575,89.30075,39.1605,63.153000000000006,67.266,86.11999999999995,18.160000000000025,68.06000000000012,21.83999999999997,63.34000000000003,56.999999999999886,MABAL,3.473888888888889,105.20972222222224,44.1944444444448,61.84722222222222
366,100621set1_1_SQ260.csv_1_GA261.csv,100621set1_1_SQ260.csv,17:02:10,3.72198,107.306,1.6022,22.89,103.998,83,17:09:05,2.52356,106.535,3.18297,104.142,0,249,286,36.36,66.57857292300673,66.52539880994308,-1,-1,38.1,18.66,4,80.49,8.75,66,220,11.69,WP071,77.31,closer,17:11:25,106.218,3.28481,105.191,2.89499,105.191,2.89499,17:14:45,105.937,2.97255,17:24:55,104.679,2.69421,5.28,68.0495,15.055,38.089,54.57425,57.12024999999999,49.31375,86.11999999999995,19.960000000000093,70.69999999999993,22.83999999999992,64.36000000000007,58.73999999999995,LIPRO,2.895,105.19083333333332,43.81666666666632,47.375
367,100621set1_1_3K271.csv_1_SQ270.csv,100621set1_1_3K271.csv,17:09:30,4.57203,106.403,2.5038,18.97,106.548,24,17:11:30,3.72198,107.306,1.6022,103.998,0,170,249,79.82,48.589210841549615,51.25348901620284,-1,-1,3.14,30.66,4,79.15,6.58,49,160,6.76,OMLIV,38.59,farther,17:13:00,106.238,4.18451,106.384,3.3745,106.384,3.3745,17:18:10,106.462,3.56998,17:23:15,106.47,2.9269,6.25,89.30075,37.595,68.0495,15.055,79.61275,64.2495,68.06000000000012,70.96000000000004,86.11999999999995,19.960000000000093,64.75999999999999,69.24000000000007,ONAPO,3.353888888888889,106.3877777777778,67.75555555555599,58.84722222222223
368,100621set1_1_KL281.csv_1_GA280.csv,100621set1_1_KL281.csv,17:16:25,3.72198,107.306,3.40823,23.84,103.908,43,17:20:00,4.57203,106.403,2.56642,104.092,0,267,231,36.2,58.68633199627199,61.27967036179911,1,1,30.88,24.09,2,72.52,7.92,59,300,11.05,VISAT,83.1,farther,17:25:15,106.219,3.5288,105.227,3.47477,105.227,3.47477,17:28:05,105.903,3.69332,17:39:00,104.541,3.44181,7.86,68.0495,60.20575,89.30075,39.1605,63.22,67.333,86.11999999999995,18.160000000000025,68.06000000000012,21.83999999999997,64.37999999999988,58.06000000000012,MABAL,3.473888888888889,105.20972222222224,44.1944444444448,61.84722222222222
369,100621set1_1_3K290.csv_1_TR291.csv,100621set1_1_3K290.csv,17:23:15,3.72198,107.306,1.6022,23.0,103.998,82,17:30:05,2.52356,106.535,3.18297,104.142,0,249,286,36.36,66.57857292300673,67.16682577282295,-1,-1,38.21,18.66,3,68.45,8.83,66,220,11.69,WP071,77.94,farther,17:32:25,106.228,3.28859,105.191,2.89499,105.191,2.89499,17:35:45,105.947,2.97633,17:46:00,104.679,2.69425,5.88,68.0495,15.055,38.089,54.57425,57.21475,49.40825,86.11999999999995,19.960000000000093,70.69999999999993,22.83999999999992,64.55999999999989,58.940000000000055,LIPRO,2.895,105.19083333333332,43.81666666666632,47.375
370,150321set2_1_SQ01.csv_1_TR00.csv,150321set2_1_SQ01.csv,14:00:25,4.57203,106.403,2.5038,21.15,106.548,25,14:02:30,3.72198,107.306,1.6022,103.998,0,170,249,79.82,46.04914865832019,48.0858034981086,-1,-1,4.87,30.66,0,0.0,6.17,46,160,6.76,OMLIV,34.8,farther,14:04:20,106.247,4.13269,106.384,3.3745,106.384,3.3745,14:09:35,106.474,3.50788,14:14:10,106.47,2.92783,6.07,89.30075,37.595,68.0495,15.055,78.31725,62.697,68.06000000000012,70.96000000000004,86.11999999999995,19.960000000000093,64.94,69.48000000000008,ONAPO,3.353888888888889,106.3877777777778,67.75555555555599,58.84722222222223
371,150321set2_1_SQ10.csv_1_GA11.csv,150321set2_1_SQ10.csv,14:07:10,3.72198,107.306,1.6022,22.62,103.998,83,14:14:05,2.52356,106.535,3.18297,104.142,0,249,286,36.36,62.78600578716711,62.73264274748077,-1,-1,37.43,18.66,1,35.51,8.25,62,220,11.38,WP071,74.13,closer,14:16:55,106.159,3.26212,105.191,2.89499,105.191,2.89499,14:20:10,105.885,2.95795,14:29:55,104.678,2.69384,5.22,68.0495,15.055,38.089,54.57425,56.553,48.94875,86.11999999999995,19.960000000000093,70.69999999999993,22.83999999999992,63.18000000000012,57.7000000000001,LIPRO,2.895,105.19083333333332,43.81666666666632,47.375
372,150321set2_1_KL20.csv_1_PR21.csv,150321set2_1_KL20.csv,14:14:45,3.72198,107.306,1.6022,24.24,103.998,76,14:21:05,2.52356,106.535,3.18297,104.142,0,249,286,36.36,65.27573550075995,69.73274977466208,-1,-1,38.59,19.74,3,70.38,8.92,67,220,11.08,WP071,81.7,farther,14:23:35,106.267,3.30372,105.22,2.90634,105.22,2.90634,14:26:45,106.0,3.00762,14:37:30,104.675,2.69342,9.12,68.0495,15.055,38.089,54.57425,57.593,50.19050000000001,86.11999999999995,19.960000000000093,70.69999999999993,22.83999999999992,65.33999999999992,60.0,LIPRO,2.895,105.19083333333332,43.81666666666632,47.375
373,150321set2_1_PR31.csv_1_QR30.csv,150321set2_1_PR31.csv,14:22:40,4.57203,106.403,2.5038,22.85,106.548,0,14:21:25,4.19994,105.012,2.35462,107.115,15,170,131,37.29,72.06506303131064,68.90162200751931,1,1,8.35,12.39,4,88.93,9.25,69,230,15.4,OMLIV,56.95,closer,14:27:20,106.256,4.03783,106.474,2.89767,106.474,2.89767,14:30:05,106.048,3.77722,14:37:35,106.467,2.92552,6.75,89.30075,37.595,79.99849999999999,33.865500000000004,75.94574999999999,69.4305,68.06000000000012,70.96000000000004,40.24000000000001,82.2999999999999,65.12,60.96000000000004,OMLIV,2.919722222222222,106.46972222222225,69.3944444444449,47.99305555555555
374,150321set2_1_QR41.csv_1_KL40.csv,150321set2_1_QR41.csv,14:29:40,4.57203,106.403,2.5038,19.34,106.548,0,14:28:20,4.19994,105.012,2.35462,107.115,16,170,131,37.29,75.203076424473,72.69192870953258,1,1,6.29,12.39,4,79.02,9.75,73,230,15.94,OMLIV,60.75,closer,14:33:50,106.245,4.10004,106.474,2.89767,106.474,2.89767,14:36:40,106.028,3.83265,14:44:40,106.468,2.92075,7.7,89.30075,37.595,79.99849999999999,33.865500000000004,77.501,70.81625,68.06000000000012,70.96000000000004,40.24000000000001,82.2999999999999,64.90000000000009,60.56000000000012,OMLIV,2.919722222222222,106.46972222222225,69.3944444444449,47.99305555555555
375,150321set2_1_TR51.csv_1_PR50.csv,150321set2_1_TR51.csv,14:35:45,4.57203,106.403,2.5038,19.7,106.548,21,14:37:30,3.72198,107.306,1.6022,103.998,0,170,249,79.82,44.10238668062748,48.71945797982619,-1,-1,4.53,29.93,3,77.53,6.08,46,160,6.33,OMLIV,37.34,farther,14:39:35,106.245,4.14306,106.38,3.39525,106.38,3.39525,14:44:30,106.457,3.5579,14:49:25,106.469,2.93573,7.53,89.30075,37.595,68.0495,15.055,78.57650000000001,63.947500000000005,68.06000000000012,70.96000000000004,86.11999999999995,19.960000000000093,64.90000000000009,69.13999999999987,ONAPO,3.353888888888889,106.3877777777778,67.75555555555599,58.84722222222223
376,150321set2_1_3K61.csv_1_KL60.csv,150321set2_1_3K61.csv,14:42:45,4.57203,106.403,2.56642,5.08,104.092,41,14:46:10,4.19994,105.012,2.35462,107.115,0,231,131,99.94,24.18908052990557,29.00038458788348,1,1,4.76,13.73,2,59.96,3.5,26,250,7.31,KILOT,72.84,farther,14:48:35,105.901,4.04061,105.568,3.76394,105.568,3.76394,14:51:30,105.555,3.91091,15:01:05,104.692,3.05701,9.4,89.30075,39.1605,79.99849999999999,33.865500000000004,76.01525,72.77275,68.06000000000012,21.83999999999997,40.24000000000001,82.2999999999999,58.019999999999925,51.100000000000136,MUMSO,3.738888888888889,105.53694444444444,50.73888888888888,68.47222222222223
377,150321set2_1_SQ71.csv_1_SQ70.csv,150321set2_1_SQ71.csv,14:49:55,4.57203,106.403,2.5038,14.51,106.548,19,14:51:30,3.72198,107.306,1.6022,103.998,0,170,249,79.82,36.53915397484312,42.39451291007232,-1,-1,7.95,29.57,3,64.91,5.17,39,150,8.83,OMLIV,43.66,farther,14:54:35,106.264,4.03922,106.378,3.40562,106.378,3.40562,14:58:05,106.482,3.65399,15:03:50,106.47,2.92648,10.42,89.30075,37.595,68.0495,15.055,75.9805,66.34975,68.06000000000012,70.96000000000004,86.11999999999995,19.960000000000093,65.27999999999992,69.63999999999999,ONAPO,3.353888888888889,106.3877777777778,67.75555555555599,58.84722222222223
378,150321set2_1_QR81.csv_1_3K80.csv,150321set2_1_QR81.csv,14:56:40,4.57203,106.403,2.5038,21.06,106.548,22,14:58:30,3.72198,107.306,1.6022,103.998,0,170,249,79.82,42.8603392060212,46.81849548543851,-1,-1,5.54,30.3,4,70.28,5.92,44,160,6.45,OMLIV,35.44,farther,15:00:45,106.251,4.11195,106.382,3.38487,106.382,3.38487,15:05:45,106.467,3.51688,15:10:25,106.47,2.92625,7.33,89.30075,37.595,68.0495,15.055,77.79875000000001,62.922,68.06000000000012,70.96000000000004,86.11999999999995,19.960000000000093,65.0200000000001,69.33999999999997,ONAPO,3.353888888888889,106.3877777777778,67.75555555555599,58.84722222222223
379,150321set2_1_GA90.csv_1_KL91.csv,150321set2_1_GA90.csv,15:03:35,3.72198,107.306,1.6022,23.33,103.998,78,15:10:05,2.52356,106.535,3.18297,104.142,0,249,286,36.36,54.52180268943992,57.65746250707348,-1,-1,36.55,19.37,1,38.66,7.42,56,220,10.14,WP071,70.99,farther,15:14:00,106.08,3.23191,105.21,2.90255,105.21,2.90255,15:16:55,105.833,2.96006,15:26:15,104.68,2.69469,7.69,68.0495,15.055,38.089,54.57425,55.79775,49.0015,86.11999999999995,19.960000000000093,70.69999999999993,22.83999999999992,61.599999999999966,56.65999999999997,LIPRO,2.895,105.19083333333332,43.81666666666632,47.375
380,150321set2_1_PR100.csv_1_QR101.csv,150321set2_1_PR100.csv,15:10:55,3.72198,107.306,1.6022,23.82,103.998,74,15:17:05,2.52356,106.535,3.18297,104.142,0,249,286,36.36,57.06883543366395,62.73264274748077,-1,-1,37.43,20.46,3,69.95,7.83,59,220,10.45,WP071,75.38,farther,15:20:40,106.159,3.26212,105.24,2.9139,105.24,2.9139,15:23:40,105.905,2.98219,15:33:35,104.682,2.69506,10.14,68.0495,15.055,38.089,54.57425,56.553,49.554750000000006,86.11999999999995,19.960000000000093,70.69999999999993,22.83999999999992,63.18000000000012,58.10000000000002,LIPRO,2.895,105.19083333333332,43.81666666666632,47.375
381,150321set2_1_QR110.csv_1_GA111.csv,150321set2_1_QR110.csv,15:17:40,3.72198,107.306,1.6022,23.28,103.998,77,15:24:05,2.52356,106.535,3.18297,104.142,0,249,286,36.36,62.78600578716711,66.52539880994308,-1,-1,38.1,19.74,3,71.78,8.5,64,220,11.39,WP071,77.94,farther,15:26:55,106.218,3.28481,105.22,2.90634,105.22,2.90634,15:30:10,105.944,2.98063,15:40:25,104.677,2.69381,8.75,68.0495,15.055,38.089,54.57425,57.12024999999999,49.51575,86.11999999999995,19.960000000000093,70.69999999999993,22.83999999999992,64.36000000000007,58.88000000000005,LIPRO,2.895,105.19083333333332,43.81666666666632,47.375
382,150321set2_1_TR121.csv_1_3K120.csv,150321set2_1_TR121.csv,15:24:55,4.57203,106.403,2.56642,5.39,104.092,39,15:28:10,4.19994,105.012,2.35462,107.115,0,231,131,99.94,21.64378354456592,27.704048302251955,1,1,5.04,13.49,4,78.52,3.25,24,250,6.08,MABAL,34.8,farther,15:30:55,105.885,4.02726,105.576,3.7706,105.576,3.7706,15:33:20,105.598,3.91921,15:37:55,105.217,3.48191,8.76,89.30075,39.1605,79.99849999999999,33.865500000000004,75.6815,72.98025,68.06000000000012,21.83999999999997,40.24000000000001,82.2999999999999,57.7000000000001,51.95999999999998,MUMSO,3.738888888888889,105.53694444444444,50.73888888888888,68.47222222222223
383,150321set2_1_QR130.csv_1_QR131.csv,150321set2_1_QR130.csv,15:32:00,3.72198,107.306,1.6022,23.0,103.998,73,15:38:05,2.52356,106.535,3.18297,104.142,0,249,286,36.36,60.860903342232426,67.16682577282295,-1,-1,38.21,20.82,3,66.37,8.33,62,220,11.69,WP071,77.94,farther,15:41:10,106.228,3.28859,105.25,2.91768,105.25,2.91768,15:44:30,105.947,2.97633,15:54:45,104.679,2.69425,11.35,68.0495,15.055,38.089,54.57425,57.21475,49.40825,86.11999999999995,19.960000000000093,70.69999999999993,22.83999999999992,64.55999999999989,58.940000000000055,LIPRO,2.895,105.19083333333332,43.81666666666632,47.375
384,150321set2_1_GA140.csv_1_KL141.csv,150321set2_1_GA140.csv,15:38:40,3.72198,107.306,1.6022,25.46,103.998,77,15:45:05,2.52356,106.535,3.18297,104.142,0,249,286,36.36,61.483335352006,65.29856688245108,-1,-1,37.88,19.74,2,54.68,8.33,62,220,9.53,WP071,79.86,farther,15:48:05,106.198,3.27725,105.22,2.90634,105.22,2.90634,15:50:50,105.965,3.02155,16:01:20,104.675,2.69391,7.74,68.0495,15.055,38.089,54.57425,56.93125,50.53875,86.11999999999995,19.960000000000093,70.69999999999993,22.83999999999992,63.959999999999866,59.30000000000007,LIPRO,2.895,105.19083333333332,43.81666666666632,47.375
385,150321set2_1_PR151.csv_1_PR150.csv,150321set2_1_PR151.csv,15:46:40,4.57203,106.403,2.5038,24.01,106.548,0,15:45:30,4.19994,105.012,2.35462,107.115,14,170,131,37.29,72.06506303131064,68.26796412178996,1,1,8.69,11.75,4,87.54,9.25,69,230,17.65,OMLIV,55.67,closer,15:51:25,106.258,4.02746,106.476,2.88731,106.476,2.88731,15:54:30,106.017,3.73973,16:01:50,106.465,2.92721,8.14,89.30075,37.595,79.99849999999999,33.865500000000004,75.6865,68.49325,68.06000000000012,70.96000000000004,40.24000000000001,82.2999999999999,65.15999999999991,60.33999999999992,OMLIV,2.919722222222222,106.46972222222225,69.3944444444449,47.99305555555555
386,150321set2_1_3K160.csv_1_KL161.csv,150321set2_1_3K160.csv,15:52:55,3.72198,107.306,1.6022,24.05,103.998,74,15:59:05,2.52356,106.535,3.18297,104.142,0,249,286,36.36,57.69110569792702,63.37406987576089,-1,-1,37.54,20.46,2,73.8,7.92,59,220,10.46,WP071,76.65,farther,16:02:35,106.169,3.26591,105.24,2.9139,105.24,2.9139,16:05:30,105.925,2.98997,16:15:35,104.682,2.6951,10.14,68.0495,15.055,38.089,54.57425,56.64775,49.74925,86.11999999999995,19.960000000000093,70.69999999999993,22.83999999999992,63.37999999999994,58.49999999999994,LIPRO,2.895,105.19083333333332,43.81666666666632,47.375
387,150321set2_1_GA170.csv_1_TR171.csv,150321set2_1_GA170.csv,15:59:45,3.72198,107.306,1.6022,25.68,103.998,76,16:06:05,2.52356,106.535,3.18297,104.142,0,249,286,36.36,62.10576739000978,66.52539880994308,-1,-1,38.1,19.74,2,55.74,8.5,64,220,9.55,WP071,80.51,farther,16:09:00,106.218,3.28481,105.22,2.90634,105.22,2.90634,16:11:45,105.985,3.02911,16:22:20,104.685,2.69654,8.34,68.0495,15.055,38.089,54.57425,57.12024999999999,50.72775000000001,86.11999999999995,19.960000000000093,70.69999999999993,22.83999999999992,64.36000000000007,59.69999999999999,LIPRO,2.895,105.19083333333332,43.81666666666632,47.375
388,150321set2_1_QR181.csv_1_3K180.csv,150321set2_1_QR181.csv,16:07:00,4.57203,106.403,2.56642,5.08,104.092,38,16:10:10,4.19994,105.012,2.35462,107.115,0,231,131,99.94,21.64378354456592,28.375481934699216,1,1,4.9,13.25,4,78.98,3.25,24,250,5.47,KILOT,76.64,farther,16:12:55,105.893,4.03394,105.584,3.77727,105.584,3.77727,16:15:05,105.636,3.9367,16:25:10,104.702,3.06534,8.76,89.30075,39.1605,79.99849999999999,33.865500000000004,75.8485,73.4175,68.06000000000012,21.83999999999997,40.24000000000001,82.2999999999999,57.860000000000014,52.71999999999992,MUMSO,3.738888888888889,105.53694444444444,50.73888888888888,68.47222222222223
389,150321set2_1_TR191.csv_1_GA190.csv,150321set2_1_TR191.csv,16:13:25,4.57203,106.403,2.56642,6.12,104.092,45,16:17:10,4.19994,105.012,2.35462,107.115,0,231,131,99.94,23.552854784008765,25.828949182298896,1,1,5.43,14.18,4,65.18,3.25,24,250,6.26,KILOT,72.21,farther,16:19:40,105.86,4.00725,105.551,3.75061,105.551,3.75061,16:22:10,105.564,3.89559,16:31:40,104.697,3.06095,6.75,89.30075,39.1605,79.99849999999999,33.865500000000004,75.18125,72.38974999999999,68.06000000000012,21.83999999999997,40.24000000000001,82.2999999999999,57.19999999999999,51.27999999999986,MUMSO,3.738888888888889,105.53694444444444,50.73888888888888,68.47222222222223
390,150321set2_1_3K201.csv_1_PR200.csv,150321set2_1_3K201.csv,16:20:35,3.72198,107.306,3.40823,19.99,103.908,41,16:24:00,4.57203,106.403,2.56642,104.092,0,267,231,36.2,52.34308380133452,56.17317898606729,1,1,34.67,24.41,2,52.88,7.08,53,330,15.13,MABAL,44.97,farther,16:30:05,106.135,3.52451,105.248,3.47583,105.248,3.47583,16:32:50,105.905,3.76143,16:38:45,105.212,3.4761,14.15,68.0495,60.20575,89.30075,39.1605,63.11275,69.03575,86.11999999999995,18.160000000000025,68.06000000000012,21.83999999999997,62.7000000000001,58.10000000000002,MABAL,3.473888888888889,105.20972222222224,44.1944444444448,61.84722222222222
391,150321set2_1_GA231.csv_1_GA230.csv,150321set2_1_GA231.csv,16:42:40,4.57203,106.403,2.5038,31.69,106.548,0,16:41:35,4.19994,105.012,2.35462,107.115,13,170,131,37.29,63.157530013609886,58.77533655033306,1,1,13.78,11.75,0,0.0,8.0,60,230,13.75,OMLIV,47.45,closer,16:48:40,106.287,3.87193,106.476,2.88731,106.476,2.88731,16:51:10,106.103,3.63166,16:57:25,106.465,2.92854,4.49,89.30075,37.595,79.99849999999999,33.865500000000004,71.79825,65.7915,68.06000000000012,70.96000000000004,40.24000000000001,82.2999999999999,65.74000000000012,62.05999999999989,OMLIV,2.919722222222222,106.46972222222225,69.3944444444449,47.99305555555555
392,150321set2_1_TR241.csv_1_GA240.csv,150321set2_1_TR241.csv,16:48:40,4.57203,106.403,2.56642,6.93,104.092,42,16:52:10,4.19994,105.012,2.35462,107.115,0,231,131,99.94,19.097303854700304,23.282418702040275,1,1,6.05,13.73,2,64.69,2.75,21,250,5.21,KILOT,72.21,farther,16:55:15,105.828,3.98056,105.568,3.76394,105.568,3.76394,16:57:20,105.581,3.88693,17:06:50,104.702,3.06487,7.09,89.30075,39.1605,79.99849999999999,33.865500000000004,74.514,72.17325,68.06000000000012,21.83999999999997,40.24000000000001,82.2999999999999,56.56000000000006,51.62000000000006,MUMSO,3.738888888888889,105.53694444444444,50.73888888888888,68.47222222222223
393,150321set2_1_PR250.csv_1_KL251.csv,150321set2_1_PR250.csv,16:59:00,4.57203,106.403,2.56642,22.06,104.092,0,16:55:00,3.72198,107.306,3.40823,103.908,48,231,267,36.2,55.57230825697336,56.13979653053227,-1,-1,4.82,23.68,2,67.22,7.33,55,200,11.68,KILOT,76.04,farther,17:04:35,105.931,4.05475,105.215,3.47807,105.215,3.47807,17:07:45,105.78,3.68547,17:17:45,104.686,3.04573,6.47,89.30075,39.1605,68.0495,60.20575,76.36875,67.13675,68.06000000000012,21.83999999999997,86.11999999999995,18.160000000000025,58.61999999999995,55.60000000000002,MABAL,3.473888888888889,105.20972222222224,44.1944444444448,61.84722222222222
394,150321set2_1_QR261.csv_1_GA260.csv,150321set2_1_QR261.csv,17:03:40,4.57203,106.403,2.5038,27.35,106.548,0,17:02:30,4.19994,105.012,2.35462,107.115,14,170,131,37.29,68.88393984720469,65.1002668653658,1,1,10.37,11.75,4,73.95,8.83,66,230,18.69,OMLIV,53.12,closer,17:08:50,106.268,3.97562,106.476,2.88731,106.476,2.88731,17:12:05,106.011,3.67432,17:19:05,106.47,2.91721,9.41,89.30075,37.595,79.99849999999999,33.865500000000004,74.3905,66.85799999999999,68.06000000000012,70.96000000000004,40.24000000000001,82.2999999999999,65.36000000000001,60.21999999999992,OMLIV,2.919722222222222,106.46972222222225,69.3944444444449,47.99305555555555
395,150321set2_1_3K271.csv_1_GA270.csv,150321set2_1_3K271.csv,17:10:00,3.72198,107.306,3.40823,23.49,103.908,36,17:13:00,4.57203,106.403,2.56642,104.092,0,267,231,36.2,45.37531710419612,52.38824534411828,1,1,37.19,24.73,2,51.58,6.42,48,330,11.2,MABAL,42.46,farther,17:20:00,106.072,3.52129,105.269,3.4769,105.269,3.4769,17:22:05,105.89,3.69523,17:27:40,105.217,3.47645,13.79,68.0495,60.20575,89.30075,39.1605,63.03225,67.38075,86.11999999999995,18.160000000000025,68.06000000000012,21.83999999999997,61.440000000000055,57.80000000000001,MABAL,3.473888888888889,105.20972222222224,44.1944444444448,61.84722222222222
396,150321set2_1_GA281.csv_1_3K280.csv,150321set2_1_GA281.csv,17:16:45,4.57203,106.403,2.56642,4.38,104.092,41,17:20:10,4.19994,105.012,2.35462,107.115,0,231,131,99.94,25.461928323463376,30.25057445501117,1,1,4.51,13.73,2,31.47,3.67,28,250,5.43,MABAL,38.65,farther,17:22:25,105.918,4.05395,105.568,3.76394,105.568,3.76394,17:24:35,105.661,3.95672,17:29:40,105.221,3.48625,6.94,89.30075,39.1605,79.99849999999999,33.865500000000004,76.34875000000001,73.91799999999999,68.06000000000012,21.83999999999997,40.24000000000001,82.2999999999999,58.36000000000013,53.22000000000003,MUMSO,3.738888888888889,105.53694444444444,50.73888888888888,68.47222222222223
397,150321set2_1_SQ291.csv_1_KL290.csv,150321set2_1_SQ291.csv,17:23:05,4.57203,106.403,2.5038,24.02,106.548,29,17:25:30,3.72198,107.306,1.6022,103.998,0,170,249,79.82,41.6183384192939,41.12720067429343,-1,-1,8.57,31.39,4,66.63,5.42,41,160,6.45,OMLIV,30.35,closer,17:27:55,106.269,4.01864,106.388,3.35375,106.388,3.35375,17:32:50,106.482,3.43383,17:36:50,106.47,2.92811,4.16,89.30075,37.595,68.0495,15.055,75.46600000000001,60.84575,68.06000000000012,70.96000000000004,86.11999999999995,19.960000000000093,65.38000000000011,69.63999999999999,ONAPO,3.353888888888889,106.3877777777778,67.75555555555599,58.84722222222223
398,050421set1_1_QR01.csv_1_QR00.csv,050421set1_1_QR01.csv,14:00:25,4.57262,106.403,2.5041,21.61,106.548,25,14:02:30,3.72198,107.306,1.6022,103.998,0,170,249,79.82,46.638385686077655,48.74060872219412,-1,-1,4.53,30.65,0,0.0,6.25,47,160,7.06,OMLIV,33.54,farther,14:04:15,106.245,4.14306,106.384,3.37483,106.384,3.37483,14:09:45,106.483,3.48851,14:14:10,106.47,2.92971,6.42,89.31549999999999,37.602500000000006,68.0495,15.055,78.57650000000001,62.21275000000001,68.06000000000012,70.96000000000004,86.11999999999995,19.960000000000093,64.90000000000009,69.66000000000008,ONAPO,3.353888888888889,106.3877777777778,67.75555555555599,58.84722222222223
399,050421set1_1_PR11.csv_1_GA10.csv,050421set1_1_PR11.csv,14:08:40,4.57262,106.403,2.5041,21.31,106.548,0,14:07:10,4.19994,105.012,2.35462,107.115,18,170,131,37.29,71.43474819719798,70.19539495386823,1,1,7.81,13.04,2,57.1,9.33,70,230,16.5,OMLIV,58.22,closer,14:13:10,106.249,4.05855,106.472,2.90835,106.472,2.90835,14:16:00,106.026,3.79476,14:23:40,106.465,2.92949,9.5,89.31549999999999,37.602500000000006,79.99849999999999,33.865500000000004,76.46375,69.869,68.06000000000012,70.96000000000004,40.24000000000001,82.2999999999999,64.9799999999999,60.519999999999925,OMLIV,2.919722222222222,106.46972222222225,69.3944444444449,47.99305555555555
400,050421set1_1_3K21.csv_1_GA20.csv,050421set1_1_3K21.csv,14:15:40,4.57262,106.403,2.5041,21.89,106.548,0,14:14:25,4.19994,105.012,2.35462,107.115,15,170,131,37.29,72.70759378829774,69.5617367892025,1,1,8.15,12.41,3,67.54,9.33,70,230,16.56,OMLIV,58.22,closer,14:20:15,106.251,4.04819,106.474,2.89799,106.474,2.89799,14:23:05,106.027,3.78439,14:30:45,106.468,2.92007,7.68,89.31549999999999,37.602500000000006,79.99849999999999,33.865500000000004,76.20475,69.60975,68.06000000000012,70.96000000000004,40.24000000000001,82.2999999999999,65.0200000000001,60.54000000000002,OMLIV,2.919722222222222,106.46972222222225,69.3944444444449,47.99305555555555
401,050421set1_1_GA31.csv_1_PR30.csv,050421set1_1_GA31.csv,14:21:45,4.57262,106.403,2.56699,2.99,104.093,41,14:25:10,4.19994,105.012,2.35462,107.115,0,231,131,99.94,29.884322082411824,34.737932393070814,1,1,3.56,13.7,2,58.14,4.25,32,250,7.35,KILOT,77.9,farther,14:26:50,105.975,4.10066,105.568,3.76442,105.568,3.76442,14:29:45,105.629,3.97096,14:40:00,104.7,3.06396,9.01,89.31549999999999,39.17475,79.99849999999999,33.865500000000004,77.51650000000001,74.274,68.06000000000012,21.86000000000007,40.24000000000001,82.2999999999999,59.499999999999886,52.5800000000001,MUMSO,3.738888888888889,105.53694444444444,50.73888888888888,68.47222222222223
402,050421set1_1_KL40.csv_1_KL41.csv,050421set1_1_KL40.csv,14:28:15,3.72198,107.306,1.6022,23.97,103.998,82,14:35:05,2.52356,106.535,3.18297,104.142,0,249,286,36.36,57.69110569792702,58.298889437186986,-1,-1,36.66,18.66,2,45.72,7.67,58,210,10.44,WP071,76.7,farther,14:38:35,106.09,3.23568,105.191,2.89499,105.191,2.89499,14:41:00,105.918,2.98734,14:51:05,104.674,2.69335,6.06,68.0495,15.055,38.089,54.57425,55.892,49.6835,86.11999999999995,19.960000000000093,70.69999999999993,22.83999999999992,61.80000000000007,58.36000000000013,LIPRO,2.895,105.19083333333332,43.81666666666632,47.375
403,050421set1_1_QR51.csv_1_PR50.csv,050421set1_1_QR51.csv,14:35:35,3.72198,107.306,3.40823,23.03,103.908,41,14:39:00,4.57262,106.403,2.56699,104.093,0,267,231,36.2,54.31525210493369,58.1215830243861,1,1,33.2,24.41,2,61.84,7.33,55,300,11.05,VISAT,79.89,farther,14:44:50,106.167,3.52612,105.248,3.47583,105.248,3.47583,14:47:40,105.85,3.69064,14:58:10,104.542,3.44196,9.18,68.0495,60.20575,89.31549999999999,39.17475,63.153000000000006,67.266,86.11999999999995,18.160000000000025,68.06000000000012,21.86000000000007,63.34000000000003,56.999999999999886,MABAL,3.473888888888889,105.20972222222224,44.1944444444448,61.84722222222222
404,050421set1_1_GA61.csv_1_GA60.csv,050421set1_1_GA61.csv,14:42:50,3.72198,107.306,3.40823,22.98,103.908,38,14:46:00,4.57262,106.403,2.56699,104.093,0,267,231,36.2,46.73244987254893,52.41422091819916,1,1,37.19,24.73,3,72.71,6.42,48,300,10.02,VISAT,75.4,farther,14:52:50,106.072,3.52129,105.269,3.4769,105.269,3.4769,14:55:25,105.782,3.66999,15:05:20,104.546,3.44259,10.54,68.0495,60.20575,89.31549999999999,39.17475,63.03225,66.74974999999999,86.11999999999995,18.160000000000025,68.06000000000012,21.86000000000007,61.440000000000055,55.63999999999993,MABAL,3.473888888888889,105.20972222222224,44.1944444444448,61.84722222222222
405,050421set1_1_KL70.csv_1_3K71.csv,050421set1_1_KL70.csv,14:50:00,3.72198,107.306,1.6022,24.0,103.998,73,14:56:05,2.52356,106.535,3.18297,104.142,0,249,286,36.36,55.14423329125991,61.44978895369459,-1,-1,37.21,20.82,3,60.46,7.58,57,220,10.14,WP071,74.74,farther,14:59:55,106.139,3.25456,105.25,2.91768,105.25,2.91768,15:02:50,105.892,2.9827,15:12:40,104.68,2.69471,10.62,68.0495,15.055,38.089,54.57425,56.364,49.5675,86.11999999999995,19.960000000000093,70.69999999999993,22.83999999999992,62.77999999999992,57.83999999999992,LIPRO,2.895,105.19083333333332,43.81666666666632,47.375
406,050421set1_1_3K81.csv_1_PR80.csv,050421set1_1_3K81.csv,14:56:45,4.57262,106.403,2.56699,2.98,104.093,41,15:00:10,4.19994,105.012,2.35462,107.115,0,231,131,99.94,29.884322082411824,34.737932393070814,1,1,3.7,13.7,4,73.58,4.25,32,250,5.51,KILOT,82.36,farther,15:01:50,105.976,4.09851,105.568,3.76442,105.568,3.76442,15:04:05,105.71,3.99675,15:14:55,104.702,3.06504,7.24,89.31549999999999,39.17475,79.99849999999999,33.865500000000004,77.46275,74.91875,68.06000000000012,21.86000000000007,40.24000000000001,82.2999999999999,59.51999999999998,54.19999999999988,MUMSO,3.738888888888889,105.53694444444444,50.73888888888888,68.47222222222223
407,050421set1_1_SQ91.csv_1_GA90.csv,050421set1_1_SQ91.csv,15:03:05,3.72198,107.306,3.40823,22.19,103.908,47,15:07:00,4.57262,106.403,2.56699,104.093,0,267,231,36.2,51.14797867376049,51.15258649048226,1,1,36.71,23.77,3,67.42,6.75,51,300,10.36,VISAT,73.56,farther,15:13:15,106.051,3.52022,105.206,3.47371,105.206,3.47371,15:15:55,105.752,3.67419,15:25:35,104.548,3.44327,5.27,68.0495,60.20575,89.31549999999999,39.17475,63.005500000000005,66.85475,86.11999999999995,18.160000000000025,68.06000000000012,21.86000000000007,61.02000000000004,55.03999999999991,MABAL,3.473888888888889,105.20972222222224,44.1944444444448,61.84722222222222
408,050421set1_1_PR101.csv_1_3K100.csv,050421set1_1_PR101.csv,15:11:40,4.57262,106.403,2.5041,33.11,106.548,0,15:10:20,4.19994,105.012,2.35462,107.115,16,170,131,37.29,70.16229880414441,67.66076319708846,1,1,9.03,12.41,4,72.6,9.08,68,210,18.3,OMLIV,48.02,closer,15:16:30,106.26,4.01709,106.474,2.89799,106.474,2.89799,15:20:25,106.036,3.57943,15:26:45,106.47,2.90694,7.62,89.31549999999999,37.602500000000006,79.99849999999999,33.865500000000004,75.42724999999999,64.48575,68.06000000000012,70.96000000000004,40.24000000000001,82.2999999999999,65.2000000000001,60.72000000000003,OMLIV,2.919722222222222,106.46972222222225,69.3944444444449,47.99305555555555
409,050421set1_1_3K111.csv_1_KL110.csv,050421set1_1_3K111.csv,15:17:10,4.57262,106.403,2.56699,4.37,104.093,48,15:21:10,4.19994,105.012,2.35462,107.115,0,231,131,99.94,30.52094219037804,30.946904188428704,1,1,4.37,14.4,4,66.23,4.0,30,250,7.12,KILOT,74.76,farther,15:22:45,105.926,4.06063,105.544,3.7445,105.544,3.7445,15:25:35,105.59,3.93453,15:35:25,104.699,3.06346,6.02,89.31549999999999,39.17475,79.99849999999999,33.865500000000004,76.51575,73.36325000000001,68.06000000000012,21.86000000000007,40.24000000000001,82.2999999999999,58.52000000000004,51.80000000000007,MUMSO,3.738888888888889,105.53694444444444,50.73888888888888,68.47222222222223
410,050421set1_1_SQ121.csv_1_QR120.csv,050421set1_1_SQ121.csv,15:24:20,4.57262,106.403,2.5041,20.83,106.548,26,15:26:30,3.72198,107.306,1.6022,103.998,0,170,249,79.82,48.58540839161061,50.0079185254296,-1,-1,3.86,31.01,2,53.08,6.5,49,160,7.13,OMLIV,34.78,farther,15:28:00,106.241,4.16374,106.386,3.36445,106.386,3.36445,15:33:30,106.48,3.50956,15:38:05,106.47,2.92992,5.91,89.31549999999999,37.602500000000006,68.0495,15.055,79.09349999999999,62.739,68.06000000000012,70.96000000000004,86.11999999999995,19.960000000000093,64.82,69.60000000000008,ONAPO,3.353888888888889,106.3877777777778,67.75555555555599,58.84722222222223
411,050421set1_1_SQ131.csv_1_KL130.csv,050421set1_1_SQ131.csv,15:31:15,4.57262,106.403,2.5041,21.71,106.548,27,15:33:30,3.72198,107.306,1.6022,103.998,0,170,249,79.82,49.178488008413886,50.0079185254296,-1,-1,3.86,31.01,4,70.31,6.5,49,160,7.37,OMLIV,32.9,farther,15:34:55,106.241,4.16374,106.386,3.36445,106.386,3.36445,15:40:40,106.49,3.47946,15:45:00,106.47,2.93142,5.72,89.31549999999999,37.602500000000006,68.0495,15.055,79.09349999999999,61.9865,68.06000000000012,70.96000000000004,86.11999999999995,19.960000000000093,64.82,69.7999999999999,ONAPO,3.353888888888889,106.3877777777778,67.75555555555599,58.84722222222223
412,050421set1_1_3K141.csv_1_TR140.csv,050421set1_1_3K141.csv,15:39:40,4.57262,106.403,2.5041,37.16,106.548,0,15:38:40,4.19994,105.012,2.35462,107.115,12,170,131,37.29,78.39248229565573,73.35204188451486,1,1,5.95,11.14,3,69.57,10.0,75,200,19.34,OMLIV,44.13,closer,15:43:45,106.243,4.11041,106.478,2.87726,106.478,2.87726,15:48:50,106.032,3.50357,15:54:40,106.47,2.91261,4.8,89.31549999999999,37.602500000000006,79.99849999999999,33.865500000000004,77.76025,62.58924999999999,68.06000000000012,70.96000000000004,40.24000000000001,82.2999999999999,64.8599999999999,60.63999999999993,OMLIV,2.919722222222222,106.46972222222225,69.3944444444449,47.99305555555555
413,050421set1_1_TR151.csv_1_QR150.csv,050421set1_1_TR151.csv,15:45:10,4.57262,106.403,2.56699,3.87,104.093,48,15:49:10,4.19994,105.012,2.35462,107.115,0,231,131,99.94,31.79418297982483,32.194792188914754,1,1,4.09,14.4,3,62.9,4.17,31,250,6.93,KILOT,77.28,farther,15:50:35,105.942,4.07397,105.544,3.7445,105.544,3.7445,15:53:20,105.616,3.95148,16:03:30,104.691,3.0553,5.74,89.31549999999999,39.17475,79.99849999999999,33.865500000000004,76.84925,73.787,68.06000000000012,21.86000000000007,40.24000000000001,82.2999999999999,58.83999999999986,52.31999999999999,MUMSO,3.738888888888889,105.53694444444444,50.73888888888888,68.47222222222223
414,050421set1_1_QR161.csv_1_KL160.csv,050421set1_1_QR161.csv,15:53:40,4.57262,106.403,2.5041,29.43,106.548,0,15:52:20,4.19994,105.012,2.35462,107.115,16,170,131,37.29,75.84560627422665,73.35204188451486,1,1,5.95,12.41,2,57.81,9.83,74,210,20.29,OMLIV,51.8,closer,15:57:45,106.243,4.11041,106.474,2.89799,106.474,2.89799,16:02:05,105.993,3.62708,16:08:55,106.47,2.90756,8.93,89.31549999999999,37.602500000000006,79.99849999999999,33.865500000000004,77.76025,65.67699999999999,68.06000000000012,70.96000000000004,40.24000000000001,82.2999999999999,64.8599999999999,59.8599999999999,OMLIV,2.919722222222222,106.46972222222225,69.3944444444449,47.99305555555555
415,050421set1_1_QR171.csv_1_PR170.csv,050421set1_1_QR171.csv,15:59:15,4.57262,106.403,2.5041,23.91,106.548,27,16:01:30,3.72198,107.306,1.6022,103.998,0,170,249,79.82,40.96571698313829,41.78200724790997,-1,-1,8.23,31.01,4,68.15,5.42,41,160,6.57,OMLIV,30.35,farther,16:04:00,106.267,4.029,106.386,3.36445,106.386,3.36445,16:09:00,106.484,3.43429,16:13:00,106.47,2.92862,5.13,89.31549999999999,37.602500000000006,68.0495,15.055,75.725,60.85724999999999,68.06000000000012,70.96000000000004,86.11999999999995,19.960000000000093,65.33999999999992,69.6799999999999,ONAPO,3.353888888888889,106.3877777777778,67.75555555555599,58.84722222222223
416,050421set1_1_TR181.csv_1_PR180.csv,050421set1_1_TR181.csv,16:06:25,4.57262,106.403,2.56699,2.15,104.093,45,16:10:10,4.19994,105.012,2.35462,107.115,0,231,131,99.94,34.9768921631953,37.281074043054495,1,1,3.17,14.17,2,58.34,4.75,36,250,6.34,KILOT,82.36,farther,16:11:10,106.009,4.1252,105.552,3.75113,105.552,3.75113,16:13:45,105.703,4.00901,16:24:35,104.704,3.06758,6.2,89.31549999999999,39.17475,79.99849999999999,33.865500000000004,78.13000000000001,75.22525,68.06000000000012,21.86000000000007,40.24000000000001,82.2999999999999,60.18000000000001,54.06000000000006,MUMSO,3.738888888888889,105.53694444444444,50.73888888888888,68.47222222222223
417,050421set1_1_3K191.csv_1_PR190.csv,050421set1_1_3K191.csv,16:13:50,4.57262,106.403,2.5041,19.81,106.548,20,16:15:30,3.72198,107.306,1.6022,103.998,0,170,249,79.82,44.09858412905202,49.374263478942375,-1,-1,4.19,29.92,3,64.76,6.17,46,160,6.63,OMLIV,37.32,farther,16:17:35,106.243,4.15339,106.38,3.39558,106.38,3.39558,16:22:40,106.464,3.54876,16:27:35,106.47,2.92677,8.41,89.31549999999999,37.602500000000006,68.0495,15.055,78.83475,63.719,68.06000000000012,70.96000000000004,86.11999999999995,19.960000000000093,64.8599999999999,69.27999999999997,ONAPO,3.353888888888889,106.3877777777778,67.75555555555599,58.84722222222223
418,050421set1_1_3K201.csv_1_SQ200.csv,050421set1_1_3K201.csv,16:21:40,4.57262,106.403,2.5041,28.32,106.548,0,16:20:25,4.19994,105.012,2.35462,107.115,15,170,131,37.29,78.39248229565573,75.2530114399778,1,1,4.94,12.41,4,77.08,10.08,76,210,21.14,OMLIV,53.05,closer,16:25:30,106.237,4.14152,106.474,2.89799,106.474,2.89799,16:30:00,105.976,3.63991,16:37:00,106.47,2.90659,8.87,89.31549999999999,37.602500000000006,79.99849999999999,33.865500000000004,78.538,65.99775,68.06000000000012,70.96000000000004,40.24000000000001,82.2999999999999,64.7399999999999,59.51999999999998,OMLIV,2.919722222222222,106.46972222222225,69.3944444444449,47.99305555555555
419,050421set1_1_3K211.csv_1_TR210.csv,050421set1_1_3K211.csv,16:28:40,4.57262,106.403,2.5041,30.41,106.548,0,16:27:25,4.19994,105.012,2.35462,107.115,15,170,131,37.29,75.84560627422665,72.71838570312435,1,1,6.29,12.41,3,67.23,9.75,73,210,20.74,OMLIV,50.57,closer,16:32:50,106.245,4.10004,106.474,2.89799,106.474,2.89799,16:37:15,105.989,3.60757,16:43:55,106.469,2.91473,8.72,89.31549999999999,37.602500000000006,79.99849999999999,33.865500000000004,77.501,65.18925,68.06000000000012,70.96000000000004,40.24000000000001,82.2999999999999,64.90000000000009,59.780000000000086,OMLIV,2.919722222222222,106.46972222222225,69.3944444444449,47.99305555555555
420,050421set1_1_KL221.csv_1_QR220.csv,050421set1_1_KL221.csv,16:34:40,4.57262,106.403,2.5041,22.74,106.548,22,16:36:30,3.72198,107.306,1.6022,103.998,0,170,249,79.82,46.638385686077655,50.64157385077982,-1,-1,3.48,30.28,2,49.82,6.42,48,160,7.93,OMLIV,31.0,farther,16:38:15,106.24,4.17413,106.382,3.3852,106.382,3.3852,16:44:25,106.506,3.44028,16:48:30,106.47,2.92485,8.32,89.31549999999999,37.602500000000006,68.0495,15.055,79.35325,61.007,68.06000000000012,70.96000000000004,86.11999999999995,19.960000000000093,64.7999999999999,70.12,ONAPO,3.353888888888889,106.3877777777778,67.75555555555599,58.84722222222223
421,050421set1_1_KL231.csv_1_TR230.csv,050421set1_1_KL231.csv,16:42:00,4.57262,106.403,2.5041,18.75,106.548,18,16:43:30,3.72198,107.306,1.6022,103.998,0,170,249,79.82,38.42596742506572,44.93868695258133,-1,-1,6.55,29.55,2,52.64,5.5,41,160,5.27,OMLIV,40.49,farther,16:46:20,106.257,4.08085,106.378,3.40595,106.378,3.40595,16:50:20,106.431,3.60508,16:55:40,106.469,2.93128,8.2,89.31549999999999,37.602500000000006,68.0495,15.055,77.02125,65.127,68.06000000000012,70.96000000000004,86.11999999999995,19.960000000000093,65.1400000000001,68.61999999999995,ONAPO,3.353888888888889,106.3877777777778,67.75555555555599,58.84722222222223
422,050421set1_1_GA241.csv_1_3K240.csv,050421set1_1_GA241.csv,16:49:40,4.57262,106.403,2.5041,26.85,106.548,0,16:48:35,4.19994,105.012,2.35462,107.115,13,170,131,37.29,79.66572280556828,75.2530114399778,1,1,4.94,11.77,3,67.83,10.17,76,210,19.49,OMLIV,53.73,closer,16:53:30,106.237,4.14152,106.476,2.88762,106.476,2.88762,16:57:40,105.997,3.67645,17:04:45,106.468,2.91476,6.2,89.31549999999999,37.602500000000006,79.99849999999999,33.865500000000004,78.538,66.91125,68.06000000000012,70.96000000000004,40.24000000000001,82.2999999999999,64.7399999999999,59.94,OMLIV,2.919722222222222,106.46972222222225,69.3944444444449,47.99305555555555
423,050421set1_1_TR250.csv_1_SQ251.csv,050421set1_1_TR250.csv,16:55:25,3.72198,107.306,1.6022,21.36,103.998,80,17:02:05,2.52356,106.535,3.18297,104.142,0,249,286,36.36,55.14423329125991,57.01603574767284,-1,-1,36.44,19.37,2,68.12,7.33,55,210,12.45,WP071,73.51,farther,17:05:55,106.07,3.22811,105.21,2.90255,105.21,2.90255,17:08:45,105.872,2.93408,17:18:25,104.671,2.69216,8.7,68.0495,15.055,38.089,54.57425,55.70275,48.352,86.11999999999995,19.960000000000093,70.69999999999993,22.83999999999992,61.39999999999986,57.44,LIPRO,2.895,105.19083333333332,43.81666666666632,47.375
424,050421set1_1_GA261.csv_1_QR260.csv,050421set1_1_GA261.csv,17:02:45,3.72198,107.306,3.40823,22.13,103.908,39,17:06:00,4.57262,106.403,2.56699,104.093,0,267,231,36.2,56.85839615024785,61.90651670501041,1,1,30.4,24.41,2,62.42,7.83,59,300,12.43,VISAT,81.82,farther,17:11:30,106.23,3.52934,105.248,3.47583,105.248,3.47583,17:14:40,105.877,3.71495,17:25:25,104.541,3.44202,11.16,68.0495,60.20575,89.31549999999999,39.17475,63.2335,67.87375,86.11999999999995,18.160000000000025,68.06000000000012,21.86000000000007,64.60000000000008,57.53999999999991,MABAL,3.473888888888889,105.20972222222224,44.1944444444448,61.84722222222222
425,050421set1_1_GA271.csv_1_KL270.csv,050421set1_1_GA271.csv,17:09:10,4.57262,106.403,2.56699,2.75,104.093,48,17:13:10,4.19994,105.012,2.35462,107.115,0,231,131,99.94,34.9768921631953,35.36206625244781,1,1,3.42,14.4,4,60.56,4.58,34,250,7.35,KILOT,78.53,farther,17:14:10,105.983,4.10733,105.544,3.7445,105.544,3.7445,17:17:05,105.637,3.97763,17:27:25,104.7,3.06391,5.97,89.31549999999999,39.17475,79.99849999999999,33.865500000000004,77.68325,74.44075,68.06000000000012,21.86000000000007,40.24000000000001,82.2999999999999,59.66000000000008,52.74000000000001,MUMSO,3.738888888888889,105.53694444444444,50.73888888888888,68.47222222222223
426,050421set1_1_KL281.csv_1_KL280.csv,050421set1_1_KL281.csv,17:17:40,4.57262,106.403,2.5041,32.07,106.548,0,17:16:15,4.19994,105.012,2.35462,107.115,17,170,131,37.29,69.5260742779602,67.66076319708846,1,1,9.03,13.04,4,76.46,9.0,68,210,17.04,OMLIV,48.07,closer,17:22:30,106.26,4.01709,106.472,2.90835,106.472,2.90835,17:26:10,106.052,3.60684,17:32:30,106.467,2.92153,7.2,89.31549999999999,37.602500000000006,79.99849999999999,33.865500000000004,75.42724999999999,65.171,68.06000000000012,70.96000000000004,40.24000000000001,82.2999999999999,65.2000000000001,61.04000000000013,OMLIV,2.919722222222222,106.46972222222225,69.3944444444449,47.99305555555555
427,290321set2_1_3K01.csv_1_SQ00.csv,290321set2_1_3K01.csv,14:00:30,4.57262,106.403,2.5041,19.71,106.548,24,14:02:30,3.72198,107.306,1.6022,103.998,0,170,249,79.82,45.39627651359816,48.10695426663429,-1,-1,4.87,30.65,0,0.0,6.17,46,160,6.32,OMLIV,37.32,farther,14:04:25,106.247,4.13269,106.384,3.37483,106.384,3.37483,14:09:15,106.457,3.5578,14:14:10,106.469,2.93587,6.03,89.31549999999999,37.602500000000006,68.0495,15.055,78.31725,63.94499999999999,68.06000000000012,70.96000000000004,86.11999999999995,19.960000000000093,64.94,69.13999999999987,ONAPO,3.353888888888889,106.3877777777778,67.75555555555599,58.84722222222223
428,290321set2_1_KL11.csv_1_KL10.csv,290321set2_1_KL11.csv,14:08:00,4.57262,106.403,2.56699,2.34,104.093,38,14:11:10,4.19994,105.012,2.35462,107.115,0,231,131,99.94,29.884322082411824,36.65694331374088,1,1,3.31,13.25,2,60.2,4.33,32,250,5.91,KILOT,83.01,farther,14:12:50,106.001,4.11853,105.585,3.7777,105.585,3.7777,14:15:15,105.715,4.00956,14:26:10,104.703,3.06627,8.81,89.31549999999999,39.17475,79.99849999999999,33.865500000000004,77.96324999999999,75.23899999999999,68.06000000000012,21.86000000000007,40.24000000000001,82.2999999999999,60.020000000000095,54.30000000000007,MUMSO,3.738888888888889,105.53694444444444,50.73888888888888,68.47222222222223
429,290321set2_1_TR20.csv_1_GA21.csv,290321set2_1_TR20.csv,14:14:50,3.72198,107.306,1.6022,21.44,103.998,75,14:21:05,2.52356,106.535,3.18297,104.142,0,249,286,36.36,49.4844172749244,54.50613353000215,-1,-1,35.99,20.1,4,54.65,6.83,51,200,12.52,WP071,74.13,farther,14:25:40,106.031,3.21299,105.23,2.91012,105.23,2.91012,14:28:10,105.887,2.93844,14:37:55,104.676,2.69322,12.68,68.0495,15.055,38.089,54.57425,55.32475,48.461,86.11999999999995,19.960000000000093,70.69999999999993,22.83999999999992,60.62000000000012,57.74000000000001,LIPRO,2.895,105.19083333333332,43.81666666666632,47.375
430,290321set2_1_SQ31.csv_1_KL30.csv,290321set2_1_SQ31.csv,14:22:40,4.57262,106.403,2.5041,21.72,106.548,0,14:21:20,4.19994,105.012,2.35462,107.115,16,170,131,37.29,72.70759378829774,70.19539495386823,1,1,7.81,12.41,4,84.18,9.42,71,230,18.2,OMLIV,58.2,closer,14:27:10,106.249,4.05855,106.474,2.89799,106.474,2.89799,14:30:15,106.001,3.77442,14:37:55,106.466,2.92312,9.77,89.31549999999999,37.602500000000006,79.99849999999999,33.865500000000004,76.46375,69.3605,68.06000000000012,70.96000000000004,40.24000000000001,82.2999999999999,64.9799999999999,60.020000000000095,OMLIV,2.919722222222222,106.46972222222225,69.3944444444449,47.99305555555555
431,290321set2_1_TR41.csv_1_GA40.csv,290321set2_1_TR41.csv,14:29:40,4.57262,106.403,2.5041,36.27,106.548,0,14:29:00,4.19994,105.012,2.35462,107.115,8,170,131,37.29,63.79966323276798,56.26716138651231,1,1,15.13,9.87,4,80.49,7.92,59,230,19.81,OMLIV,44.83,closer,14:36:00,106.295,3.83046,106.482,2.85653,106.482,2.85653,14:39:25,106.022,3.5156,14:45:20,106.468,2.91608,7.58,89.31549999999999,37.602500000000006,79.99849999999999,33.865500000000004,70.7615,62.89,68.06000000000012,70.96000000000004,40.24000000000001,82.2999999999999,65.90000000000003,60.44000000000011,OMLIV,2.919722222222222,106.46972222222225,69.3944444444449,47.99305555555555
432,290321set2_1_SQ50.csv_1_3K51.csv,290321set2_1_SQ50.csv,14:35:15,3.72198,107.306,1.6022,21.0,103.998,82,14:42:05,2.52356,106.535,3.18297,104.142,0,249,286,36.36,57.06883543366395,57.65746250707348,-1,-1,36.55,18.66,2,47.07,7.58,57,210,12.83,WP071,73.44,farther,14:45:40,106.08,3.23191,105.191,2.89499,105.191,2.89499,14:48:35,105.876,2.92876,14:58:15,104.675,2.69275,7.7,68.0495,15.055,38.089,54.57425,55.79775,48.219,86.11999999999995,19.960000000000093,70.69999999999993,22.83999999999992,61.599999999999966,57.520000000000095,LIPRO,2.895,105.19083333333332,43.81666666666632,47.375
433,290321set2_1_TR60.csv_1_PR61.csv,290321set2_1_TR60.csv,14:42:20,3.72198,107.306,1.6022,19.89,103.998,81,14:49:05,2.52356,106.535,3.18297,104.142,0,249,286,36.36,70.99341938797383,72.24243588615431,-1,-1,36.27,19.03,2,56.32,9.42,71,220,14.76,WP071,78.55,farther,14:50:50,106.307,3.31885,105.201,2.89877,105.201,2.89877,14:55:00,105.958,2.92578,15:05:20,104.67,2.69171,8.2,68.0495,15.055,38.089,54.57425,57.97125,48.1445,86.11999999999995,19.960000000000093,70.69999999999993,22.83999999999992,66.14000000000004,59.15999999999997,LIPRO,2.895,105.19083333333332,43.81666666666632,47.375
434,290321set2_1_TR71.csv_1_QR70.csv,290321set2_1_TR71.csv,14:49:15,3.72198,107.306,3.40823,20.27,103.908,45,14:53:00,4.57262,106.403,2.56699,104.093,0,267,231,36.2,53.691122953124,54.93752011470307,1,1,35.64,23.94,4,66.46,7.17,54,330,14.57,VISAT,83.04,farther,14:58:55,106.114,3.52344,105.217,3.47424,105.217,3.47424,15:01:35,105.889,3.75129,15:12:30,104.54,3.44218,12.05,68.0495,60.20575,89.31549999999999,39.17475,63.086,68.78225,86.11999999999995,18.160000000000025,68.06000000000012,21.86000000000007,62.280000000000086,57.77999999999992,MABAL,3.473888888888889,105.20972222222224,44.1944444444448,61.84722222222222
435,290321set2_1_GA81.csv_1_QR80.csv,290321set2_1_GA81.csv,14:56:05,4.57262,106.403,2.56699,4.8,104.093,49,15:00:10,4.19994,105.012,2.35462,107.115,0,231,131,99.94,29.884322082411824,29.652031866020245,1,1,4.65,14.64,4,58.83,3.92,29,250,6.94,KILOT,74.73,closer,15:01:50,105.91,4.04728,105.536,3.73786,105.536,3.73786,15:04:35,105.583,3.9248,15:14:25,104.691,3.05546,5.45,89.31549999999999,39.17475,79.99849999999999,33.865500000000004,76.18199999999999,73.11999999999999,68.06000000000012,21.86000000000007,40.24000000000001,82.2999999999999,58.19999999999993,51.65999999999997,MUMSO,3.738888888888889,105.53694444444444,50.73888888888888,68.47222222222223
436,290321set2_1_TR91.csv_1_SQ90.csv,290321set2_1_TR91.csv,15:03:35,3.72198,107.306,3.40823,23.51,103.908,41,15:07:00,4.57262,106.403,2.56699,104.093,0,267,231,36.2,56.85839615024785,60.64488225359271,1,1,31.32,24.41,4,79.71,7.67,58,330,13.45,VISAT,88.78,farther,15:12:30,106.209,3.52827,105.248,3.47583,105.248,3.47583,15:15:00,105.995,3.73797,15:26:40,104.545,3.44293,13.25,68.0495,60.20575,89.31549999999999,39.17475,63.20675,68.44924999999999,86.11999999999995,18.160000000000025,68.06000000000012,21.86000000000007,64.18000000000006,59.90000000000009,MABAL,3.473888888888889,105.20972222222224,44.1944444444448,61.84722222222222
437,290321set2_1_GA101.csv_1_QR100.csv,290321set2_1_GA101.csv,15:11:40,4.57262,106.403,2.5041,29.46,106.548,0,15:10:55,4.19994,105.012,2.35462,107.115,9,170,131,37.29,70.16229880414441,63.225753755803545,1,1,11.38,10.51,3,56.46,8.75,66,230,19.85,OMLIV,51.21,closer,15:17:05,106.274,3.94451,106.48,2.86689,106.48,2.86689,15:20:30,106.0,3.62966,15:27:15,106.468,2.91585,7.52,89.31549999999999,37.602500000000006,79.99849999999999,33.865500000000004,73.61275,65.7415,68.06000000000012,70.96000000000004,40.24000000000001,82.2999999999999,65.48000000000002,60.0,OMLIV,2.919722222222222,106.46972222222225,69.3944444444449,47.99305555555555
438,290321set2_1_TR111.csv_1_3K110.csv,290321set2_1_TR111.csv,15:17:25,3.72198,107.306,3.40823,17.52,103.908,43,15:21:00,4.57262,106.403,2.56699,104.093,0,267,231,36.2,53.06699500360328,55.59828383114882,1,1,35.18,24.09,4,77.54,7.17,54,330,17.37,VISAT,83.72,farther,15:27:00,106.124,3.52397,105.227,3.47477,105.227,3.47477,15:30:00,105.884,3.79774,15:41:00,104.535,3.44142,15.97,68.0495,60.20575,89.31549999999999,39.17475,63.09925,69.9435,86.11999999999995,18.160000000000025,68.06000000000012,21.86000000000007,62.47999999999991,57.68000000000001,MABAL,3.473888888888889,105.20972222222224,44.1944444444448,61.84722222222222
439,290321set2_1_3K120.csv_1_PR121.csv,290321set2_1_3K120.csv,15:24:40,3.72198,107.306,1.6022,23.24,103.998,77,15:31:05,2.52356,106.535,3.18297,104.142,0,249,286,36.36,55.76650261739269,59.58131419126972,-1,-1,36.87,19.74,2,60.28,7.58,57,210,11.24,WP071,76.65,farther,15:34:50,106.11,3.24322,105.22,2.90634,105.22,2.90634,15:37:25,105.927,2.97659,15:47:30,104.681,2.69465,9.6,68.0495,15.055,38.089,54.57425,56.0805,49.41475,86.11999999999995,19.960000000000093,70.69999999999993,22.83999999999992,62.19999999999999,58.54000000000013,LIPRO,2.895,105.19083333333332,43.81666666666632,47.375
440,290321set2_1_PR131.csv_1_3K130.csv,290321set2_1_PR131.csv,15:31:50,3.72198,107.306,3.40823,22.03,103.908,38,15:35:00,4.57262,106.403,2.56699,104.093,0,267,231,36.2,54.31525210493369,60.04401149666885,1,1,31.8,24.73,4,85.01,7.42,56,320,13.93,VISAT,86.88,farther,15:40:50,106.198,3.52773,105.269,3.4769,105.269,3.4769,15:43:30,105.952,3.74386,15:54:55,104.536,3.44108,14.7,68.0495,60.20575,89.31549999999999,39.17475,63.19325,68.5965,86.11999999999995,18.160000000000025,68.06000000000012,21.86000000000007,63.959999999999866,59.03999999999997,MABAL,3.473888888888889,105.20972222222224,44.1944444444448,61.84722222222222
441,290321set2_1_3K141.csv_1_GA140.csv,290321set2_1_3K141.csv,15:38:20,4.57262,106.403,2.5041,20.37,106.548,26,15:40:30,3.72198,107.306,1.6022,103.998,0,170,249,79.82,47.93632531483235,49.374263478942375,-1,-1,4.19,31.01,4,66.06,6.42,48,160,6.82,OMLIV,36.05,farther,15:42:05,106.243,4.15339,106.386,3.36445,106.386,3.36445,15:47:20,106.471,3.52894,15:52:05,106.47,2.92806,5.52,89.31549999999999,37.602500000000006,68.0495,15.055,78.83475,63.2235,68.06000000000012,70.96000000000004,86.11999999999995,19.960000000000093,64.8599999999999,69.42000000000007,ONAPO,3.353888888888889,106.3877777777778,67.75555555555599,58.84722222222223
442,290321set2_1_3K150.csv_1_PR151.csv,290321set2_1_3K150.csv,15:45:45,3.72198,107.306,1.6022,22.21,103.998,76,15:52:05,2.52356,106.535,3.18297,104.142,0,249,286,36.36,60.2384713615625,64.65692457213898,-1,-1,37.76,19.74,3,84.7,8.25,62,210,12.84,WP071,80.46,farther,15:55:15,106.189,3.27347,105.22,2.90634,105.22,2.90634,15:58:10,105.985,2.9703,16:08:45,104.673,2.69266,11.13,68.0495,15.055,38.089,54.57425,56.83675,49.2575,86.11999999999995,19.960000000000093,70.69999999999993,22.83999999999992,63.77999999999986,59.69999999999999,LIPRO,2.895,105.19083333333332,43.81666666666632,47.375
443,290321set2_1_QR161.csv_1_QR160.csv,290321set2_1_QR161.csv,15:53:40,4.57262,106.403,2.5041,24.3,106.548,0,15:52:45,4.19994,105.012,2.35462,107.115,11,170,131,37.29,73.9349550894084,68.29442090662855,1,1,8.69,11.14,3,78.8,9.33,70,230,18.75,OMLIV,55.66,closer,15:58:25,106.258,4.02746,106.478,2.87726,106.478,2.87726,16:01:40,106.001,3.72617,16:09:00,106.466,2.92342,7.32,89.31549999999999,37.602500000000006,79.99849999999999,33.865500000000004,75.6865,68.15425,68.06000000000012,70.96000000000004,40.24000000000001,82.2999999999999,65.15999999999991,60.020000000000095,OMLIV,2.919722222222222,106.46972222222225,69.3944444444449,47.99305555555555
444,290321set2_1_GA171.csv_1_SQ170.csv,290321set2_1_GA171.csv,16:00:00,4.57262,106.403,2.5041,20.23,106.548,18,16:01:30,3.72198,107.306,1.6022,103.998,0,170,249,79.82,42.20748637993895,48.74060872219412,-1,-1,4.53,29.55,4,75.26,6.0,45,160,6.57,OMLIV,36.7,farther,16:03:50,106.245,4.14306,106.378,3.40595,106.378,3.40595,16:08:55,106.465,3.53807,16:13:45,106.47,2.92636,9.37,89.31549999999999,37.602500000000006,68.0495,15.055,78.57650000000001,63.45175,68.06000000000012,70.96000000000004,86.11999999999995,19.960000000000093,64.90000000000009,69.30000000000007,ONAPO,3.353888888888889,106.3877777777778,67.75555555555599,58.84722222222223
445,290321set2_1_KL181.csv_1_SQ180.csv,290321set2_1_KL181.csv,16:07:40,4.57262,106.403,2.5041,30.42,106.548,0,16:06:10,4.19994,105.012,2.35462,107.115,18,170,131,37.29,62.52721697644607,61.32478552552547,1,1,12.39,13.04,2,53.98,8.17,61,230,16.5,OMLIV,49.97,closer,16:13:20,106.28,3.91341,106.472,2.90835,106.472,2.90835,16:16:15,106.055,3.63923,16:22:50,106.47,2.91714,10.01,89.31549999999999,37.602500000000006,79.99849999999999,33.865500000000004,72.83525,65.98075,68.06000000000012,70.96000000000004,40.24000000000001,82.2999999999999,65.60000000000002,61.100000000000136,OMLIV,2.919722222222222,106.46972222222225,69.3944444444449,47.99305555555555
446,290321set2_1_TR191.csv_1_SQ190.csv,290321set2_1_TR191.csv,16:13:20,4.57262,106.403,2.56699,5.84,104.093,46,16:17:10,4.19994,105.012,2.35462,107.115,0,231,131,99.94,24.837244904750108,26.484757960539973,1,1,5.32,14.17,3,67.28,3.33,25,250,5.89,KILOT,73.49,farther,16:19:30,105.869,4.01392,105.552,3.75113,105.552,3.75113,16:21:50,105.592,3.90947,16:31:30,104.703,3.0668,5.86,89.31549999999999,39.17475,79.99849999999999,33.865500000000004,75.348,72.73675,68.06000000000012,21.86000000000007,40.24000000000001,82.2999999999999,57.38,51.839999999999975,MUMSO,3.738888888888889,105.53694444444444,50.73888888888888,68.47222222222223
447,290321set2_1_QR201.csv_1_TR200.csv,290321set2_1_QR201.csv,16:20:45,4.57262,106.403,2.5041,19.77,106.548,21,16:22:30,3.72198,107.306,1.6022,103.998,0,170,249,79.82,40.96571698313829,45.57233970754738,-1,-1,6.21,29.92,2,53.98,5.67,43,160,5.82,OMLIV,37.96,farther,16:25:00,106.255,4.09122,106.38,3.39558,106.38,3.39558,16:29:25,106.447,3.56589,16:34:25,106.469,2.93364,7.18,89.31549999999999,37.602500000000006,68.0495,15.055,77.28049999999999,64.14725,68.06000000000012,70.96000000000004,86.11999999999995,19.960000000000093,65.09999999999991,68.94000000000005,ONAPO,3.353888888888889,106.3877777777778,67.75555555555599,58.84722222222223
448,290321set2_1_SQ210.csv_1_3K211.csv,290321set2_1_SQ210.csv,16:27:35,3.72198,107.306,1.6022,22.43,103.998,78,16:34:05,2.52356,106.535,3.18297,104.142,0,249,286,36.36,54.52180268943992,57.65746250707348,-1,-1,36.55,19.37,2,48.69,7.42,56,210,11.63,WP071,74.77,farther,16:38:00,106.08,3.23191,105.21,2.90255,105.21,2.90255,16:40:40,105.892,2.95616,16:50:30,104.674,2.693,9.31,68.0495,15.055,38.089,54.57425,55.79775,48.904,86.11999999999995,19.960000000000093,70.69999999999993,22.83999999999992,61.599999999999966,57.83999999999992,LIPRO,2.895,105.19083333333332,43.81666666666632,47.375
449,290321set2_1_3K221.csv_1_3K220.csv,290321set2_1_3K221.csv,16:34:20,4.57262,106.403,2.56699,3.84,104.093,46,16:38:10,4.19994,105.012,2.35462,107.115,0,231,131,99.94,30.52094219037804,32.194792188914754,1,1,4.09,14.17,3,72.34,4.08,31,250,6.73,KILOT,77.28,farther,16:39:45,105.942,4.07397,105.552,3.75113,105.552,3.75113,16:42:25,105.626,3.95509,16:52:35,104.698,3.06195,6.39,89.31549999999999,39.17475,79.99849999999999,33.865500000000004,76.84925,73.87725,68.06000000000012,21.86000000000007,40.24000000000001,82.2999999999999,58.83999999999986,52.520000000000095,MUMSO,3.738888888888889,105.53694444444444,50.73888888888888,68.47222222222223
450,290321set2_1_3K231.csv_1_TR230.csv,290321set2_1_3K231.csv,16:41:35,4.57262,106.403,2.5041,20.86,106.548,23,16:43:30,3.72198,107.306,1.6022,103.998,0,170,249,79.82,42.85653660858295,46.2059928309963,-1,-1,5.88,30.28,4,75.9,5.83,44,160,6.26,OMLIV,35.44,farther,16:45:45,106.253,4.10158,106.382,3.3852,106.382,3.3852,16:50:35,106.462,3.52633,16:55:15,106.469,2.93574,6.58,89.31549999999999,37.602500000000006,68.0495,15.055,77.5395,63.15825,68.06000000000012,70.96000000000004,86.11999999999995,19.960000000000093,65.06,69.24000000000007,ONAPO,3.353888888888889,106.3877777777778,67.75555555555599,58.84722222222223
451,290321set2_1_GA240.csv_1_PR241.csv,290321set2_1_GA240.csv,16:48:05,3.72198,107.306,1.6022,19.33,103.998,84,16:55:05,2.52356,106.535,3.18297,104.142,0,249,286,36.36,57.06883543366395,56.43041590059958,-1,-1,36.33,18.3,2,48.14,7.5,56,210,14.03,WP071,70.99,closer,16:58:40,106.06,3.22433,105.181,2.89119,105.181,2.89119,17:01:50,105.841,2.89376,17:11:10,104.675,2.69254,7.43,68.0495,15.055,38.089,54.57425,55.608250000000005,47.344,86.11999999999995,19.960000000000093,70.69999999999993,22.83999999999992,61.200000000000045,56.81999999999988,LIPRO,2.895,105.19083333333332,43.81666666666632,47.375
452,290321set2_1_QR251.csv_1_QR250.csv,290321set2_1_QR251.csv,16:55:25,4.57262,106.403,2.56699,3.58,104.093,45,16:59:10,4.19994,105.012,2.35462,107.115,0,231,131,99.94,30.52094219037804,32.86554138995445,1,1,3.98,14.17,3,73.42,4.17,31,250,6.51,KILOT,78.56,farther,17:00:45,105.951,4.08064,105.552,3.75113,105.552,3.75113,17:03:20,105.644,3.96537,17:13:40,104.697,3.06123,6.57,89.31549999999999,39.17475,79.99849999999999,33.865500000000004,77.01599999999999,74.13425000000001,68.06000000000012,21.86000000000007,40.24000000000001,82.2999999999999,59.01999999999987,52.88000000000011,MUMSO,3.738888888888889,105.53694444444444,50.73888888888888,68.47222222222223
453,290321set2_1_PR260.csv_1_PR261.csv,290321set2_1_PR260.csv,17:02:25,3.72198,107.306,1.6022,17.35,103.998,80,17:09:05,2.52356,106.535,3.18297,104.142,0,249,286,36.36,59.616039410908655,61.44978895369459,-1,-1,37.21,19.37,3,64.95,7.92,59,210,16.42,WP071,74.1,farther,17:12:20,106.139,3.25456,105.21,2.90255,105.21,2.90255,17:16:00,105.888,2.86918,17:25:45,104.666,2.69069,11.43,68.0495,15.055,38.089,54.57425,56.364,46.7295,86.11999999999995,19.960000000000093,70.69999999999993,22.83999999999992,62.77999999999992,57.760000000000105,LIPRO,2.895,105.19083333333332,43.81666666666632,47.375
454,290321set2_1_SQ271.csv_1_PR270.csv,290321set2_1_SQ271.csv,17:09:40,3.72198,107.306,3.40823,20.46,103.908,40,17:13:00,4.57262,106.403,2.56699,104.093,0,267,231,36.2,54.31525210493369,58.782377061977456,1,1,32.74,24.41,2,61.74,7.42,56,330,15.69,VISAT,86.83,farther,17:18:50,106.177,3.52666,105.248,3.47583,105.248,3.47583,17:21:35,105.952,3.77319,17:33:00,104.543,3.44298,16.02,68.0495,60.20575,89.31549999999999,39.17475,63.166500000000006,69.32975,86.11999999999995,18.160000000000025,68.06000000000012,21.86000000000007,63.54000000000013,59.03999999999997,MABAL,3.473888888888889,105.20972222222224,44.1944444444448,61.84722222222222
455,290321set2_1_TR281.csv_1_3K280.csv,290321set2_1_TR281.csv,17:17:40,4.57262,106.403,2.5041,26.45,106.548,0,17:16:30,4.19994,105.012,2.35462,107.115,14,170,131,37.29,69.5260742779602,65.75979104904967,1,1,10.04,11.77,4,76.36,8.92,67,230,17.62,OMLIV,53.75,closer,17:22:45,106.266,3.98599,106.476,2.88762,106.476,2.88762,17:25:50,106.025,3.69825,17:32:55,106.468,2.91956,8.29,89.31549999999999,37.602500000000006,79.99849999999999,33.865500000000004,74.64975,67.45625,68.06000000000012,70.96000000000004,40.24000000000001,82.2999999999999,65.3200000000001,60.500000000000114,OMLIV,2.919722222222222,106.46972222222225,69.3944444444449,47.99305555555555
456,290321set2_1_GA291.csv_1_SQ290.csv,290321set2_1_GA291.csv,17:23:45,4.57262,106.403,2.56699,5.97,104.093,41,17:27:10,4.19994,105.012,2.35462,107.115,0,231,131,99.94,21.01910151402218,25.860622009756053,1,1,5.43,13.7,4,70.7,3.08,23,250,5.02,KILOT,74.77,farther,17:30:00,105.86,4.00725,105.568,3.76442,105.568,3.76442,17:32:00,105.624,3.91723,17:41:50,104.709,3.07132,7.2,89.31549999999999,39.17475,79.99849999999999,33.865500000000004,75.18125,72.93075,68.06000000000012,21.86000000000007,40.24000000000001,82.2999999999999,57.19999999999999,52.47999999999991,MUMSO,3.738888888888889,105.53694444444444,50.73888888888888,68.47222222222223
457,290321set1_1_SQ01.csv_1_SQ00.csv,290321set1_1_SQ01.csv,14:00:40,4.57262,106.403,2.5041,19.13,106.548,22,14:02:30,3.72198,107.306,1.6022,103.998,0,170,249,79.82,46.638385686077655,50.64157385077982,-1,-1,3.48,30.28,0,0.0,6.42,48,160,6.57,OMLIV,37.97,farther,14:04:15,106.24,4.17413,106.382,3.3852,106.382,3.3852,14:09:20,106.459,3.56914,14:14:20,106.469,2.9364,7.1,89.31549999999999,37.602500000000006,68.0495,15.055,79.35325,64.2285,68.06000000000012,70.96000000000004,86.11999999999995,19.960000000000093,64.7999999999999,69.18000000000006,ONAPO,3.353888888888889,106.3877777777778,67.75555555555599,58.84722222222223
458,290321set1_1_3K11.csv_1_TR10.csv,290321set1_1_3K11.csv,14:07:20,4.57262,106.403,2.56699,2.86,104.093,46,14:11:10,4.19994,105.012,2.35462,107.115,0,231,131,99.94,26.74671524156946,28.40376222949404,1,1,4.9,14.17,2,58.54,3.58,27,260,7.5,MABAL,38.62,farther,14:13:15,105.893,4.03394,105.552,3.75113,105.552,3.75113,14:15:25,105.627,3.97267,14:20:30,105.214,3.47895,6.74,89.31549999999999,39.17475,79.99849999999999,33.865500000000004,75.8485,74.31675,68.06000000000012,21.86000000000007,40.24000000000001,82.2999999999999,57.860000000000014,52.53999999999991,MUMSO,3.738888888888889,105.53694444444444,50.73888888888888,68.47222222222223
459,290321set1_1_PR20.csv_1_PR21.csv,290321set1_1_PR20.csv,14:14:20,3.72198,107.306,1.6022,23.41,103.998,81,14:21:05,2.52356,106.535,3.18297,104.142,0,249,286,36.36,53.89953355652952,55.14756082262563,-1,-1,36.1,19.03,2,49.86,7.17,54,210,10.46,WP071,73.52,farther,14:25:05,106.041,3.21677,105.201,2.89877,105.201,2.89877,14:27:30,105.869,2.96841,14:37:10,104.675,2.69341,6.75,68.0495,15.055,38.089,54.57425,55.41925,49.21025,86.11999999999995,19.960000000000093,70.69999999999993,22.83999999999992,60.819999999999936,57.38,LIPRO,2.895,105.19083333333332,43.81666666666632,47.375
460,290321set1_1_QR31.csv_1_SQ30.csv,290321set1_1_QR31.csv,14:22:40,4.57262,106.403,2.5041,34.34,106.548,0,14:22:00,4.19994,105.012,2.35462,107.115,8,170,131,37.29,65.07211009710481,57.53447696272512,1,1,14.46,9.87,2,70.18,8.08,61,230,17.65,OMLIV,46.15,closer,14:28:50,106.291,3.85119,106.482,2.85653,106.482,2.85653,14:31:55,106.05,3.56346,14:38:00,106.467,2.91716,5.1,89.31549999999999,37.602500000000006,79.99849999999999,33.865500000000004,71.27974999999999,64.0865,68.06000000000012,70.96000000000004,40.24000000000001,82.2999999999999,65.81999999999994,60.99999999999994,OMLIV,2.919722222222222,106.46972222222225,69.3944444444449,47.99305555555555
461,290321set1_1_GA41.csv_1_QR40.csv,290321set1_1_GA41.csv,14:29:40,4.57262,106.403,2.5041,31.2,106.548,0,14:28:05,4.19994,105.012,2.35462,107.115,19,170,131,37.29,60.02700462911519,59.43486197477242,1,1,13.58,13.67,4,79.89,7.83,59,230,14.85,OMLIV,48.7,closer,14:35:35,106.282,3.88229,106.47,2.91872,106.47,2.91872,14:38:10,106.083,3.63884,14:44:35,106.466,2.92322,9.16,89.31549999999999,37.602500000000006,79.99849999999999,33.865500000000004,72.05725,65.971,68.06000000000012,70.96000000000004,40.24000000000001,82.2999999999999,65.63999999999993,61.65999999999997,OMLIV,2.919722222222222,106.46972222222225,69.3944444444449,47.99305555555555
462,290321set1_1_3K51.csv_1_KL50.csv,290321set1_1_3K51.csv,14:36:40,4.57262,106.403,2.5041,34.51,106.548,0,14:35:30,4.19994,105.012,2.35462,107.115,14,170,131,37.29,60.66322904924708,56.90081908105616,1,1,14.79,11.77,2,53.31,7.75,58,230,16.01,OMLIV,45.53,closer,14:42:55,106.293,3.84083,106.476,2.88762,106.476,2.88762,14:45:45,106.076,3.57343,14:51:45,106.466,2.92252,7.27,89.31549999999999,37.602500000000006,79.99849999999999,33.865500000000004,71.02074999999999,64.33575,68.06000000000012,70.96000000000004,40.24000000000001,82.2999999999999,65.86000000000013,61.51999999999987,OMLIV,2.919722222222222,106.46972222222225,69.3944444444449,47.99305555555555
463,290321set1_1_TR61.csv_1_TR60.csv,290321set1_1_TR61.csv,14:42:35,3.72198,107.306,3.40823,21.78,103.908,41,14:46:00,4.57262,106.403,2.56699,104.093,0,267,231,36.2,46.73244987254893,50.491792437883305,1,1,36.46,24.41,2,51.28,6.33,47,330,12.32,MABAL,40.53,farther,14:52:50,106.04,3.51968,105.248,3.47583,105.248,3.47583,14:55:05,105.848,3.71177,15:00:25,105.215,3.47579,11.78,68.0495,60.20575,89.31549999999999,39.17475,62.992,67.79425,86.11999999999995,18.160000000000025,68.06000000000012,21.86000000000007,60.800000000000125,56.95999999999998,MABAL,3.473888888888889,105.20972222222224,44.1944444444448,61.84722222222222
464,290321set1_1_PR71.csv_1_GA70.csv,290321set1_1_PR71.csv,14:49:35,4.57262,106.403,2.5041,22.54,106.548,23,14:51:30,3.72198,107.306,1.6022,103.998,0,170,249,79.82,44.74742913177288,48.10695426663429,-1,-1,4.87,30.28,2,37.25,6.08,46,160,7.29,OMLIV,31.64,farther,14:53:30,106.247,4.13269,106.382,3.3852,106.382,3.3852,14:59:10,106.492,3.45832,15:03:20,106.47,2.93149,7.61,89.31549999999999,37.602500000000006,68.0495,15.055,78.31725,61.458,68.06000000000012,70.96000000000004,86.11999999999995,19.960000000000093,64.94,69.84000000000009,ONAPO,3.353888888888889,106.3877777777778,67.75555555555599,58.84722222222223
465,290321set1_1_SQ81.csv_1_GA80.csv,290321set1_1_SQ81.csv,14:56:15,4.57262,106.403,2.56699,4.45,104.093,47,15:00:10,4.19994,105.012,2.35462,107.115,0,231,131,99.94,30.52094219037804,31.57103622538685,1,1,4.23,14.4,4,66.21,4.08,31,250,9.61,MABAL,29.74,farther,15:01:45,105.934,4.0673,105.544,3.7445,105.544,3.7445,15:05:35,105.479,3.89791,15:09:30,105.213,3.47963,8.55,89.31549999999999,39.17475,79.99849999999999,33.865500000000004,76.6825,72.44775,68.06000000000012,21.86000000000007,40.24000000000001,82.2999999999999,58.67999999999995,49.579999999999984,MUMSO,3.738888888888889,105.53694444444444,50.73888888888888,68.47222222222223
466,290321set1_1_GA101.csv_1_GA100.csv,290321set1_1_GA101.csv,15:10:20,4.57262,106.403,2.56699,2.09,104.093,46,15:14:10,4.19994,105.012,2.35462,107.115,0,231,131,99.94,36.24973952137851,37.90520640361508,1,1,3.03,14.17,2,90.72,4.83,36,250,7.55,MABAL,40.55,farther,15:15:00,106.017,4.13187,105.552,3.75113,105.552,3.75113,15:18:05,105.652,3.99404,15:23:25,105.214,3.47931,6.2,89.31549999999999,39.17475,79.99849999999999,33.865500000000004,78.29675,74.851,68.06000000000012,21.86000000000007,40.24000000000001,82.2999999999999,60.33999999999992,53.04000000000002,MUMSO,3.738888888888889,105.53694444444444,50.73888888888888,68.47222222222223
467,290321set1_1_SQ111.csv_1_KL110.csv,290321set1_1_SQ111.csv,15:17:10,4.57262,106.403,2.56699,4.18,104.093,48,15:21:10,4.19994,105.012,2.35462,107.115,0,231,131,99.94,31.157562493421555,31.57103622538685,1,1,4.23,14.4,2,43.62,4.08,31,250,7.56,MABAL,34.83,farther,15:22:40,105.934,4.0673,105.544,3.7445,105.544,3.7445,15:25:40,105.578,3.93399,15:30:15,105.215,3.48096,5.98,89.31549999999999,39.17475,79.99849999999999,33.865500000000004,76.6825,73.34975,68.06000000000012,21.86000000000007,40.24000000000001,82.2999999999999,58.67999999999995,51.56000000000006,MUMSO,3.738888888888889,105.53694444444444,50.73888888888888,68.47222222222223
468,290321set1_1_3K120.csv_1_QR121.csv,290321set1_1_3K120.csv,15:24:25,3.72198,107.306,1.6022,20.25,103.998,80,15:31:05,2.52356,106.535,3.18297,104.142,0,249,286,36.36,51.97494347411856,53.86470640944457,-1,-1,35.88,19.37,3,54.47,6.92,52,200,13.47,WP071,72.87,farther,15:35:20,106.021,3.2092,105.21,2.90255,105.21,2.90255,15:38:00,105.87,2.91491,15:47:35,104.676,2.69289,10.39,68.0495,15.055,38.089,54.57425,55.23,47.87275,86.11999999999995,19.960000000000093,70.69999999999993,22.83999999999992,60.420000000000016,57.40000000000009,LIPRO,2.895,105.19083333333332,43.81666666666632,47.375
469,290321set1_1_GA131.csv_1_PR130.csv,290321set1_1_GA131.csv,15:32:40,4.57262,106.403,2.5041,29.91,106.548,0,15:32:00,4.19994,105.012,2.35462,107.115,8,170,131,37.29,70.16229880414441,62.59209747428363,1,1,11.72,9.87,3,71.31,8.75,66,230,19.3,OMLIV,50.6,closer,15:38:10,106.276,3.93414,106.482,2.85653,106.482,2.85653,15:41:30,106.01,3.62607,15:48:10,106.469,2.91868,6.39,89.31549999999999,37.602500000000006,79.99849999999999,33.865500000000004,73.35350000000001,65.65174999999999,68.06000000000012,70.96000000000004,40.24000000000001,82.2999999999999,65.51999999999992,60.2000000000001,OMLIV,2.919722222222222,106.46972222222225,69.3944444444449,47.99305555555555
470,290321set1_1_TR141.csv_1_KL140.csv,290321set1_1_TR141.csv,15:38:35,4.57262,106.403,2.5041,20.49,106.548,23,15:40:30,3.72198,107.306,1.6022,103.998,0,170,249,79.82,43.50537086152511,46.83964630797359,-1,-1,5.54,30.28,4,73.23,5.92,44,160,6.26,OMLIV,36.07,farther,15:42:40,106.251,4.11195,106.382,3.3852,106.382,3.3852,15:47:30,106.46,3.5367,15:52:15,106.469,2.93559,6.54,89.31549999999999,37.602500000000006,68.0495,15.055,77.79875000000001,63.4175,68.06000000000012,70.96000000000004,86.11999999999995,19.960000000000093,65.0200000000001,69.19999999999987,ONAPO,3.353888888888889,106.3877777777778,67.75555555555599,58.84722222222223
471,290321set1_1_QR151.csv_1_TR150.csv,290321set1_1_QR151.csv,15:45:45,4.57262,106.403,2.56699,1.28,104.093,41,15:49:10,4.19994,105.012,2.35462,107.115,0,231,131,99.94,34.9768921631953,39.82421686187772,1,1,2.64,13.7,2,58.1,4.92,37,250,6.74,MABAL,44.33,farther,15:50:10,106.042,4.15189,105.568,3.76442,105.568,3.76442,15:52:55,105.716,4.02849,15:58:45,105.218,3.48279,7.42,89.31549999999999,39.17475,79.99849999999999,33.865500000000004,78.79724999999999,75.71225,68.06000000000012,21.86000000000007,40.24000000000001,82.2999999999999,60.84000000000003,54.31999999999988,MUMSO,3.738888888888889,105.53694444444444,50.73888888888888,68.47222222222223
472,290321set1_1_GA161.csv_1_GA160.csv,290321set1_1_GA161.csv,15:52:10,3.72198,107.306,3.40823,20.7,103.908,46,15:56:00,4.57262,106.403,2.56699,104.093,0,267,231,36.2,50.5238498647563,51.15258649048226,1,1,36.71,23.94,4,60.58,6.67,50,330,13.44,MABAL,41.11,farther,16:02:20,106.051,3.52022,105.217,3.47424,105.217,3.47424,16:04:45,105.847,3.73045,16:10:10,105.211,3.47565,9.71,68.0495,60.20575,89.31549999999999,39.17475,63.005500000000005,68.26124999999999,86.11999999999995,18.160000000000025,68.06000000000012,21.86000000000007,61.02000000000004,56.93999999999989,MABAL,3.473888888888889,105.20972222222224,44.1944444444448,61.84722222222222
473,290321set1_1_PR171.csv_1_KL170.csv,290321set1_1_PR171.csv,15:59:30,4.57262,106.403,2.5041,20.44,106.548,24,16:01:30,3.72198,107.306,1.6022,103.998,0,170,249,79.82,44.09858412905202,46.83964630797359,-1,-1,5.54,30.65,4,63.48,6.0,45,160,6.32,OMLIV,36.69,farther,16:03:35,106.251,4.11195,106.384,3.37483,106.384,3.37483,16:08:25,106.461,3.53706,16:13:15,106.47,2.92564,6.15,89.31549999999999,37.602500000000006,68.0495,15.055,77.79875000000001,63.4265,68.06000000000012,70.96000000000004,86.11999999999995,19.960000000000093,65.0200000000001,69.21999999999997,ONAPO,3.353888888888889,106.3877777777778,67.75555555555599,58.84722222222223
474,290321set1_1_QR181.csv_1_GA180.csv,290321set1_1_QR181.csv,16:07:40,4.57262,106.403,2.5041,33.12,106.548,0,16:06:20,4.19994,105.012,2.35462,107.115,16,170,131,37.29,61.29945360391834,58.801203561500216,1,1,13.78,12.41,4,79.81,7.92,59,230,17.65,OMLIV,47.43,closer,16:13:40,106.287,3.87193,106.474,2.89799,106.474,2.89799,16:16:45,106.046,3.5842,16:23:00,106.468,2.91581,10.04,89.31549999999999,37.602500000000006,79.99849999999999,33.865500000000004,71.79825,64.605,68.06000000000012,70.96000000000004,40.24000000000001,82.2999999999999,65.74000000000012,60.92000000000013,OMLIV,2.919722222222222,106.46972222222225,69.3944444444449,47.99305555555555
475,290321set1_1_SQ191.csv_1_PR190.csv,290321set1_1_SQ191.csv,16:13:55,3.72198,107.306,3.40823,18.52,103.908,37,16:17:00,4.57262,106.403,2.56699,104.093,0,267,231,36.2,49.89972234292836,56.199154557955865,1,1,34.67,24.73,2,76.16,6.92,52,320,15.95,VISAT,81.77,farther,16:23:25,106.135,3.52451,105.269,3.4769,105.269,3.4769,16:26:25,105.861,3.77296,16:37:10,104.539,3.44217,17.23,68.0495,60.20575,89.31549999999999,39.17475,63.11275,69.324,86.11999999999995,18.160000000000025,68.06000000000012,21.86000000000007,62.7000000000001,57.22000000000008,MABAL,3.473888888888889,105.20972222222224,44.1944444444448,61.84722222222222
476,290321set1_1_3K211.csv_1_KL210.csv,290321set1_1_3K211.csv,16:28:40,4.57262,106.403,2.5041,40.98,106.548,0,16:27:25,4.19994,105.012,2.35462,107.115,15,170,131,37.29,44.79717154868599,41.70527510642761,1,1,23.11,12.41,2,115.95,5.67,43,240,14.61,OMLIV,34.02,closer,16:36:55,106.34,3.59198,106.474,2.89799,106.474,2.89799,16:39:25,106.136,3.37478,16:43:55,106.468,2.91505,8.76,89.31549999999999,37.602500000000006,79.99849999999999,33.865500000000004,64.7995,59.3695,68.06000000000012,70.96000000000004,40.24000000000001,82.2999999999999,66.80000000000007,62.71999999999992,OMLIV,2.919722222222222,106.46972222222225,69.3944444444449,47.99305555555555
477,290321set1_1_3K221.csv_1_3K220.csv,290321set1_1_3K221.csv,16:34:40,4.57262,106.403,2.56699,1.46,104.093,42,16:38:10,4.19994,105.012,2.35462,107.115,0,231,131,99.94,34.34027087855774,38.5293403161482,1,1,2.75,13.7,2,55.66,4.75,36,250,6.31,MABAL,44.33,farther,16:39:15,106.024,4.14069,105.568,3.76442,105.568,3.76442,16:41:45,105.728,4.02903,16:47:35,105.224,3.48869,6.64,89.31549999999999,39.17475,79.99849999999999,33.865500000000004,78.51725,75.72574999999999,68.06000000000012,21.86000000000007,40.24000000000001,82.2999999999999,60.48000000000002,54.55999999999989,MUMSO,3.738888888888889,105.53694444444444,50.73888888888888,68.47222222222223
478,290321set1_1_SQ231.csv_1_3K230.csv,290321set1_1_SQ231.csv,16:42:40,4.57262,106.403,2.5041,37.94,106.548,0,16:41:30,4.19994,105.012,2.35462,107.115,14,170,131,37.29,58.11833222014526,54.36618949106157,1,1,16.14,11.77,2,57.46,7.42,56,230,19.24,OMLIV,43.53,closer,16:49:15,106.301,3.79935,106.476,2.88762,106.476,2.88762,16:52:35,106.036,3.49128,16:58:20,106.469,2.90912,10.98,89.31549999999999,37.602500000000006,79.99849999999999,33.865500000000004,69.98375,62.282,68.06000000000012,70.96000000000004,40.24000000000001,82.2999999999999,66.02000000000004,60.72000000000003,OMLIV,2.919722222222222,106.46972222222225,69.3944444444449,47.99305555555555
479,290321set1_1_QR241.csv_1_TR240.csv,290321set1_1_QR241.csv,16:49:00,3.72198,107.306,3.40823,22.17,103.908,36,16:52:00,4.57262,106.403,2.56699,104.093,0,267,231,36.2,51.772108723389714,58.782377061977456,1,1,32.74,24.89,1,50.08,7.17,54,320,13.43,MABAL,46.25,farther,16:58:10,106.177,3.52666,105.28,3.47743,105.28,3.47743,17:00:45,105.937,3.73471,17:06:50,105.211,3.47582,14.72,68.0495,60.20575,89.31549999999999,39.17475,63.166500000000006,68.36775,86.11999999999995,18.160000000000025,68.06000000000012,21.86000000000007,63.54000000000013,58.73999999999995,MABAL,3.473888888888889,105.20972222222224,44.1944444444448,61.84722222222222
480,290321set1_1_3K250.csv_1_PR251.csv,290321set1_1_3K250.csv,16:55:30,3.72198,107.306,1.6022,24.27,103.998,79,17:02:05,2.52356,106.535,3.18297,104.142,0,249,286,36.36,60.2384713615625,62.73264274748077,-1,-1,37.43,19.37,2,57.18,8.08,61,210,10.84,WP071,80.49,farther,17:05:15,106.159,3.26212,105.21,2.90255,105.21,2.90255,17:07:45,105.982,3.00463,17:18:20,104.677,2.69404,7.98,68.0495,15.055,38.089,54.57425,56.553,50.115750000000006,86.11999999999995,19.960000000000093,70.69999999999993,22.83999999999992,63.18000000000012,59.63999999999999,LIPRO,2.895,105.19083333333332,43.81666666666632,47.375
481,290321set1_1_KL261.csv_1_GA260.csv,290321set1_1_KL261.csv,17:03:40,4.57262,106.403,2.5041,24.65,106.548,0,17:02:10,4.19994,105.012,2.35462,107.115,18,170,131,37.29,68.25362558215792,67.02710564788859,1,1,9.36,13.04,4,83.09,8.92,67,230,15.46,OMLIV,55.06,closer,17:08:35,106.262,4.00672,106.472,2.90835,106.472,2.90835,17:11:20,106.053,3.74611,17:18:35,106.466,2.92665,8.68,89.31549999999999,37.602500000000006,79.99849999999999,33.865500000000004,75.16799999999999,68.65275,68.06000000000012,70.96000000000004,40.24000000000001,82.2999999999999,65.24000000000001,61.059999999999945,OMLIV,2.919722222222222,106.46972222222225,69.3944444444449,47.99305555555555
482,290321set1_1_KL271.csv_1_SQ270.csv,290321set1_1_KL271.csv,17:09:45,4.57262,106.403,2.56699,1.87,104.093,41,17:13:10,4.19994,105.012,2.35462,107.115,0,231,131,99.94,33.06702872479681,37.90520640361508,1,1,3.03,13.7,4,75.66,4.67,35,250,5.91,MABAL,44.34,farther,17:14:25,106.017,4.13187,105.568,3.76442,105.568,3.76442,17:16:50,105.731,4.0229,17:22:40,105.222,3.48709,6.8,89.31549999999999,39.17475,79.99849999999999,33.865500000000004,78.29675,75.57249999999999,68.06000000000012,21.86000000000007,40.24000000000001,82.2999999999999,60.33999999999992,54.61999999999989,MUMSO,3.738888888888889,105.53694444444444,50.73888888888888,68.47222222222223
483,290321set1_1_TR281.csv_1_PR280.csv,290321set1_1_TR281.csv,17:17:40,4.57262,106.403,2.5041,29.52,106.548,0,17:16:25,4.19994,105.012,2.35462,107.115,15,170,131,37.29,65.07211009710481,61.95844139543021,1,1,12.06,12.41,2,56.32,8.33,62,230,15.4,OMLIV,50.61,closer,17:23:15,106.278,3.92378,106.474,2.89799,106.474,2.89799,17:26:00,106.069,3.66316,17:32:40,106.468,2.92002,7.06,89.31549999999999,37.602500000000006,79.99849999999999,33.865500000000004,73.0945,66.579,68.06000000000012,70.96000000000004,40.24000000000001,82.2999999999999,65.56000000000012,61.38000000000005,OMLIV,2.919722222222222,106.46972222222225,69.3944444444449,47.99305555555555
484,290321set1_1_PR291.csv_1_3K290.csv,290321set1_1_PR291.csv,17:23:55,3.72198,107.306,3.40823,23.76,103.908,37,17:27:00,4.57262,106.403,2.56699,104.093,0,267,231,36.2,51.14797867376049,57.46078900419502,1,1,33.71,24.73,1,51.89,7.08,53,330,12.32,VISAT,86.85,farther,17:33:15,106.156,3.52558,105.269,3.4769,105.269,3.4769,17:35:30,105.964,3.71767,17:46:55,104.543,3.44215,14.81,68.0495,60.20575,89.31549999999999,39.17475,63.139500000000005,67.94175,86.11999999999995,18.160000000000025,68.06000000000012,21.86000000000007,63.12000000000012,59.27999999999997,MABAL,3.473888888888889,105.20972222222224,44.1944444444448,61.84722222222222
485,290321set1_1_SQ301.csv_1_TR300.csv,290321set1_1_SQ301.csv,17:31:40,4.57262,106.403,2.5041,32.37,106.548,0,17:30:50,4.19994,105.012,2.35462,107.115,10,170,131,37.29,65.7083337462399,59.43486197477242,1,1,13.58,10.51,2,49.59,8.25,62,230,19.3,OMLIV,48.05,closer,17:37:35,106.282,3.88229,106.48,2.86689,106.48,2.86689,17:40:50,106.018,3.58459,17:47:10,106.467,2.92147,7.86,89.31549999999999,37.602500000000006,79.99849999999999,33.865500000000004,72.05725,64.61475,68.06000000000012,70.96000000000004,40.24000000000001,82.2999999999999,65.63999999999993,60.360000000000014,OMLIV,2.919722222222222,106.46972222222225,69.3944444444449,47.99305555555555
486,290321set1_1_TR311.csv_1_GA310.csv,290321set1_1_TR311.csv,17:37:30,4.57262,106.403,2.56699,3.4,104.093,44,17:41:10,4.19994,105.012,2.35462,107.115,0,231,131,99.94,31.157562493421555,34.11380023170474,1,1,3.84,13.93,4,65.44,4.25,32,250,6.95,KILOT,77.92,farther,17:42:40,105.968,4.09184,105.56,3.75777,105.56,3.75777,17:45:30,105.632,3.96483,17:55:45,104.698,3.06261,7.38,89.31549999999999,39.17475,79.99849999999999,33.865500000000004,77.296,74.12075,68.06000000000012,21.86000000000007,40.24000000000001,82.2999999999999,59.36000000000007,52.6400000000001,MUMSO,3.738888888888889,105.53694444444444,50.73888888888888,68.47222222222223
487,290321set1_1_PR320.csv_1_GA321.csv,290321set1_1_PR320.csv,17:44:45,3.72198,107.306,1.6022,23.68,103.998,76,17:51:05,2.52356,106.535,3.18297,104.142,0,249,286,36.36,57.69110569792702,62.09121577186486,-1,-1,37.32,19.74,3,48.17,7.92,59,210,11.25,WP071,79.25,farther,17:54:35,106.149,3.25834,105.22,2.90634,105.22,2.90634,17:57:10,105.967,2.99171,18:07:35,104.68,2.69462,10.14,68.0495,15.055,38.089,54.57425,56.4585,49.79275,86.11999999999995,19.960000000000093,70.69999999999993,22.83999999999992,62.98000000000002,59.339999999999975,LIPRO,2.895,105.19083333333332,43.81666666666632,47.375
488,290321set1_1_PR330.csv_1_GA331.csv,290321set1_1_PR330.csv,17:51:15,3.72198,107.306,1.6022,23.13,103.998,82,17:58:05,2.52356,106.535,3.18297,104.142,0,249,286,36.36,58.31337604310064,58.940101702865455,-1,-1,36.76,18.66,3,54.57,7.75,58,210,11.23,WP071,76.02,farther,18:01:30,106.1,3.23944,105.191,2.89499,105.191,2.89499,18:04:05,105.917,2.97281,18:14:05,104.681,2.6946,6.57,68.0495,15.055,38.089,54.57425,55.986,49.32025,86.11999999999995,19.960000000000093,70.69999999999993,22.83999999999992,61.999999999999886,58.34000000000003,LIPRO,2.895,105.19083333333332,43.81666666666632,47.375
489,290321set1_1_GA341.csv_1_SQ340.csv,290321set1_1_GA341.csv,17:58:05,4.57262,106.403,2.56699,4.18,104.093,49,18:02:10,4.19994,105.012,2.35462,107.115,0,231,131,99.94,31.79418297982483,31.57103622538685,1,1,4.23,14.64,4,78.34,4.17,31,250,7.56,KILOT,74.73,closer,18:03:35,105.934,4.0673,105.536,3.73786,105.536,3.73786,18:06:35,105.578,3.93399,18:16:25,104.693,3.05754,5.99,89.31549999999999,39.17475,79.99849999999999,33.865500000000004,76.6825,73.34975,68.06000000000012,21.86000000000007,40.24000000000001,82.2999999999999,58.67999999999995,51.56000000000006,MUMSO,3.738888888888889,105.53694444444444,50.73888888888888,68.47222222222223
490,290321set1_1_PR351.csv_1_TR350.csv,290321set1_1_PR351.csv,18:06:40,4.57262,106.403,2.5041,36.94,106.548,0,18:05:35,4.19994,105.012,2.35462,107.115,13,170,131,37.29,58.11833222014526,53.73253261199153,1,1,16.48,11.77,4,85.8,7.33,55,230,15.96,OMLIV,42.98,closer,18:13:20,106.303,3.78898,106.476,2.88762,106.476,2.88762,18:16:10,106.086,3.52159,18:21:50,106.468,2.91559,6.87,89.31549999999999,37.602500000000006,79.99849999999999,33.865500000000004,69.7245,63.039750000000005,68.06000000000012,70.96000000000004,40.24000000000001,82.2999999999999,66.05999999999995,61.71999999999997,OMLIV,2.919722222222222,106.46972222222225,69.3944444444449,47.99305555555555
491,290321set1_1_SQ361.csv_1_TR360.csv,290321set1_1_SQ361.csv,18:12:30,3.72198,107.306,3.40823,15.49,103.908,42,18:16:00,4.57262,106.403,2.56699,104.093,0,267,231,36.2,54.9393824180578,58.1215830243861,1,1,33.2,24.09,2,48.95,7.5,56,320,18.98,MABAL,43.66,farther,18:21:45,106.167,3.52612,105.227,3.47477,105.227,3.47477,18:25:15,105.852,3.82305,18:31:00,105.212,3.47677,16.22,68.0495,60.20575,89.31549999999999,39.17475,63.153000000000006,70.57625,86.11999999999995,18.160000000000025,68.06000000000012,21.86000000000007,63.34000000000003,57.04000000000008,MABAL,3.473888888888889,105.20972222222224,44.1944444444448,61.84722222222222
492,290321set1_1_KL371.csv_1_3K370.csv,290321set1_1_KL371.csv,18:19:30,4.57262,106.403,2.5041,19.5,106.548,24,18:21:30,3.72198,107.306,1.6022,103.998,0,170,249,79.82,47.28746473742706,50.0079185254296,-1,-1,3.86,30.65,3,54.43,6.42,48,160,6.57,OMLIV,37.97,farther,18:23:10,106.241,4.16374,106.384,3.37483,106.384,3.37483,18:28:15,106.461,3.55876,18:33:15,106.47,2.92599,6.1,89.31549999999999,37.602500000000006,68.0495,15.055,79.09349999999999,63.969,68.06000000000012,70.96000000000004,86.11999999999995,19.960000000000093,64.82,69.21999999999997,ONAPO,3.353888888888889,106.3877777777778,67.75555555555599,58.84722222222223
493,310321set1_1_SQ01.csv_1_QR00.csv,310321set1_1_SQ01.csv,14:01:40,4.57203,106.403,2.5038,26.01,106.548,0,14:00:10,4.19994,105.012,2.35462,107.115,18,170,131,37.29,66.97487143832491,65.73392392147979,1,1,10.04,13.02,0,0.0,8.75,66,230,16.0,OMLIV,53.79,closer,14:06:45,106.266,3.98599,106.472,2.90804,106.472,2.90804,14:09:35,106.049,3.71859,14:16:40,106.467,2.92545,9.25,89.30075,37.595,79.99849999999999,33.865500000000004,74.64975,67.96475,68.06000000000012,70.96000000000004,40.24000000000001,82.2999999999999,65.3200000000001,60.98000000000013,OMLIV,2.919722222222222,106.46972222222225,69.3944444444449,47.99305555555555
494,310321set1_1_3K11.csv_1_SQ10.csv,310321set1_1_3K11.csv,14:08:00,3.72198,107.306,3.40823,22.89,103.908,36,14:11:00,4.57203,106.403,2.56642,104.092,0,267,231,36.2,53.63982726288473,60.618906682556194,1,1,31.32,24.73,2,50.72,7.5,56,320,13.43,MABAL,47.55,farther,14:16:55,106.209,3.52827,105.269,3.4769,105.269,3.4769,14:19:30,105.969,3.73632,14:25:45,105.22,3.47762,14.61,68.0495,60.20575,89.30075,39.1605,63.20675,68.408,86.11999999999995,18.160000000000025,68.06000000000012,21.83999999999997,64.18000000000006,59.37999999999988,MABAL,3.473888888888889,105.20972222222224,44.1944444444448,61.84722222222222
495,310321set1_1_TR21.csv_1_3K20.csv,310321set1_1_TR21.csv,14:14:20,4.57203,106.403,2.56642,4.37,104.092,46,14:18:10,4.19994,105.012,2.35462,107.115,0,231,131,99.94,29.236159797341045,30.87548261253388,1,1,4.37,14.18,2,29.62,3.92,29,250,7.1,MABAL,35.46,farther,14:19:55,105.926,4.06063,105.551,3.75061,105.551,3.75061,14:22:45,105.59,3.93453,14:27:25,105.214,3.47862,6.46,89.30075,39.1605,79.99849999999999,33.865500000000004,76.51575,73.36325000000001,68.06000000000012,21.83999999999997,40.24000000000001,82.2999999999999,58.52000000000004,51.80000000000007,MUMSO,3.738888888888889,105.53694444444444,50.73888888888888,68.47222222222223
496,310321set1_1_QR30.csv_1_PR31.csv,310321set1_1_QR30.csv,14:25:00,4.57203,106.403,2.56642,21.08,104.092,0,14:21:05,3.72198,107.306,3.40823,103.908,47,231,267,36.2,47.34167736715094,47.29696014089343,-1,-1,7.12,23.91,3,79.03,6.25,47,190,10.03,KILOT,74.1,closer,14:31:45,105.819,3.95888,105.207,3.47143,105.207,3.47143,14:34:00,105.742,3.69044,14:43:45,104.688,3.04672,5.68,89.30075,39.1605,68.0495,60.20575,73.97200000000001,67.26100000000001,68.06000000000012,21.83999999999997,86.11999999999995,18.160000000000025,56.38000000000005,54.84000000000009,MABAL,3.473888888888889,105.20972222222224,44.1944444444448,61.84722222222222
497,310321set1_1_GA41.csv_1_PR40.csv,310321set1_1_GA41.csv,14:28:30,3.72198,107.306,3.40823,20.77,103.908,42,14:32:00,4.57203,106.403,2.56642,104.092,0,267,231,36.2,54.88962036488045,58.09560745184022,1,1,33.2,24.09,2,56.58,7.5,56,320,14.44,VISAT,84.31,farther,14:37:45,106.167,3.52612,105.227,3.47477,105.227,3.47477,14:40:30,105.913,3.75033,14:51:35,104.542,3.4425,12.73,68.0495,60.20575,89.30075,39.1605,63.153000000000006,68.75825,86.11999999999995,18.160000000000025,68.06000000000012,21.83999999999997,63.34000000000003,58.259999999999934,MABAL,3.473888888888889,105.20972222222224,44.1944444444448,61.84722222222222
498,310321set1_1_KL50.csv_1_KL51.csv,310321set1_1_KL50.csv,14:35:20,3.72198,107.306,1.6022,24.3,103.998,81,14:42:05,2.52356,106.535,3.18297,104.142,0,249,286,36.36,50.73024628550788,51.94042614391457,-1,-1,35.55,19.03,3,57.68,6.75,51,210,9.24,WP071,71.58,farther,14:46:30,105.991,3.19786,105.201,2.89877,105.201,2.89877,14:48:40,105.835,2.97691,14:58:05,104.676,2.69383,6.06,68.0495,15.055,38.089,54.57425,54.9465,49.42275000000001,86.11999999999995,19.960000000000093,70.69999999999993,22.83999999999992,59.81999999999999,56.69999999999988,LIPRO,2.895,105.19083333333332,43.81666666666632,47.375
499,310321set1_1_SQ61.csv_1_TR60.csv,310321set1_1_SQ61.csv,14:42:10,4.57203,106.403,2.56642,4.13,104.092,48,14:46:10,4.19994,105.012,2.35462,107.115,0,231,131,99.94,31.145624148248025,31.500392352089023,1,1,4.23,14.42,4,71.43,4.08,31,250,7.09,MABAL,36.08,farther,14:47:40,105.934,4.0673,105.543,3.74394,105.543,3.74394,14:50:30,105.598,3.9412,14:55:15,105.214,3.47845,5.47,89.30075,39.1605,79.99849999999999,33.865500000000004,76.6825,73.53,68.06000000000012,21.83999999999997,40.24000000000001,82.2999999999999,58.67999999999995,51.95999999999998,MUMSO,3.738888888888889,105.53694444444444,50.73888888888888,68.47222222222223
500,310321set1_1_3K71.csv_1_PR70.csv,310321set1_1_3K71.csv,14:49:35,3.72198,107.306,3.40823,23.35,103.908,41,14:53:00,4.57203,106.403,2.56642,104.092,0,267,231,36.2,46.00021432570369,49.864946189135466,1,1,36.23,24.41,3,72.8,6.25,47,320,10.4,VISAT,78.58,farther,14:59:55,106.029,3.51914,105.248,3.47583,105.248,3.47583,15:02:00,105.83,3.67871,15:12:20,104.542,3.44182,10.3,68.0495,60.20575,89.30075,39.1605,62.9785,66.96775000000001,86.11999999999995,18.160000000000025,68.06000000000012,21.83999999999997,60.57999999999993,56.599999999999966,MABAL,3.473888888888889,105.20972222222224,44.1944444444448,61.84722222222222
501,310321set1_1_GA81.csv_1_TR80.csv,310321set1_1_GA81.csv,14:57:40,4.57203,106.403,2.5038,27.55,106.548,0,14:56:40,4.19994,105.012,2.35462,107.115,12,170,131,37.29,68.88393984720469,63.83295329714683,1,1,11.05,11.12,3,56.23,8.75,66,230,14.86,OMLIV,52.53,closer,15:03:00,106.272,3.95488,106.478,2.87694,106.478,2.87694,15:05:40,106.071,3.70105,15:12:35,106.468,2.92078,4.63,89.30075,37.595,79.99849999999999,33.865500000000004,73.872,67.52625,68.06000000000012,70.96000000000004,40.24000000000001,82.2999999999999,65.44000000000011,61.41999999999996,OMLIV,2.919722222222222,106.46972222222225,69.3944444444449,47.99305555555555
502,310321set1_1_GA91.csv_1_GA90.csv,310321set1_1_GA91.csv,15:03:35,4.57203,106.403,2.56642,4.75,104.092,43,15:07:10,4.19994,105.012,2.35462,107.115,0,231,131,99.94,26.09815476302569,29.62528915544652,1,1,4.65,13.94,4,68.15,3.67,28,250,6.48,MABAL,35.46,farther,15:09:20,105.91,4.04728,105.559,3.75727,105.559,3.75727,15:11:55,105.603,3.93201,15:16:35,105.218,3.48364,7.24,89.30075,39.1605,79.99849999999999,33.865500000000004,76.18199999999999,73.30025,68.06000000000012,21.83999999999997,40.24000000000001,82.2999999999999,58.19999999999993,52.05999999999989,MUMSO,3.738888888888889,105.53694444444444,50.73888888888888,68.47222222222223
503,310321set1_1_SQ101.csv_1_QR100.csv,310321set1_1_SQ101.csv,15:11:40,4.57203,106.403,2.5038,33.58,106.548,0,15:10:55,4.19994,105.012,2.35462,107.115,9,170,131,37.29,65.06620008084144,58.14167828908853,1,1,14.12,10.49,2,57.3,8.08,61,230,17.1,OMLIV,46.81,closer,15:17:45,106.289,3.86156,106.48,2.86658,106.48,2.86658,15:20:45,106.056,3.58061,15:26:55,106.469,2.91879,5.14,89.30075,37.595,79.99849999999999,33.865500000000004,71.539,64.51525000000001,68.06000000000012,70.96000000000004,40.24000000000001,82.2999999999999,65.78000000000003,61.11999999999995,OMLIV,2.919722222222222,106.46972222222225,69.3944444444449,47.99305555555555
504,310321set1_1_KL110.csv_1_SQ111.csv,310321set1_1_KL110.csv,15:17:30,3.72198,107.306,1.6022,23.74,103.998,79,15:24:05,2.52356,106.535,3.18297,104.142,0,249,286,36.36,58.93564646662352,61.44978895369459,-1,-1,37.21,19.37,2,50.1,7.92,59,200,11.58,WP071,81.71,farther,15:27:25,106.139,3.25456,105.21,2.90255,105.21,2.90255,15:29:45,106.003,2.99977,15:40:30,104.676,2.69363,9.25,68.0495,15.055,38.089,54.57425,56.364,49.99425,86.11999999999995,19.960000000000093,70.69999999999993,22.83999999999992,62.77999999999992,60.06,LIPRO,2.895,105.19083333333332,43.81666666666632,47.375
505,310321set1_1_TR121.csv_1_KL120.csv,310321set1_1_TR121.csv,15:25:40,4.57203,106.403,2.5038,22.5,106.548,0,15:24:05,4.19994,105.012,2.35462,107.115,19,170,131,37.29,70.15638877997297,69.53528004459403,1,1,8.02,13.65,2,72.74,9.17,69,230,16.55,OMLIV,57.6,closer,15:30:15,106.254,4.0482,106.47,2.9184,106.47,2.9184,15:33:10,106.029,3.77402,15:40:45,106.468,2.92034,10.19,89.30075,37.595,79.99849999999999,33.865500000000004,76.20499999999998,69.35050000000001,68.06000000000012,70.96000000000004,40.24000000000001,82.2999999999999,65.0800000000001,60.57999999999993,OMLIV,2.919722222222222,106.46972222222225,69.3944444444449,47.99305555555555
506,310321set1_1_GA130.csv_1_TR131.csv,310321set1_1_GA130.csv,15:31:40,3.72198,107.306,1.6022,22.55,103.998,77,15:38:05,2.52356,106.535,3.18297,104.142,0,249,286,36.36,53.89953355652952,57.65746250707348,-1,-1,36.55,19.74,2,79.83,7.33,55,200,12.04,WP071,77.91,farther,15:42:05,106.08,3.23191,105.22,2.90634,105.22,2.90634,15:44:30,105.94,2.96736,15:54:45,104.671,2.69225,10.94,68.0495,15.055,38.089,54.57425,55.79775,49.184000000000005,86.11999999999995,19.960000000000093,70.69999999999993,22.83999999999992,61.599999999999966,58.79999999999996,LIPRO,2.895,105.19083333333332,43.81666666666632,47.375
507,310321set1_1_KL141.csv_1_GA140.csv,310321set1_1_KL141.csv,15:38:10,4.57203,106.403,2.5038,13.6,106.548,28,15:40:30,3.72198,107.306,1.6022,103.998,0,170,249,79.82,43.50917344776367,43.661826315226,-1,-1,7.27,31.39,3,89.88,5.75,43,150,8.64,OMLIV,44.92,farther,15:42:40,106.26,4.05996,106.388,3.35375,106.388,3.35375,15:46:05,106.473,3.68386,15:52:00,106.47,2.93512,5.35,89.30075,37.595,68.0495,15.055,76.49900000000001,67.0965,68.06000000000012,70.96000000000004,86.11999999999995,19.960000000000093,65.2000000000001,69.45999999999998,ONAPO,3.353888888888889,106.3877777777778,67.75555555555599,58.84722222222223
508,310321set1_1_SQ151.csv_1_3K150.csv,310321set1_1_SQ151.csv,15:45:50,4.57203,106.403,2.56642,3.67,104.092,40,15:49:10,4.19994,105.012,2.35462,107.115,0,231,131,99.94,28.008021462766106,33.422009418368404,1,1,3.84,13.49,4,77.07,4.0,30,250,7.11,KILOT,77.28,farther,15:51:05,105.959,4.08731,105.576,3.7706,105.576,3.7706,15:54:00,105.614,3.95433,16:04:10,104.691,3.05593,9.31,89.30075,39.1605,79.99849999999999,33.865500000000004,77.18275000000001,73.85825,68.06000000000012,21.83999999999997,40.24000000000001,82.2999999999999,59.180000000000064,52.280000000000086,MUMSO,3.738888888888889,105.53694444444444,50.73888888888888,68.47222222222223
509,310321set1_1_QR161.csv_1_SQ160.csv,310321set1_1_QR161.csv,15:53:00,4.57203,106.403,2.56642,7.54,104.092,38,15:56:10,4.19994,105.012,2.35462,107.115,0,231,131,99.94,14.049434109384546,20.73589133103469,1,1,6.98,13.25,3,59.53,2.25,17,250,2.75,KILOT,73.45,farther,15:59:55,105.795,3.95387,105.584,3.77727,105.584,3.77727,16:01:00,105.667,3.90354,16:10:40,104.744,3.09931,6.5,89.30075,39.1605,79.99849999999999,33.865500000000004,73.84675,72.5885,68.06000000000012,21.83999999999997,40.24000000000001,82.2999999999999,55.900000000000034,53.34000000000003,MUMSO,3.738888888888889,105.53694444444444,50.73888888888888,68.47222222222223
510,310321set1_1_QR170.csv_1_SQ171.csv,310321set1_1_QR170.csv,16:00:00,3.72198,107.306,1.6022,23.79,103.998,73,16:06:05,2.52356,106.535,3.18297,104.142,0,249,286,36.36,43.13033375749033,49.43052338405861,-1,-1,35.1,20.82,3,53.91,6.0,45,200,9.68,WP071,70.97,farther,16:11:30,105.952,3.18274,105.25,2.91768,105.25,2.91768,16:13:30,105.831,2.96745,16:22:50,104.68,2.69467,11.88,68.0495,15.055,38.089,54.57425,54.5685,49.18625,86.11999999999995,19.960000000000093,70.69999999999993,22.83999999999992,59.03999999999997,56.62000000000006,LIPRO,2.895,105.19083333333332,43.81666666666632,47.375
511,310321set1_1_QR181.csv_1_SQ180.csv,310321set1_1_QR181.csv,16:06:15,3.72198,107.306,3.40823,21.19,103.908,45,16:10:00,4.57203,106.403,2.56642,104.092,0,267,231,36.2,51.7181858232602,53.04903940561133,1,1,37.11,24.09,2,56.89,6.83,51,330,13.44,VISAT,82.39,farther,16:16:10,106.082,3.52183,105.227,3.47477,105.227,3.47477,16:18:35,105.879,3.73206,16:29:25,104.537,3.44124,11.07,68.0495,60.20575,89.30075,39.1605,63.04575,68.3015,86.11999999999995,18.160000000000025,68.06000000000012,21.83999999999997,61.63999999999987,57.5800000000001,MABAL,3.473888888888889,105.20972222222224,44.1944444444448,61.84722222222222
512,310321set1_1_QR190.csv_1_3K191.csv,310321set1_1_QR190.csv,16:13:25,3.72198,107.306,1.6022,19.89,103.998,80,16:20:05,2.52356,106.535,3.18297,104.142,0,249,286,36.36,57.69110569792702,59.58131419126972,-1,-1,36.87,19.37,3,73.92,7.67,58,210,14.03,WP071,74.15,farther,16:23:35,106.11,3.24322,105.21,2.90255,105.21,2.90255,16:26:45,105.89,2.91265,16:36:30,104.674,2.6925,9.73,68.0495,15.055,38.089,54.57425,56.0805,47.81625,86.11999999999995,19.960000000000093,70.69999999999993,22.83999999999992,62.19999999999999,57.80000000000001,LIPRO,2.895,105.19083333333332,43.81666666666632,47.375
513,310321set1_1_PR201.csv_1_GA200.csv,310321set1_1_PR201.csv,16:21:40,4.57203,106.403,2.5038,21.31,106.548,0,16:20:45,4.19994,105.012,2.35462,107.115,11,170,131,37.29,75.83969625509442,70.16893822891412,1,1,7.81,11.12,4,83.98,9.58,72,230,16.49,OMLIV,58.22,closer,16:26:10,106.249,4.05855,106.478,2.87694,106.478,2.87694,16:29:00,106.026,3.79476,16:36:40,106.465,2.92949,5.16,89.30075,37.595,79.99849999999999,33.865500000000004,76.46375,69.869,68.06000000000012,70.96000000000004,40.24000000000001,82.2999999999999,64.9799999999999,60.519999999999925,OMLIV,2.919722222222222,106.46972222222225,69.3944444444449,47.99305555555555
514,310321set1_1_GA211.csv_1_QR210.csv,310321set1_1_GA211.csv,16:27:40,4.57203,106.403,2.5038,19.22,106.548,22,16:29:30,3.72198,107.306,1.6022,103.998,0,170,249,79.82,39.6716748982746,43.661826315226,-1,-1,7.22,30.3,4,73.75,5.5,41,160,5.15,OMLIV,39.23,farther,16:32:10,106.261,4.06011,106.382,3.38487,106.382,3.38487,16:36:05,106.431,3.59425,16:41:15,106.468,2.94154,6.13,89.30075,37.595,68.0495,15.055,76.50274999999999,64.85625,68.06000000000012,70.96000000000004,86.11999999999995,19.960000000000093,65.21999999999991,68.61999999999995,ONAPO,3.353888888888889,106.3877777777778,67.75555555555599,58.84722222222223
515,310321set1_1_GA221.csv_1_GA220.csv,310321set1_1_GA221.csv,16:34:50,4.57203,106.403,2.5038,23.48,106.548,20,16:36:30,3.72198,107.306,1.6022,103.998,0,170,249,79.82,40.969519636072015,46.18484198057508,-1,-1,5.88,29.93,3,79.43,5.75,43,160,7.07,OMLIV,30.38,farther,16:39:00,106.253,4.10158,106.38,3.39525,106.38,3.39525,16:44:35,106.492,3.43655,16:48:35,106.47,2.93071,8.76,89.30075,37.595,68.0495,15.055,77.5395,60.91375,68.06000000000012,70.96000000000004,86.11999999999995,19.960000000000093,65.06,69.84000000000009,ONAPO,3.353888888888889,106.3877777777778,67.75555555555599,58.84722222222223
516,310321set1_1_TR231.csv_1_QR230.csv,310321set1_1_TR231.csv,16:42:40,4.57203,106.403,2.5038,26.28,106.548,0,16:41:10,4.19994,105.012,2.35462,107.115,18,170,131,37.29,67.61149139887328,66.36699141602574,1,1,9.7,13.02,3,67.99,8.83,66,230,19.25,OMLIV,53.76,closer,16:47:40,106.264,3.99636,106.472,2.90804,106.472,2.90804,16:51:00,105.999,3.68828,16:58:05,106.466,2.92368,12.38,89.30075,37.595,79.99849999999999,33.865500000000004,74.909,67.207,68.06000000000012,70.96000000000004,40.24000000000001,82.2999999999999,65.27999999999992,59.97999999999991,OMLIV,2.919722222222222,106.46972222222225,69.3944444444449,47.99305555555555
517,310321set1_1_QR241.csv_1_3K240.csv,310321set1_1_QR241.csv,16:49:40,4.57203,106.403,2.5038,27.06,106.548,0,16:48:55,4.19994,105.012,2.35462,107.115,9,170,131,37.29,72.06506303131064,65.1002668653658,1,1,10.37,10.49,3,67.61,9.0,68,230,17.59,OMLIV,53.13,closer,16:54:50,106.268,3.97562,106.48,2.86658,106.48,2.86658,16:57:55,106.027,3.68788,17:04:55,106.468,2.91997,5.22,89.30075,37.595,79.99849999999999,33.865500000000004,74.3905,67.197,68.06000000000012,70.96000000000004,40.24000000000001,82.2999999999999,65.36000000000001,60.54000000000002,OMLIV,2.919722222222222,106.46972222222225,69.3944444444449,47.99305555555555
518,310321set1_1_3K251.csv_1_TR250.csv,310321set1_1_3K251.csv,16:55:55,4.57203,106.403,2.56642,3.48,104.092,39,16:59:10,4.19994,105.012,2.35462,107.115,0,231,131,99.94,26.73477687013957,32.79672443533271,1,1,3.98,13.49,2,58.8,3.92,29,250,5.65,KILOT,80.45,farther,17:01:15,105.951,4.08064,105.576,3.7706,105.576,3.7706,17:03:30,105.684,3.9798,17:14:05,104.703,3.06577,8.33,89.30075,39.1605,79.99849999999999,33.865500000000004,77.01599999999999,74.495,68.06000000000012,21.83999999999997,40.24000000000001,82.2999999999999,59.01999999999987,53.67999999999995,MUMSO,3.738888888888889,105.53694444444444,50.73888888888888,68.47222222222223
519,310321set1_1_PR261.csv_1_3K260.csv,310321set1_1_PR261.csv,17:02:50,4.57203,106.403,2.5038,18.95,106.548,20,17:04:30,3.72198,107.306,1.6022,103.998,0,170,249,79.82,40.32048629179354,45.55118882862832,-1,-1,6.21,29.93,2,52.12,5.67,43,160,5.46,OMLIV,39.86,farther,17:07:05,106.255,4.09122,106.38,3.39525,106.38,3.39525,17:11:15,106.436,3.59562,17:16:30,106.469,2.93213,7.34,89.30075,37.595,68.0495,15.055,77.28049999999999,64.89049999999999,68.06000000000012,70.96000000000004,86.11999999999995,19.960000000000093,65.09999999999991,68.72000000000014,ONAPO,3.353888888888889,106.3877777777778,67.75555555555599,58.84722222222223
520,310321set1_1_SQ271.csv_1_TR270.csv,310321set1_1_SQ271.csv,17:09:30,4.57203,106.403,2.5038,20.76,106.548,24,17:11:30,3.72198,107.306,1.6022,103.998,0,170,249,79.82,42.21128898922046,44.91753604453391,-1,-1,6.55,30.66,4,69.04,5.75,43,160,5.95,OMLIV,36.07,farther,17:13:50,106.257,4.08085,106.384,3.3745,106.384,3.3745,17:18:25,106.455,3.53533,17:23:10,106.469,2.93431,5.81,89.30075,37.595,68.0495,15.055,77.02125,63.38325,68.06000000000012,70.96000000000004,86.11999999999995,19.960000000000093,65.1400000000001,69.09999999999997,ONAPO,3.353888888888889,106.3877777777778,67.75555555555599,58.84722222222223
521,310321set1_1_3K281.csv_1_TR280.csv,310321set1_1_3K281.csv,17:16:05,3.72198,107.306,3.40823,17.61,103.908,47,17:20:00,4.57203,106.403,2.56642,104.092,0,267,231,36.2,51.09328906955342,51.12661091584927,1,1,36.71,23.77,2,66.64,6.75,51,330,16.25,VISAT,79.86,farther,17:26:15,106.051,3.52022,105.206,3.47371,105.206,3.47371,17:29:05,105.82,3.77583,17:39:35,104.532,3.44055,12.64,68.0495,60.20575,89.30075,39.1605,63.005500000000005,69.39575,86.11999999999995,18.160000000000025,68.06000000000012,21.83999999999997,61.02000000000004,56.39999999999986,MABAL,3.473888888888889,105.20972222222224,44.1944444444448,61.84722222222222
522,310321set1_1_KL291.csv_1_PR290.csv,310321set1_1_KL291.csv,17:23:55,3.72198,107.306,3.40823,20.73,103.908,37,17:27:00,4.57203,106.403,2.56642,104.092,0,267,231,36.2,53.63982726288473,60.01803592351034,1,1,31.8,24.73,3,72.26,7.42,56,330,15.69,VISAT,87.48,farther,17:32:55,106.198,3.52773,105.269,3.4769,105.269,3.4769,17:35:45,105.963,3.77373,17:47:15,104.543,3.44285,17.82,68.0495,60.20575,89.30075,39.1605,63.19325,69.34325,86.11999999999995,18.160000000000025,68.06000000000012,21.83999999999997,63.959999999999866,59.25999999999988,MABAL,3.473888888888889,105.20972222222224,44.1944444444448,61.84722222222222
523,260321set1_1_QR01.csv_1_KL00.csv,260321set1_1_QR01.csv,14:00:50,4.57203,106.403,2.5038,18.42,106.548,20,14:02:30,3.72198,107.306,1.6022,103.998,0,170,249,79.82,44.10238668062748,49.35252295238818,-1,-1,4.19,29.93,0,0.0,6.17,46,160,6.08,OMLIV,39.86,farther,14:04:35,106.243,4.15339,106.38,3.39525,106.38,3.39525,14:09:15,106.446,3.59832,14:14:30,106.469,2.93445,7.74,89.30075,37.595,68.0495,15.055,78.83475,64.958,68.06000000000012,70.96000000000004,86.11999999999995,19.960000000000093,64.8599999999999,68.91999999999996,ONAPO,3.353888888888889,106.3877777777778,67.75555555555599,58.84722222222223
524,260321set1_1_PR10.csv_1_TR11.csv,260321set1_1_PR10.csv,14:11:00,4.57203,106.403,2.56642,21.07,104.092,0,14:07:05,3.72198,107.306,3.40823,103.908,47,231,267,36.2,56.17317898606729,56.13979653053227,-1,-1,4.82,23.91,1,61.6,7.42,56,200,11.08,KILOT,76.71,closer,14:16:35,105.931,4.05475,105.207,3.47143,105.207,3.47143,14:19:35,105.788,3.7053,14:29:40,104.691,3.0488,5.45,89.30075,39.1605,68.0495,60.20575,76.36875,67.6325,68.06000000000012,21.83999999999997,86.11999999999995,18.160000000000025,58.61999999999995,55.759999999999934,MABAL,3.473888888888889,105.20972222222224,44.1944444444448,61.84722222222222
525,260321set1_1_TR21.csv_1_SQ20.csv,260321set1_1_TR21.csv,14:14:45,4.57203,106.403,2.5038,17.28,106.548,21,14:16:30,3.72198,107.306,1.6022,103.998,0,170,249,79.82,45.40007904301809,49.986178032285466,-1,-1,3.86,29.93,3,54.46,6.25,47,160,5.7,OMLIV,41.77,farther,14:18:25,106.241,4.16374,106.38,3.39525,106.38,3.39525,14:22:50,106.432,3.63805,14:28:20,106.468,2.94286,6.73,89.30075,37.595,68.0495,15.055,79.09349999999999,65.95124999999999,68.06000000000012,70.96000000000004,86.11999999999995,19.960000000000093,64.82,68.64000000000004,ONAPO,3.353888888888889,106.3877777777778,67.75555555555599,58.84722222222223
526,260321set1_1_QR31.csv_1_PR30.csv,260321set1_1_QR31.csv,14:21:45,4.57203,106.403,2.5038,18.47,106.548,21,14:23:30,3.72198,107.306,1.6022,103.998,0,170,249,79.82,44.75123167221104,49.35252295238818,-1,-1,4.19,29.93,4,68.96,6.17,46,160,6.01,OMLIV,39.87,farther,14:25:30,106.243,4.15339,106.38,3.39525,106.38,3.39525,14:30:10,106.445,3.59796,14:35:25,106.469,2.93392,7.12,89.30075,37.595,68.0495,15.055,78.83475,64.949,68.06000000000012,70.96000000000004,86.11999999999995,19.960000000000093,64.8599999999999,68.89999999999986,ONAPO,3.353888888888889,106.3877777777778,67.75555555555599,58.84722222222223
527,260321set1_1_TR41.csv_1_KL40.csv,260321set1_1_TR41.csv,14:28:05,4.57203,106.403,2.5038,23.58,106.548,29,14:30:30,3.72198,107.306,1.6022,103.998,0,170,249,79.82,46.64218816891723,46.18484198057508,-1,-1,5.88,31.39,3,59.27,6.08,46,160,7.38,OMLIV,30.34,closer,14:32:15,106.253,4.10158,106.388,3.35375,106.388,3.35375,14:37:55,106.499,3.42758,14:41:55,106.47,2.92272,4.71,89.30075,37.595,68.0495,15.055,77.5395,60.6895,68.06000000000012,70.96000000000004,86.11999999999995,19.960000000000093,65.06,69.9799999999999,ONAPO,3.353888888888889,106.3877777777778,67.75555555555599,58.84722222222223
528,260321set1_1_SQ50.csv_1_QR51.csv,260321set1_1_SQ50.csv,14:36:00,3.72198,107.306,1.6022,19.31,103.998,73,14:42:05,2.52356,106.535,3.18297,104.142,0,249,286,36.36,51.35267566780774,57.65746250707348,-1,-1,36.55,20.82,2,47.28,7.08,53,200,14.88,WP071,76.06,farther,14:46:25,106.08,3.23191,105.25,2.91768,105.25,2.91768,14:49:20,105.918,2.90812,14:59:20,104.669,2.69153,15.72,68.0495,15.055,38.089,54.57425,55.79775,47.703,86.11999999999995,19.960000000000093,70.69999999999993,22.83999999999992,61.599999999999966,58.36000000000013,LIPRO,2.895,105.19083333333332,43.81666666666632,47.375
529,260321set1_1_TR61.csv_1_SQ60.csv,260321set1_1_TR61.csv,14:42:55,3.72198,107.306,3.40823,21.43,103.908,37,14:46:00,4.57203,106.403,2.56642,104.092,0,267,231,36.2,42.8287797372186,49.20418243140602,1,1,36.03,24.73,3,54.21,6.0,45,320,11.91,VISAT,77.33,farther,14:53:20,106.019,3.51861,105.269,3.4769,105.269,3.4769,14:55:40,105.799,3.70242,15:05:50,104.537,3.44118,14.04,68.0495,60.20575,89.30075,39.1605,62.96525,67.5605,86.11999999999995,18.160000000000025,68.06000000000012,21.83999999999997,60.38000000000011,55.98000000000013,MABAL,3.473888888888889,105.20972222222224,44.1944444444448,61.84722222222222
530,260321set1_1_KL71.csv_1_GA70.csv,260321set1_1_KL71.csv,14:49:45,4.57203,106.403,2.5038,20.7,106.548,21,14:51:30,3.72198,107.306,1.6022,103.998,0,170,249,79.82,40.969519636072015,45.55118882862832,-1,-1,6.21,29.93,4,68.06,5.67,43,160,6.02,OMLIV,36.07,farther,14:54:00,106.255,4.09122,106.38,3.39525,106.38,3.39525,14:58:40,106.456,3.53579,15:03:25,106.469,2.93474,7.45,89.30075,37.595,68.0495,15.055,77.28049999999999,63.39475,68.06000000000012,70.96000000000004,86.11999999999995,19.960000000000093,65.09999999999991,69.12000000000006,ONAPO,3.353888888888889,106.3877777777778,67.75555555555599,58.84722222222223
531,260321set1_1_GA81.csv_1_QR80.csv,260321set1_1_GA81.csv,14:56:25,4.57203,106.403,2.5038,20.96,106.548,25,14:58:30,3.72198,107.306,1.6022,103.998,0,170,249,79.82,43.50917344776367,45.55118882862832,-1,-1,6.21,30.66,5,79.24,5.83,44,160,6.14,OMLIV,35.44,farther,15:00:40,106.255,4.09122,106.384,3.3745,106.384,3.3745,15:05:25,106.46,3.52588,15:10:05,106.47,2.93531,5.48,89.30075,37.595,68.0495,15.055,77.28049999999999,63.147,68.06000000000012,70.96000000000004,86.11999999999995,19.960000000000093,65.09999999999991,69.19999999999987,ONAPO,3.353888888888889,106.3877777777778,67.75555555555599,58.84722222222223
532,260321set1_1_GA91.csv_1_PR90.csv,260321set1_1_GA91.csv,15:04:00,4.57203,106.403,2.56642,4.57,104.092,38,15:07:10,4.19994,105.012,2.35462,107.115,0,231,131,99.94,22.91662932437892,29.62528915544652,1,1,4.65,13.25,3,69.29,3.42,26,250,5.0,KILOT,78.57,farther,15:09:45,105.91,4.04728,105.584,3.77727,105.584,3.77727,15:11:45,105.673,3.95726,15:22:05,104.709,3.07105,8.31,89.30075,39.1605,79.99849999999999,33.865500000000004,76.18199999999999,73.9315,68.06000000000012,21.83999999999997,40.24000000000001,82.2999999999999,58.19999999999993,53.46000000000004,MUMSO,3.738888888888889,105.53694444444444,50.73888888888888,68.47222222222223
533,260321set1_1_TR100.csv_1_3K101.csv,260321set1_1_TR100.csv,15:14:00,4.57203,106.403,2.56642,24.97,104.092,0,15:10:25,3.72198,107.306,3.40823,103.908,43,231,267,36.2,56.17317898606729,53.63982726288473,-1,-1,5.57,24.37,3,78.57,7.25,54,200,12.99,KILOT,71.6,closer,15:19:55,105.901,4.0256,105.19,3.45811,105.19,3.45811,15:23:25,105.733,3.6197,15:32:50,104.687,3.04538,4.36,89.30075,39.1605,68.0495,60.20575,75.64,65.49249999999999,68.06000000000012,21.83999999999997,86.11999999999995,18.160000000000025,58.019999999999925,54.66000000000008,MABAL,3.473888888888889,105.20972222222224,44.1944444444448,61.84722222222222
534,260321set1_1_QR111.csv_1_GA110.csv,260321set1_1_QR111.csv,15:18:40,4.57203,106.403,2.5038,34.1,106.548,0,15:17:05,4.19994,105.012,2.35462,107.115,19,170,131,37.29,52.385621532321714,51.806285894739815,1,1,17.49,13.65,2,57.61,6.83,51,240,13.49,OMLIV,43.01,closer,15:25:35,106.309,3.75788,106.47,2.9184,106.47,2.9184,15:27:55,106.123,3.55123,15:33:35,106.467,2.92242,9.1,89.30075,37.595,79.99849999999999,33.865500000000004,68.947,63.78075,68.06000000000012,70.96000000000004,40.24000000000001,82.2999999999999,66.17999999999995,62.46000000000009,OMLIV,2.919722222222222,106.46972222222225,69.3944444444449,47.99305555555555
535,260321set1_1_KL121.csv_1_PR120.csv,260321set1_1_KL121.csv,15:25:40,4.57203,106.403,2.5038,33.0,106.548,0,15:24:50,4.19994,105.012,2.35462,107.115,10,170,131,37.29,68.88393984720469,62.56564049100442,1,1,11.72,10.49,4,76.96,8.67,65,230,27.03,OMLIV,51.56,closer,15:31:10,106.276,3.93414,106.48,2.86658,106.48,2.86658,15:35:40,105.897,3.53114,15:42:30,106.472,2.89261,15.44,89.30075,37.595,79.99849999999999,33.865500000000004,73.35350000000001,63.2785,68.06000000000012,70.96000000000004,40.24000000000001,82.2999999999999,65.51999999999992,57.94000000000011,OMLIV,2.919722222222222,106.46972222222225,69.3944444444449,47.99305555555555
536,260321set1_1_TR131.csv_1_3K130.csv,260321set1_1_TR131.csv,15:32:00,4.57203,106.403,2.56642,3.56,104.092,38,15:35:10,4.19994,105.012,2.35462,107.115,0,231,131,99.94,26.73477687013957,33.422009418368404,1,1,3.84,13.25,2,59.26,3.92,29,250,8.15,KILOT,75.39,farther,15:37:15,105.959,4.08731,105.584,3.77727,105.584,3.77727,15:40:30,105.573,3.94318,15:50:25,104.687,3.0522,11.28,89.30075,39.1605,79.99849999999999,33.865500000000004,77.18275000000001,73.5795,68.06000000000012,21.83999999999997,40.24000000000001,82.2999999999999,59.180000000000064,51.459999999999866,MUMSO,3.738888888888889,105.53694444444444,50.73888888888888,68.47222222222223
537,260321set1_1_QR141.csv_1_3K140.csv,260321set1_1_QR141.csv,15:38:05,4.57203,106.403,2.56642,3.24,104.092,49,15:42:10,4.19994,105.012,2.35462,107.115,0,231,131,99.94,27.37139910632005,27.07876063004271,1,1,5.18,14.65,2,40.33,3.58,27,260,7.77,KILOT,76.64,closer,15:44:10,105.877,4.02059,105.535,3.73728,105.535,3.73728,15:46:25,105.6,3.95749,15:56:30,104.693,3.05806,6.45,89.30075,39.1605,79.99849999999999,33.865500000000004,75.51475,73.93725,68.06000000000012,21.83999999999997,40.24000000000001,82.2999999999999,57.53999999999991,51.999999999999886,MUMSO,3.738888888888889,105.53694444444444,50.73888888888888,68.47222222222223
538,260321set1_1_3K151.csv_1_QR150.csv,260321set1_1_3K151.csv,15:45:25,4.57203,106.403,2.56642,3.74,104.092,45,15:49:10,4.19994,105.012,2.35462,107.115,0,231,131,99.94,24.18908052990557,26.45385390676531,1,1,5.32,14.18,4,69.22,3.33,25,260,6.83,KILOT,77.92,farther,15:51:35,105.869,4.01392,105.551,3.75061,105.551,3.75061,15:53:35,105.624,3.95632,16:03:50,104.69,3.054,7.29,89.30075,39.1605,79.99849999999999,33.865500000000004,75.348,73.908,68.06000000000012,21.83999999999997,40.24000000000001,82.2999999999999,57.38,52.47999999999991,MUMSO,3.738888888888889,105.53694444444444,50.73888888888888,68.47222222222223
539,260321set1_1_KL161.csv_1_PR160.csv,260321set1_1_KL161.csv,15:53:40,4.57203,106.403,2.5038,35.85,106.548,0,15:52:55,4.19994,105.012,2.35462,107.115,9,170,131,37.29,63.793753218843406,56.87436229660735,1,1,14.79,10.49,2,58.05,7.92,59,230,20.38,OMLIV,45.46,closer,15:59:55,106.293,3.84083,106.48,2.86658,106.48,2.86658,16:03:25,106.012,3.51919,16:09:25,106.469,2.91487,8.75,89.30075,37.595,79.99849999999999,33.865500000000004,71.02074999999999,62.97975,68.06000000000012,70.96000000000004,40.24000000000001,82.2999999999999,65.86000000000013,60.24000000000001,OMLIV,2.919722222222222,106.46972222222225,69.3944444444449,47.99305555555555
540,260321set1_1_QR171.csv_1_KL170.csv,260321set1_1_QR171.csv,16:00:40,4.57203,106.403,2.5038,37.67,106.548,0,15:59:25,4.19994,105.012,2.35462,107.115,15,170,131,37.29,51.74900309230905,48.64905230261717,1,1,19.35,12.39,2,49.97,6.58,49,240,15.26,OMLIV,40.47,closer,16:08:00,106.315,3.70602,106.474,2.89767,106.474,2.89767,16:10:35,106.105,3.48352,16:15:55,106.468,2.91511,8.73,89.30075,37.595,79.99849999999999,33.865500000000004,67.65050000000001,62.088,68.06000000000012,70.96000000000004,40.24000000000001,82.2999999999999,66.29999999999995,62.10000000000008,OMLIV,2.919722222222222,106.46972222222225,69.3944444444449,47.99305555555555
541,260321set1_1_GA181.csv_1_GA180.csv,260321set1_1_GA181.csv,16:07:40,4.57203,106.403,2.5038,41.1,106.548,0,16:06:25,4.19994,105.012,2.35462,107.115,15,170,131,37.29,46.70111885908084,43.58037784727711,1,1,22.02,12.39,2,51.0,5.92,44,240,15.83,OMLIV,35.93,closer,16:15:40,106.334,3.62308,106.474,2.89767,106.474,2.89767,16:18:20,106.112,3.39534,16:23:05,106.469,2.91457,10.0,89.30075,37.595,79.99849999999999,33.865500000000004,65.577,59.8835,68.06000000000012,70.96000000000004,40.24000000000001,82.2999999999999,66.68000000000006,62.239999999999895,OMLIV,2.919722222222222,106.46972222222225,69.3944444444449,47.99305555555555
542,260321set1_1_TR190.csv_1_SQ191.csv,260321set1_1_TR190.csv,16:13:40,3.72198,107.306,1.6022,21.24,103.998,77,16:20:05,2.52356,106.535,3.18297,104.142,0,249,286,36.36,52.59721142829248,56.43041590059958,-1,-1,36.33,19.74,1,56.78,7.17,54,200,12.99,WP071,76.05,farther,16:24:15,106.06,3.22433,105.22,2.90634,105.22,2.90634,16:26:50,105.913,2.93991,16:36:50,104.67,2.69197,11.77,68.0495,15.055,38.089,54.57425,55.608250000000005,48.49775,86.11999999999995,19.960000000000093,70.69999999999993,22.83999999999992,61.200000000000045,58.259999999999934,LIPRO,2.895,105.19083333333332,43.81666666666632,47.375
543,260321set1_1_PR201.csv_1_GA200.csv,260321set1_1_PR201.csv,16:21:40,4.57203,106.403,2.5038,41.86,106.548,0,16:20:25,4.19994,105.012,2.35462,107.115,15,170,131,37.29,49.24759737620919,46.11500811930598,1,1,20.57,12.39,2,70.06,6.25,47,240,17.68,OMLIV,37.9,closer,16:29:20,106.326,3.66456,106.474,2.89767,106.474,2.89767,16:32:20,106.078,3.41058,16:37:20,106.469,2.91444,11.89,89.30075,37.595,79.99849999999999,33.865500000000004,66.61399999999999,60.2645,68.06000000000012,70.96000000000004,40.24000000000001,82.2999999999999,66.51999999999987,61.56000000000006,OMLIV,2.919722222222222,106.46972222222225,69.3944444444449,47.99305555555555
544,260321set1_1_TR211.csv_1_GA210.csv,260321set1_1_TR211.csv,16:27:35,3.72198,107.306,3.40823,14.07,103.908,41,16:31:00,4.57203,106.403,2.56642,104.092,0,267,231,36.2,30.81566617596166,34.66522855303575,1,1,32.24,24.41,0,0.0,4.25,32,330,15.67,VISAT,64.0,farther,16:39:55,105.776,3.50622,105.248,3.47583,105.248,3.47583,16:42:40,105.551,3.75255,16:51:05,104.531,3.44048,12.49,68.0495,60.20575,89.30075,39.1605,62.6555,68.81375,86.11999999999995,18.160000000000025,68.06000000000012,21.83999999999997,55.519999999999925,51.02000000000004,MABAL,3.473888888888889,105.20972222222224,44.1944444444448,61.84722222222222
545,260321set1_1_TR231.csv_1_KL230.csv,260321set1_1_TR231.csv,16:41:30,4.57203,106.403,2.56642,2.55,104.092,44,16:45:10,4.19994,105.012,2.35462,107.115,0,231,131,99.94,26.73477687013957,29.62528915544652,1,1,4.65,13.94,2,76.44,3.67,28,260,6.87,KILOT,80.44,farther,16:47:15,105.91,4.04728,105.559,3.75727,105.559,3.75727,16:49:15,105.664,3.98968,16:59:50,104.697,3.06109,7.53,89.30075,39.1605,79.99849999999999,33.865500000000004,76.18199999999999,74.74199999999999,68.06000000000012,21.83999999999997,40.24000000000001,82.2999999999999,58.19999999999993,53.28000000000003,MUMSO,3.738888888888889,105.53694444444444,50.73888888888888,68.47222222222223
546,260321set1_1_TR241.csv_1_PR240.csv,260321set1_1_TR241.csv,16:48:00,4.57203,106.403,2.5038,23.83,106.548,30,16:50:30,3.72198,107.306,1.6022,103.998,0,170,249,79.82,49.8311602498425,48.71945797982619,-1,-1,4.53,31.75,2,50.75,6.5,49,160,7.94,OMLIV,29.1,closer,16:51:50,106.245,4.14306,106.39,3.34339,106.39,3.34339,16:58:00,106.512,3.40922,17:01:50,106.47,2.926,4.5,89.30075,37.595,68.0495,15.055,78.57650000000001,60.2305,68.06000000000012,70.96000000000004,86.11999999999995,19.960000000000093,64.90000000000009,70.24000000000001,ONAPO,3.353888888888889,106.3877777777778,67.75555555555599,58.84722222222223
547,260321set1_1_KL251.csv_1_3K250.csv,260321set1_1_KL251.csv,16:55:50,4.57203,106.403,2.5038,22.34,106.548,20,16:57:30,3.72198,107.306,1.6022,103.998,0,170,249,79.82,42.21128898922046,47.45214932908073,-1,-1,5.2,29.93,4,73.54,5.92,44,160,7.07,OMLIV,32.27,farther,16:59:50,106.249,4.12232,106.38,3.39525,106.38,3.39525,17:05:20,106.487,3.46778,17:09:35,106.47,2.93019,8.88,89.30075,37.595,68.0495,15.055,78.058,61.6945,68.06000000000012,70.96000000000004,86.11999999999995,19.960000000000093,64.9799999999999,69.7399999999999,ONAPO,3.353888888888889,106.3877777777778,67.75555555555599,58.84722222222223
548,260321set1_1_PR260.csv_1_QR261.csv,260321set1_1_PR260.csv,17:06:00,4.57203,106.403,2.56642,24.8,104.092,0,17:02:05,3.72198,107.306,3.40823,103.908,47,231,267,36.2,46.08001268836795,46.00021432570369,-1,-1,7.4,23.91,2,80.67,6.08,46,200,11.08,KILOT,67.19,closer,17:12:55,105.8,3.94799,105.207,3.47143,105.207,3.47143,17:15:55,105.657,3.59854,17:24:45,104.684,3.04413,5.84,89.30075,39.1605,68.0495,60.20575,73.69975,64.9635,68.06000000000012,21.83999999999997,86.11999999999995,18.160000000000025,55.99999999999994,53.13999999999993,MABAL,3.473888888888889,105.20972222222224,44.1944444444448,61.84722222222222
549,260321set1_1_GA270.csv_1_SQ271.csv,260321set1_1_GA270.csv,17:09:40,3.72198,107.306,1.6022,22.01,103.998,77,17:16:05,2.52356,106.535,3.18297,104.142,0,249,286,36.36,57.06883543366395,60.864384011902565,-1,-1,37.1,19.74,4,68.42,7.75,58,200,12.99,WP071,80.42,farther,17:19:40,106.129,3.25078,105.22,2.90634,105.22,2.90634,17:22:15,105.982,2.96636,17:32:50,104.67,2.69193,11.58,68.0495,15.055,38.089,54.57425,56.2695,49.159,86.11999999999995,19.960000000000093,70.69999999999993,22.83999999999992,62.5800000000001,59.63999999999999,LIPRO,2.895,105.19083333333332,43.81666666666632,47.375
550,260321set1_1_GA281.csv_1_TR280.csv,260321set1_1_GA281.csv,17:16:25,4.57203,106.403,2.5038,21.66,106.548,25,17:18:30,3.72198,107.306,1.6022,103.998,0,170,249,79.82,47.9401277758078,49.986178032285466,-1,-1,3.86,30.66,4,78.42,6.42,48,160,7.44,OMLIV,32.88,farther,17:20:05,106.241,4.16374,106.384,3.3745,106.384,3.3745,17:25:50,106.491,3.47982,17:30:10,106.47,2.93221,6.9,89.30075,37.595,68.0495,15.055,79.09349999999999,61.99550000000001,68.06000000000012,70.96000000000004,86.11999999999995,19.960000000000093,64.82,69.82,ONAPO,3.353888888888889,106.3877777777778,67.75555555555599,58.84722222222223
551,260321set1_1_PR291.csv_1_SQ290.csv,260321set1_1_PR291.csv,17:23:50,3.72198,107.306,3.40823,19.76,103.908,38,17:27:00,4.57203,106.403,2.56642,104.092,0,267,231,36.2,52.34308380133452,58.09560745184022,1,1,33.2,24.41,2,75.49,7.33,55,300,13.46,VISAT,76.76,farther,17:33:05,106.167,3.52612,105.248,3.47583,105.248,3.47583,17:36:30,105.786,3.72756,17:46:35,104.539,3.44205,12.65,68.0495,60.20575,89.30075,39.1605,63.153000000000006,68.189,86.11999999999995,18.160000000000025,68.06000000000012,21.83999999999997,63.34000000000003,55.72000000000003,MABAL,3.473888888888889,105.20972222222224,44.1944444444448,61.84722222222222
552,260321set1_1_GA301.csv_1_PR300.csv,260321set1_1_GA301.csv,17:31:40,4.57203,106.403,2.5038,35.28,106.548,0,17:30:35,4.19994,105.012,2.35462,107.115,13,170,131,37.29,61.29354357946211,56.87436229660735,1,1,14.79,11.75,3,67.28,7.75,58,230,18.75,OMLIV,45.5,closer,17:37:55,106.293,3.84083,106.476,2.88731,106.476,2.88731,17:41:10,106.036,3.53953,17:47:10,106.468,2.91621,9.46,89.30075,37.595,79.99849999999999,33.865500000000004,71.02074999999999,63.48825,68.06000000000012,70.96000000000004,40.24000000000001,82.2999999999999,65.86000000000013,60.72000000000003,OMLIV,2.919722222222222,106.46972222222225,69.3944444444449,47.99305555555555
553,260321set1_1_SQ311.csv_1_TR310.csv,260321set1_1_SQ311.csv,17:37:25,3.72198,107.306,3.40823,17.71,103.908,43,17:41:00,4.57203,106.403,2.56642,104.092,0,267,231,36.2,50.46839358569566,53.04903940561133,1,1,37.11,24.09,3,86.89,6.83,51,320,15.95,VISAT,78.58,farther,17:47:20,106.082,3.52183,105.227,3.47477,105.227,3.47477,17:50:20,105.808,3.77028,18:00:40,104.54,3.44252,13.67,68.0495,60.20575,89.30075,39.1605,63.04575,69.257,86.11999999999995,18.160000000000025,68.06000000000012,21.83999999999997,61.63999999999987,56.16000000000014,MABAL,3.473888888888889,105.20972222222224,44.1944444444448,61.84722222222222
554,260321set1_1_TR321.csv_1_SQ320.csv,260321set1_1_TR321.csv,17:44:45,3.72198,107.306,3.40823,21.05,103.908,39,17:48:00,4.57203,106.403,2.56642,104.092,0,267,231,36.2,55.51489706867189,60.618906682556194,1,1,31.32,24.41,2,57.27,7.67,58,320,14.94,VISAT,86.92,farther,17:53:40,106.209,3.52827,105.248,3.47583,105.248,3.47583,17:56:30,105.949,3.76056,18:07:55,104.536,3.4413,14.88,68.0495,60.20575,89.30075,39.1605,63.20675,69.014,86.11999999999995,18.160000000000025,68.06000000000012,21.83999999999997,64.18000000000006,58.97999999999996,MABAL,3.473888888888889,105.20972222222224,44.1944444444448,61.84722222222222
555,260321set1_1_TR331.csv_1_TR330.csv,260321set1_1_TR331.csv,17:51:40,4.57203,106.403,2.56642,3.59,104.092,42,17:55:10,4.19994,105.012,2.35462,107.115,0,231,131,99.94,29.236159797341045,33.422009418368404,1,1,3.84,13.73,4,55.26,4.08,31,250,8.36,MABAL,34.83,farther,17:56:55,105.959,4.08731,105.568,3.76394,105.568,3.76394,18:00:15,105.563,3.93958,18:04:50,105.212,3.4772,9.58,89.30075,39.1605,79.99849999999999,33.865500000000004,77.18275000000001,73.48949999999999,68.06000000000012,21.83999999999997,40.24000000000001,82.2999999999999,59.180000000000064,51.26000000000005,MUMSO,3.738888888888889,105.53694444444444,50.73888888888888,68.47222222222223
556,260321set1_1_PR341.csv_1_PR340.csv,260321set1_1_PR341.csv,17:59:40,4.57203,106.403,2.5038,34.13,106.548,0,17:58:45,4.19994,105.012,2.35462,107.115,11,170,131,37.29,61.29354357946211,55.60763678356364,1,1,15.47,11.12,4,80.76,7.67,58,240,17.09,OMLIV,46.19,closer,18:06:05,106.297,3.82009,106.478,2.87694,106.478,2.87694,18:09:00,106.058,3.57138,18:15:05,106.468,2.91973,7.72,89.30075,37.595,79.99849999999999,33.865500000000004,70.50225,64.2845,68.06000000000012,70.96000000000004,40.24000000000001,82.2999999999999,65.93999999999994,61.16000000000014,OMLIV,2.919722222222222,106.46972222222225,69.3944444444449,47.99305555555555
557,260321set1_1_GA350.csv_1_3K351.csv,260321set1_1_GA350.csv,18:05:30,3.72198,107.306,1.6022,22.09,103.998,79,18:12:05,2.52356,106.535,3.18297,104.142,0,249,286,36.36,52.59721142829248,55.14756082262563,-1,-1,36.1,19.37,2,52.56,7.08,53,200,12.05,WP071,75.37,farther,18:16:15,106.041,3.21677,105.21,2.90255,105.21,2.90255,18:18:40,105.901,2.9521,18:28:35,104.672,2.69242,9.84,68.0495,15.055,38.089,54.57425,55.41925,48.8025,86.11999999999995,19.960000000000093,70.69999999999993,22.83999999999992,60.819999999999936,58.019999999999925,LIPRO,2.895,105.19083333333332,43.81666666666632,47.375
558,260321set1_1_TR361.csv_1_3K360.csv,260321set1_1_TR361.csv,18:12:05,4.57203,106.403,2.56642,3.28,104.092,49,18:16:10,4.19994,105.012,2.35462,107.115,0,231,131,99.94,34.328332521036586,34.04691712769625,1,1,3.7,14.65,2,69.62,4.5,34,250,7.71,KILOT,76.67,closer,18:17:15,105.967,4.09399,105.535,3.73728,105.535,3.73728,18:20:20,105.601,3.95707,18:30:25,104.693,3.05804,6.03,89.30075,39.1605,79.99849999999999,33.865500000000004,77.34975,73.92675,68.06000000000012,21.83999999999997,40.24000000000001,82.2999999999999,59.339999999999975,52.01999999999998,MUMSO,3.738888888888889,105.53694444444444,50.73888888888888,68.47222222222223
559,260321set1_1_PR370.csv_1_SQ371.csv,260321set1_1_PR370.csv,18:19:50,3.72198,107.306,1.6022,21.54,103.998,75,18:26:05,2.52356,106.535,3.18297,104.142,0,249,286,36.36,55.76650261739269,60.864384011902565,-1,-1,37.1,20.1,4,66.32,7.67,58,210,12.84,WP071,76.66,farther,18:29:50,106.129,3.25078,105.23,2.91012,105.23,2.91012,18:32:45,105.926,2.94761,18:42:50,104.674,2.6927,11.89,68.0495,15.055,38.089,54.57425,56.2695,48.69025,86.11999999999995,19.960000000000093,70.69999999999993,22.83999999999992,62.5800000000001,58.52000000000004,LIPRO,2.895,105.19083333333332,43.81666666666632,47.375
560,260321set1_1_QR381.csv_1_SQ380.csv,260321set1_1_QR381.csv,18:26:40,4.57203,106.403,2.5038,20.99,106.548,22,18:28:30,3.72198,107.306,1.6022,103.998,0,170,249,79.82,45.40007904301809,49.35252295238818,-1,-1,4.19,30.3,5,92.65,6.25,47,160,6.95,OMLIV,34.8,farther,18:30:25,106.243,4.15339,106.382,3.38487,106.382,3.38487,18:35:50,106.477,3.50875,18:40:25,106.47,2.92873,7.78,89.30075,37.595,68.0495,15.055,78.83475,62.71875,68.06000000000012,70.96000000000004,86.11999999999995,19.960000000000093,64.8599999999999,69.54000000000008,ONAPO,3.353888888888889,106.3877777777778,67.75555555555599,58.84722222222223
561,260321set1_1_TR391.csv_1_3K390.csv,260321set1_1_TR391.csv,18:33:45,4.57203,106.403,2.56642,4.91,104.092,41,18:37:10,4.19994,105.012,2.35462,107.115,0,231,131,99.94,24.18908052990557,29.00038458788348,1,1,4.76,13.73,4,75.25,3.5,26,250,5.84,MABAL,36.1,farther,18:39:35,105.901,4.04061,105.568,3.76394,105.568,3.76394,18:41:55,105.625,3.93616,18:46:40,105.223,3.48853,7.48,89.30075,39.1605,79.99849999999999,33.865500000000004,76.01525,73.404,68.06000000000012,21.83999999999997,40.24000000000001,82.2999999999999,58.019999999999925,52.5,MUMSO,3.738888888888889,105.53694444444444,50.73888888888888,68.47222222222223
562,010321set2_1_KL01.csv_1_3K00.csv,010321set2_1_KL01.csv,14:00:15,4.57262,106.403,2.5041,15.54,106.548,27,14:02:30,3.72198,107.306,1.6022,103.998,0,170,249,79.82,30.794369201024367,31.65512926602656,-1,-1,13.71,31.01,0,0.0,4.08,31,140,6.59,OMLIV,44.3,farther,14:06:20,106.297,3.86296,106.386,3.36445,106.386,3.36445,14:08:15,106.441,3.66973,14:14:05,106.469,2.93194,4.92,89.31549999999999,37.602500000000006,68.0495,15.055,71.574,66.74325,68.06000000000012,70.96000000000004,86.11999999999995,19.960000000000093,65.93999999999994,68.82000000000005,ONAPO,3.353888888888889,106.3877777777778,67.75555555555599,58.84722222222223
563,010321set2_1_SQ11.csv_1_QR10.csv,010321set2_1_SQ11.csv,14:07:40,4.57262,106.403,2.5041,21.47,106.548,22,14:09:30,3.72198,107.306,1.6022,103.998,0,170,249,79.82,20.05342843089299,24.0524715175228,-1,-1,17.61,30.28,2,50.61,2.92,22,150,4.85,OMLIV,36.07,farther,14:14:45,106.323,3.73977,106.382,3.3852,106.382,3.3852,14:16:35,106.436,3.53723,14:21:20,106.469,2.93693,6.43,89.31549999999999,37.602500000000006,68.0495,15.055,68.49425,63.43075,68.06000000000012,70.96000000000004,86.11999999999995,19.960000000000093,66.45999999999987,68.72000000000014,ONAPO,3.353888888888889,106.3877777777778,67.75555555555599,58.84722222222223
564,010321set2_1_TR20.csv_1_KL21.csv,010321set2_1_TR20.csv,14:18:00,4.57262,106.403,2.56699,30.58,104.093,0,14:15:00,3.72198,107.306,3.40823,103.908,36,231,267,36.2,56.85994858549379,49.89972234292836,-1,-1,6.38,24.83,2,81.22,6.92,52,190,17.89,KILOT,70.32,closer,14:24:25,105.852,3.98556,105.175,3.44537,105.175,3.44537,14:28:10,105.748,3.52633,14:37:25,104.681,3.04162,4.96,89.31549999999999,39.17475,68.0495,60.20575,74.639,63.15825,68.06000000000012,21.86000000000007,86.11999999999995,18.160000000000025,57.04000000000008,54.96000000000009,MABAL,3.473888888888889,105.20972222222224,44.1944444444448,61.84722222222222
565,010321set2_1_KL31.csv_1_PR30.csv,010321set2_1_KL31.csv,14:22:40,4.57262,106.403,2.5041,33.23,106.548,0,14:21:40,4.19994,105.012,2.35462,107.115,12,170,131,37.29,59.39078034784772,54.36618949106157,1,1,16.14,11.14,3,68.65,7.5,56,250,19.03,OMLIV,48.01,closer,14:29:15,106.301,3.79935,106.478,2.87726,106.478,2.87726,14:32:20,106.025,3.57196,14:38:40,106.47,2.90696,12.04,89.31549999999999,37.602500000000006,79.99849999999999,33.865500000000004,69.98375,64.29899999999999,68.06000000000012,70.96000000000004,40.24000000000001,82.2999999999999,66.02000000000004,60.500000000000114,OMLIV,2.919722222222222,106.46972222222225,69.3944444444449,47.99305555555555
566,010321set2_1_PR41.csv_1_QR40.csv,010321set2_1_PR41.csv,14:29:40,4.57262,106.403,2.5041,34.13,106.548,0,14:28:45,4.19994,105.012,2.35462,107.115,11,170,131,37.29,59.39078034784772,53.73253261199153,1,1,16.48,11.14,4,78.04,7.42,56,250,16.51,OMLIV,46.15,closer,14:36:20,106.303,3.78898,106.478,2.87726,106.478,2.87726,14:39:05,106.067,3.57602,14:45:10,106.468,2.91963,8.32,89.31549999999999,37.602500000000006,79.99849999999999,33.865500000000004,69.7245,64.40050000000001,68.06000000000012,70.96000000000004,40.24000000000001,82.2999999999999,66.05999999999995,61.33999999999986,OMLIV,2.919722222222222,106.46972222222225,69.3944444444449,47.99305555555555
567,010321set2_1_TR50.csv_1_PR51.csv,010321set2_1_TR50.csv,14:35:15,3.72198,107.306,1.6022,19.99,103.998,82,14:42:05,2.52356,106.535,3.18297,104.142,0,249,286,36.36,49.4844172749244,50.07195053437334,-1,-1,35.21,18.66,1,52.6,6.58,49,190,13.47,WP071,71.6,farther,14:46:40,105.962,3.18652,105.191,2.89499,105.191,2.89499,14:49:10,105.847,2.90603,14:58:35,104.673,2.69229,10.23,68.0495,15.055,38.089,54.57425,54.663,47.65075,86.11999999999995,19.960000000000093,70.69999999999993,22.83999999999992,59.24000000000007,56.93999999999989,LIPRO,2.895,105.19083333333332,43.81666666666632,47.375
568,010321set2_1_SQ60.csv_1_3K61.csv,010321set2_1_SQ60.csv,14:42:10,3.72198,107.306,1.6022,21.88,103.998,83,14:49:05,2.52356,106.535,3.18297,104.142,0,249,286,36.36,50.73024628550788,50.71337787104598,-1,-1,35.32,18.66,4,55.79,6.67,50,190,11.84,WP071,72.82,closer,14:53:30,105.972,3.1903,105.191,2.89499,105.191,2.89499,14:55:45,105.862,2.94098,15:05:20,104.674,2.69276,8.16,68.0495,15.055,38.089,54.57425,54.7575,48.5245,86.11999999999995,19.960000000000093,70.69999999999993,22.83999999999992,59.43999999999989,57.239999999999895,LIPRO,2.895,105.19083333333332,43.81666666666632,47.375
569,010321set2_1_PR71.csv_1_QR70.csv,010321set2_1_PR71.csv,14:50:40,4.57262,106.403,2.5041,29.86,106.548,0,14:49:15,4.19994,105.012,2.35462,107.115,17,170,131,37.29,60.02700462911519,58.16754531765736,1,1,14.12,13.04,4,90.25,7.75,58,250,16.51,OMLIV,49.97,closer,14:56:45,106.289,3.86156,106.472,2.90835,106.472,2.90835,14:59:30,106.053,3.6486,15:06:05,106.466,2.92536,11.78,89.31549999999999,37.602500000000006,79.99849999999999,33.865500000000004,71.539,66.215,68.06000000000012,70.96000000000004,40.24000000000001,82.2999999999999,65.78000000000003,61.059999999999945,OMLIV,2.919722222222222,106.46972222222225,69.3944444444449,47.99305555555555
570,010321set2_1_PR80.csv_1_GA81.csv,010321set2_1_PR80.csv,15:00:10,4.19994,105.012,2.35462,1.21,107.115,0,14:56:25,4.57262,106.403,2.56699,104.093,45,131,231,99.94,25.860622009756053,23.56479314232838,-1,-1,5.16,15.6,4,77.97,3.25,24,90,9.73,ELGOR,32.26,closer,15:02:40,105.252,3.99403,105.552,3.72605,105.552,3.72605,15:04:50,105.522,3.9682,15:09:05,105.802,3.50922,7.08,79.99849999999999,33.865500000000004,89.31549999999999,39.17475,74.85075,74.205,40.24000000000001,82.2999999999999,68.06000000000012,21.86000000000007,45.03999999999991,50.44000000000011,MUMSO,3.738888888888889,105.53694444444444,50.73888888888888,68.47222222222223
571,010321set2_1_KL91.csv_1_GA90.csv,010321set2_1_KL91.csv,15:04:40,4.57262,106.403,2.5041,35.71,106.548,0,15:03:55,4.19994,105.012,2.35462,107.115,9,170,131,37.29,56.84548872271416,49.94223734156692,1,1,18.67,10.51,2,58.82,7.0,52,260,15.57,OMLIV,43.63,closer,15:11:50,106.311,3.72676,106.48,2.86689,106.48,2.86689,15:14:20,106.088,3.54961,15:20:05,106.465,2.92778,6.97,89.31549999999999,37.602500000000006,79.99849999999999,33.865500000000004,68.169,63.74025,68.06000000000012,70.96000000000004,40.24000000000001,82.2999999999999,66.22000000000014,61.75999999999988,OMLIV,2.919722222222222,106.46972222222225,69.3944444444449,47.99305555555555
572,010321set2_1_KL100.csv_1_QR101.csv,010321set2_1_KL100.csv,15:14:00,4.57262,106.403,2.56699,23.86,104.093,0,15:10:25,3.72198,107.306,3.40823,103.908,43,231,267,36.2,56.199154557955865,53.691122953124,-1,-1,5.57,24.35,2,82.88,7.25,54,180,14.92,KILOT,80.49,closer,15:19:55,105.901,4.0256,105.191,3.45868,105.191,3.45868,15:22:45,105.858,3.67871,15:33:20,104.678,3.04073,7.62,89.31549999999999,39.17475,68.0495,60.20575,75.64,66.96775000000001,68.06000000000012,21.86000000000007,86.11999999999995,18.160000000000025,58.019999999999925,57.16000000000008,MABAL,3.473888888888889,105.20972222222224,44.1944444444448,61.84722222222222
573,010321set2_1_QR111.csv_1_3K110.csv,010321set2_1_QR111.csv,15:17:20,4.57262,106.403,2.5041,17.52,106.548,26,15:19:30,3.72198,107.306,1.6022,103.998,0,170,249,79.82,21.280706445773177,22.796155485594227,-1,-1,18.47,31.01,2,51.04,2.92,22,120,8.76,OMLIV,38.59,farther,15:24:35,106.324,3.71779,106.386,3.36445,106.386,3.36445,15:26:25,106.496,3.5707,15:31:30,106.47,2.92813,8.84,89.31549999999999,37.602500000000006,68.0495,15.055,67.94475,64.2675,68.06000000000012,70.96000000000004,86.11999999999995,19.960000000000093,66.47999999999996,69.9199999999999,ONAPO,3.353888888888889,106.3877777777778,67.75555555555599,58.84722222222223
574,190321set1_1_QR00.csv_1_3K01.csv,190321set1_1_QR00.csv,14:04:00,4.57203,106.403,2.56642,22.41,104.092,0,14:00:10,3.72198,107.306,3.40823,103.908,46,231,267,36.2,50.46581686446842,49.79692636405022,-1,-1,6.16,23.91,0,0.0,6.58,49,190,11.69,KILOT,75.41,closer,14:10:25,105.849,3.98803,105.207,3.47143,105.207,3.47143,14:13:00,105.768,3.67547,14:22:55,104.682,3.04298,6.16,89.30075,39.1605,68.0495,60.20575,74.70075,66.88674999999999,68.06000000000012,21.83999999999997,86.11999999999995,18.160000000000025,56.98000000000008,55.360000000000014,MABAL,3.473888888888889,105.20972222222224,44.1944444444448,61.84722222222222
575,190321set1_1_QR10.csv_1_3K11.csv,190321set1_1_QR10.csv,14:07:50,3.72198,107.306,1.6022,21.46,103.998,75,14:14:05,2.52356,106.535,3.18297,104.142,0,249,286,36.36,52.59721142829248,57.65746250707348,-1,-1,36.55,20.1,3,60.2,7.25,54,200,12.99,WP071,77.32,farther,14:18:15,106.08,3.23191,105.23,2.91012,105.23,2.91012,14:20:50,105.933,2.94761,14:31:00,104.67,2.69194,12.92,68.0495,15.055,38.089,54.57425,55.79775,48.69025,86.11999999999995,19.960000000000093,70.69999999999993,22.83999999999992,61.599999999999966,58.66000000000014,LIPRO,2.895,105.19083333333332,43.81666666666632,47.375
576,190321set1_1_GA21.csv_1_3K20.csv,190321set1_1_GA21.csv,14:14:05,4.57203,106.403,2.56642,5.25,104.092,49,14:18:10,4.19994,105.012,2.35462,107.115,0,231,131,99.94,28.599540162638124,28.375481934699216,1,1,4.9,14.65,4,70.3,3.75,28,250,6.68,MABAL,33.57,closer,14:20:00,105.893,4.03394,105.535,3.73728,105.535,3.73728,14:22:40,105.577,3.91506,14:27:05,105.219,3.48513,4.93,89.30075,39.1605,79.99849999999999,33.865500000000004,75.8485,72.8765,68.06000000000012,21.83999999999997,40.24000000000001,82.2999999999999,57.860000000000014,51.53999999999997,MUMSO,3.738888888888889,105.53694444444444,50.73888888888888,68.47222222222223
577,190321set1_1_TR31.csv_1_QR30.csv,190321set1_1_TR31.csv,14:21:05,4.57203,106.403,2.56642,6.39,104.092,49,14:25:10,4.19994,105.012,2.35462,107.115,0,231,131,99.94,25.461928323463376,25.20404660531932,1,1,5.57,14.65,4,64.79,3.33,25,250,6.48,MABAL,31.02,closer,14:27:25,105.852,4.00058,105.535,3.73728,105.535,3.73728,14:30:00,105.546,3.88531,14:34:05,105.219,3.4849,5.11,89.30075,39.1605,79.99849999999999,33.865500000000004,75.01450000000001,72.13275,68.06000000000012,21.83999999999997,40.24000000000001,82.2999999999999,57.04000000000008,50.92000000000013,MUMSO,3.738888888888889,105.53694444444444,50.73888888888888,68.47222222222223
578,190321set1_1_3K40.csv_1_SQ41.csv,190321set1_1_3K40.csv,14:32:00,4.57203,106.403,2.56642,22.29,104.092,0,14:28:15,3.72198,107.306,3.40823,103.908,45,231,267,36.2,56.83397301248022,55.51489706867189,-1,-1,4.96,23.91,2,69.6,7.33,55,200,11.68,KILOT,75.42,closer,14:37:40,105.923,4.04808,105.207,3.47143,105.207,3.47143,14:40:50,105.772,3.6788,14:50:45,104.686,3.04573,4.61,89.30075,39.1605,68.0495,60.20575,76.202,66.97,68.06000000000012,21.83999999999997,86.11999999999995,18.160000000000025,58.46000000000004,55.44000000000011,MABAL,3.473888888888889,105.20972222222224,44.1944444444448,61.84722222222222
579,190321set1_1_TR50.csv_1_QR51.csv,190321set1_1_TR50.csv,14:35:45,3.72198,107.306,1.6022,23.87,103.998,76,14:42:05,2.52356,106.535,3.18297,104.142,0,249,286,36.36,53.27726453860756,57.65746250707348,-1,-1,36.55,19.74,3,60.19,7.33,55,210,10.44,WP071,76.0,farther,14:46:10,106.08,3.23191,105.22,2.90634,105.22,2.90634,14:48:35,105.908,2.98357,14:58:35,104.675,2.69336,9.72,68.0495,15.055,38.089,54.57425,55.79775,49.58924999999999,86.11999999999995,19.960000000000093,70.69999999999993,22.83999999999992,61.599999999999966,58.160000000000025,LIPRO,2.895,105.19083333333332,43.81666666666632,47.375
580,190321set1_1_KL61.csv_1_3K60.csv,190321set1_1_KL61.csv,14:42:20,4.57203,106.403,2.56642,4.16,104.092,46,14:46:10,4.19994,105.012,2.35462,107.115,0,231,131,99.94,29.872383743205297,31.500392352089023,1,1,4.23,14.18,4,72.18,4.0,30,250,7.31,MABAL,35.48,farther,14:47:50,105.934,4.0673,105.551,3.75061,105.551,3.75061,14:50:45,105.588,3.9376,14:55:25,105.214,3.47965,6.63,89.30075,39.1605,79.99849999999999,33.865500000000004,76.6825,73.44000000000001,68.06000000000012,21.83999999999997,40.24000000000001,82.2999999999999,58.67999999999995,51.75999999999988,MUMSO,3.738888888888889,105.53694444444444,50.73888888888888,68.47222222222223
581,190321set1_1_QR71.csv_1_KL70.csv,190321set1_1_QR71.csv,14:50:40,4.57203,106.403,2.5038,33.62,106.548,0,14:49:15,4.19994,105.012,2.35462,107.115,17,170,131,37.29,59.38487032660223,57.50802020256653,1,1,14.46,13.02,4,83.22,7.67,58,230,14.85,OMLIV,46.16,closer,14:56:50,106.291,3.85119,106.472,2.90804,106.472,2.90804,14:59:30,106.091,3.59736,15:05:35,106.466,2.92566,8.04,89.30075,37.595,79.99849999999999,33.865500000000004,71.27974999999999,64.934,68.06000000000012,70.96000000000004,40.24000000000001,82.2999999999999,65.81999999999994,61.81999999999988,OMLIV,2.919722222222222,106.46972222222225,69.3944444444449,47.99305555555555
582,190321set1_1_TR81.csv_1_SQ80.csv,190321set1_1_TR81.csv,14:57:40,4.57203,106.403,2.5038,41.58,106.548,0,14:56:50,4.19994,105.012,2.35462,107.115,10,170,131,37.29,54.93090860296666,48.64905230261717,1,1,19.21,10.49,2,51.96,6.83,51,230,17.65,OMLIV,39.06,closer,15:05:00,106.318,3.70603,106.48,2.86658,106.48,2.86658,15:08:05,106.077,3.4183,15:13:15,106.471,2.90002,7.26,89.30075,37.595,79.99849999999999,33.865500000000004,67.65075,60.4575,68.06000000000012,70.96000000000004,40.24000000000001,82.2999999999999,66.35999999999996,61.53999999999997,OMLIV,2.919722222222222,106.46972222222225,69.3944444444449,47.99305555555555
583,190321set1_1_PR91.csv_1_3K90.csv,190321set1_1_PR91.csv,15:03:50,3.72198,107.306,3.40823,23.75,103.908,38,15:07:00,4.57203,106.403,2.56642,104.092,0,267,231,36.2,44.125526978585,49.864946189135466,1,1,36.23,24.41,2,53.95,6.25,47,300,8.99,MABAL,34.89,farther,15:14:10,106.029,3.51914,105.248,3.47583,105.248,3.47583,15:16:30,105.768,3.65202,15:21:05,105.214,3.47541,9.22,68.0495,60.20575,89.30075,39.1605,62.9785,66.3005,86.11999999999995,18.160000000000025,68.06000000000012,21.83999999999997,60.57999999999993,55.360000000000014,MABAL,3.473888888888889,105.20972222222224,44.1944444444448,61.84722222222222
584,190321set1_1_TR101.csv_1_TR100.csv,190321set1_1_TR101.csv,15:10:10,3.72198,107.306,3.40823,19.24,103.908,46,15:14:00,4.57203,106.403,2.56642,104.092,0,267,231,36.2,51.7181858232602,52.38824534411828,1,1,37.19,23.94,2,50.9,6.83,51,300,12.77,VISAT,72.29,farther,15:20:10,106.072,3.52129,105.217,3.47424,105.217,3.47424,15:23:25,105.709,3.71218,15:32:55,104.535,3.44112,7.49,68.0495,60.20575,89.30075,39.1605,63.03225,67.8045,86.11999999999995,18.160000000000025,68.06000000000012,21.83999999999997,61.440000000000055,54.180000000000064,MABAL,3.473888888888889,105.20972222222224,44.1944444444448,61.84722222222222
585,190321set1_1_QR111.csv_1_TR110.csv,190321set1_1_QR111.csv,15:18:40,4.57203,106.403,2.5038,33.76,106.548,0,15:17:25,4.19994,105.012,2.35462,107.115,15,170,131,37.29,60.65731902582539,57.50802020256653,1,1,14.46,12.39,4,78.04,7.75,58,230,15.45,OMLIV,46.19,closer,15:24:50,106.291,3.85119,106.474,2.89767,106.474,2.89767,15:27:35,106.082,3.59058,15:33:40,106.466,2.9234,7.32,89.30075,37.595,79.99849999999999,33.865500000000004,71.27974999999999,64.7645,68.06000000000012,70.96000000000004,40.24000000000001,82.2999999999999,65.81999999999994,61.63999999999987,OMLIV,2.919722222222222,106.46972222222225,69.3944444444449,47.99305555555555
586,190321set1_1_3K121.csv_1_QR120.csv,190321set1_1_3K121.csv,15:25:00,3.72198,107.306,3.40823,21.79,103.908,36,15:28:00,4.57203,106.403,2.56642,104.092,0,267,231,36.2,51.7181858232602,58.756401488355245,1,1,32.74,24.73,4,79.14,7.25,54,300,12.08,VISAT,79.26,farther,15:34:10,106.177,3.52666,105.269,3.4769,105.269,3.4769,15:37:15,105.833,3.707,15:47:40,104.539,3.44161,12.91,68.0495,60.20575,89.30075,39.1605,63.166500000000006,67.675,86.11999999999995,18.160000000000025,68.06000000000012,21.83999999999997,63.54000000000013,56.65999999999997,MABAL,3.473888888888889,105.20972222222224,44.1944444444448,61.84722222222222
587,190321set1_1_KL131.csv_1_TR130.csv,190321set1_1_KL131.csv,15:31:25,4.57203,106.403,2.5038,16.18,106.548,25,15:33:30,3.72198,107.306,1.6022,103.998,0,170,249,79.82,36.53915397484312,38.59316999700385,-1,-1,9.97,30.66,2,38.48,4.92,37,150,8.2,OMLIV,41.13,farther,15:36:35,106.276,3.97701,106.384,3.3745,106.384,3.3745,15:39:50,106.478,3.61918,15:45:15,106.47,2.93379,6.99,89.30075,37.595,68.0495,15.055,74.42525,65.4795,68.06000000000012,70.96000000000004,86.11999999999995,19.960000000000093,65.51999999999992,69.55999999999989,ONAPO,3.353888888888889,106.3877777777778,67.75555555555599,58.84722222222223
588,190321set1_1_QR141.csv_1_TR140.csv,190321set1_1_QR141.csv,15:39:00,4.57203,106.403,2.56642,2.89,104.092,38,15:42:10,4.19994,105.012,2.35462,107.115,0,231,131,99.94,28.008021462766106,34.67182629050396,1,1,3.56,13.25,4,69.95,4.08,31,250,6.48,KILOT,80.48,farther,15:44:05,105.975,4.10066,105.584,3.77727,105.584,3.77727,15:46:40,105.669,3.98539,15:57:15,104.697,3.06112,9.46,89.30075,39.1605,79.99849999999999,33.865500000000004,77.51650000000001,74.63475000000001,68.06000000000012,21.83999999999997,40.24000000000001,82.2999999999999,59.499999999999886,53.37999999999994,MUMSO,3.738888888888889,105.53694444444444,50.73888888888888,68.47222222222223
589,190321set1_1_GA151.csv_1_KL150.csv,190321set1_1_GA151.csv,15:45:30,4.57203,106.403,2.5038,21.73,106.548,24,15:47:30,3.72198,107.306,1.6022,103.998,0,170,249,79.82,42.8603392060212,45.55118882862832,-1,-1,6.21,30.66,3,62.08,5.83,44,160,6.51,OMLIV,34.15,farther,15:49:45,106.255,4.09122,106.384,3.3745,106.384,3.3745,15:54:45,106.472,3.4965,15:59:15,106.47,2.92728,6.56,89.30075,37.595,68.0495,15.055,77.28049999999999,62.4125,68.06000000000012,70.96000000000004,86.11999999999995,19.960000000000093,65.09999999999991,69.43999999999988,ONAPO,3.353888888888889,106.3877777777778,67.75555555555599,58.84722222222223
590,190321set1_1_TR161.csv_1_SQ160.csv,190321set1_1_TR161.csv,15:52:15,4.57203,106.403,2.56642,5.3,104.092,47,15:56:10,4.19994,105.012,2.35462,107.115,0,231,131,99.94,27.37139910632005,28.375481934699216,1,1,4.9,14.42,4,74.63,3.67,28,250,7.09,KILOT,72.83,farther,15:58:10,105.893,4.03394,105.543,3.74394,105.543,3.74394,16:01:00,105.557,3.90784,16:10:35,104.692,3.05632,6.62,89.30075,39.1605,79.99849999999999,33.865500000000004,75.8485,72.696,68.06000000000012,21.83999999999997,40.24000000000001,82.2999999999999,57.860000000000014,51.14000000000004,MUMSO,3.738888888888889,105.53694444444444,50.73888888888888,68.47222222222223
591,190321set1_1_PR171.csv_1_TR170.csv,190321set1_1_PR171.csv,15:59:05,4.57203,106.403,2.56642,5.06,104.092,49,16:03:10,4.19994,105.012,2.35462,107.115,0,231,131,99.94,29.236159797341045,29.00038458788348,1,1,4.76,14.65,3,54.78,3.83,29,250,7.1,KILOT,73.5,closer,16:04:55,105.901,4.04061,105.535,3.73728,105.535,3.73728,16:07:45,105.565,3.91452,16:17:25,104.691,3.05624,5.72,89.30075,39.1605,79.99849999999999,33.865500000000004,76.01525,72.863,68.06000000000012,21.83999999999997,40.24000000000001,82.2999999999999,58.019999999999925,51.29999999999996,MUMSO,3.738888888888889,105.53694444444444,50.73888888888888,68.47222222222223
592,190321set1_1_TR181.csv_1_SQ180.csv,190321set1_1_TR181.csv,16:07:00,4.57203,106.403,2.5038,22.74,106.548,18,16:08:30,3.72198,107.306,1.6022,103.998,0,170,249,79.82,44.10238668062748,50.61983339032907,-1,-1,3.48,29.57,4,74.77,6.25,47,160,7.93,OMLIV,31.0,farther,16:10:35,106.24,4.17413,106.378,3.40562,106.378,3.40562,16:16:45,106.506,3.44028,16:20:50,106.47,2.92485,10.12,89.30075,37.595,68.0495,15.055,79.35325,61.007,68.06000000000012,70.96000000000004,86.11999999999995,19.960000000000093,64.7999999999999,70.12,ONAPO,3.353888888888889,106.3877777777778,67.75555555555599,58.84722222222223
593,190321set1_1_3K191.csv_1_PR190.csv,190321set1_1_3K191.csv,16:14:40,4.57203,106.403,2.5038,44.17,106.548,0,16:13:35,4.19994,105.012,2.35462,107.115,13,170,131,37.29,51.74900309230905,47.38173494245081,1,1,19.89,11.75,2,55.13,6.5,49,230,19.25,OMLIV,38.29,closer,16:22:10,106.322,3.6853,106.476,2.88731,106.476,2.88731,16:25:30,106.057,3.37722,16:30:35,106.472,2.89249,11.3,89.30075,37.595,79.99849999999999,33.865500000000004,67.1325,59.4305,68.06000000000012,70.96000000000004,40.24000000000001,82.2999999999999,66.44000000000005,61.14000000000004,OMLIV,2.919722222222222,106.46972222222225,69.3944444444449,47.99305555555555
594,190321set1_1_PR201.csv_1_3K200.csv,190321set1_1_PR201.csv,16:20:55,4.57203,106.403,2.5038,19.04,106.548,19,16:22:30,3.72198,107.306,1.6022,103.998,0,170,249,79.82,43.50917344776367,49.35252295238818,-1,-1,4.19,29.57,3,62.79,6.08,46,160,6.25,OMLIV,38.6,farther,16:24:40,106.243,4.15339,106.378,3.40562,106.378,3.40562,16:29:30,106.452,3.57814,16:34:35,106.469,2.93498,8.38,89.30075,37.595,68.0495,15.055,78.83475,64.45349999999999,68.06000000000012,70.96000000000004,86.11999999999995,19.960000000000093,64.8599999999999,69.03999999999996,ONAPO,3.353888888888889,106.3877777777778,67.75555555555599,58.84722222222223
595,190321set1_1_SQ211.csv_1_GA210.csv,190321set1_1_SQ211.csv,16:28:40,4.57203,106.403,2.5038,39.65,106.548,0,16:27:35,4.19994,105.012,2.35462,107.115,13,170,131,37.29,53.02224012702047,48.64905230261717,1,1,19.21,11.75,2,55.24,6.67,50,230,15.94,OMLIV,37.89,closer,16:36:00,106.318,3.70603,106.476,2.88731,106.476,2.88731,16:38:50,106.102,3.43864,16:43:50,106.466,2.92262,7.32,89.30075,37.595,79.99849999999999,33.865500000000004,67.65075,60.966,68.06000000000012,70.96000000000004,40.24000000000001,82.2999999999999,66.35999999999996,62.04000000000008,OMLIV,2.919722222222222,106.46972222222225,69.3944444444449,47.99305555555555
596,190321set1_1_PR221.csv_1_KL220.csv,190321set1_1_PR221.csv,16:34:05,4.57203,106.403,2.56642,5.7,104.092,49,16:38:10,4.19994,105.012,2.35462,107.115,0,231,131,99.94,27.37139910632005,27.07876063004271,1,1,5.18,14.65,3,64.42,3.58,27,250,6.7,KILOT,72.85,closer,16:40:10,105.877,4.02059,105.535,3.73728,105.535,3.73728,16:42:50,105.56,3.90171,16:52:25,104.69,3.05488,5.39,89.30075,39.1605,79.99849999999999,33.865500000000004,75.51475,72.54275,68.06000000000012,21.83999999999997,40.24000000000001,82.2999999999999,57.53999999999991,51.200000000000045,MUMSO,3.738888888888889,105.53694444444444,50.73888888888888,68.47222222222223
597,190321set1_1_QR231.csv_1_3K230.csv,190321set1_1_QR231.csv,16:42:00,4.57203,106.403,2.5038,19.44,106.548,18,16:43:30,3.72198,107.306,1.6022,103.998,0,170,249,79.82,43.50917344776367,49.986178032285466,-1,-1,3.86,29.57,2,55.81,6.17,46,160,6.63,OMLIV,37.95,farther,16:45:40,106.241,4.16374,106.378,3.40562,106.378,3.40562,16:50:45,106.462,3.55912,16:55:45,106.47,2.92659,9.38,89.30075,37.595,68.0495,15.055,79.09349999999999,63.978,68.06000000000012,70.96000000000004,86.11999999999995,19.960000000000093,64.82,69.24000000000007,ONAPO,3.353888888888889,106.3877777777778,67.75555555555599,58.84722222222223
598,190321set1_1_3K240.csv_1_PR241.csv,190321set1_1_3K240.csv,16:48:30,3.72198,107.306,1.6022,20.16,103.998,79,16:55:05,2.52356,106.535,3.18297,104.142,0,249,286,36.36,50.73024628550788,53.22327946717467,-1,-1,35.77,19.37,2,47.2,6.83,51,220,11.99,WP071,63.99,farther,16:59:30,106.011,3.20542,105.21,2.90255,105.21,2.90255,17:02:55,105.723,2.88508,17:11:20,104.674,2.69248,8.46,68.0495,15.055,38.089,54.57425,55.13550000000001,47.127,86.11999999999995,19.960000000000093,70.69999999999993,22.83999999999992,60.21999999999992,54.45999999999998,LIPRO,2.895,105.19083333333332,43.81666666666632,47.375
599,190321set1_1_GA250.csv_1_KL251.csv,190321set1_1_GA250.csv,16:55:55,3.72198,107.306,1.6022,23.08,103.998,74,17:02:05,2.52356,106.535,3.18297,104.142,0,249,286,36.36,55.14423329125991,60.864384011902565,-1,-1,37.1,20.46,4,67.6,7.58,57,220,10.78,WP071,73.5,farther,17:05:55,106.129,3.25078,105.24,2.9139,105.24,2.9139,17:09:00,105.869,2.96276,17:18:40,104.674,2.69311,10.38,68.0495,15.055,38.089,54.57425,56.2695,49.069,86.11999999999995,19.960000000000093,70.69999999999993,22.83999999999992,62.5800000000001,57.38,LIPRO,2.895,105.19083333333332,43.81666666666632,47.375
600,190321set1_1_TR261.csv_1_SQ260.csv,190321set1_1_TR261.csv,17:02:50,4.57203,106.403,2.56642,4.03,104.092,40,17:06:10,4.19994,105.012,2.35462,107.115,0,231,131,99.94,26.09815476302569,31.500392352089023,1,1,4.23,13.49,4,80.38,3.75,28,250,6.26,KILOT,77.92,farther,17:08:20,105.934,4.0673,105.576,3.7706,105.576,3.7706,17:10:50,105.638,3.95564,17:21:05,104.697,3.06061,8.57,89.30075,39.1605,79.99849999999999,33.865500000000004,76.6825,73.89099999999999,68.06000000000012,21.83999999999997,40.24000000000001,82.2999999999999,58.67999999999995,52.760000000000105,MUMSO,3.738888888888889,105.53694444444444,50.73888888888888,68.47222222222223
601,190321set1_1_GA271.csv_1_TR270.csv,190321set1_1_GA271.csv,17:09:45,3.72198,107.306,3.40823,21.85,103.908,39,17:13:00,4.57203,106.403,2.56642,104.092,0,267,231,36.2,42.8287797372186,47.94251769366963,1,1,35.64,24.41,4,65.03,6.0,45,300,10.02,VISAT,71.0,farther,17:20:20,105.998,3.51753,105.248,3.47583,105.248,3.47583,17:22:55,105.708,3.66623,17:32:15,104.546,3.44287,10.08,68.0495,60.20575,89.30075,39.1605,62.93825,66.65575,86.11999999999995,18.160000000000025,68.06000000000012,21.83999999999997,59.96000000000009,54.15999999999997,MABAL,3.473888888888889,105.20972222222224,44.1944444444448,61.84722222222222
602,190321set1_1_GA281.csv_1_TR280.csv,190321set1_1_GA281.csv,17:16:20,4.57203,106.403,2.56642,4.82,104.092,46,17:20:10,4.19994,105.012,2.35462,107.115,0,231,131,99.94,28.008021462766106,29.62528915544652,1,1,4.65,14.18,4,60.39,3.75,28,250,7.12,KILOT,74.08,farther,17:22:05,105.91,4.04728,105.551,3.75061,105.551,3.75061,17:24:55,105.573,3.92119,17:34:40,104.692,3.0562,6.96,89.30075,39.1605,79.99849999999999,33.865500000000004,76.18199999999999,73.02975,68.06000000000012,21.83999999999997,40.24000000000001,82.2999999999999,58.19999999999993,51.459999999999866,MUMSO,3.738888888888889,105.53694444444444,50.73888888888888,68.47222222222223
603,170321set2_1_QR00.csv_1_PR01.csv,170321set2_1_QR00.csv,14:00:50,3.72198,107.306,1.6022,18.58,103.998,75,14:07:05,2.52356,106.535,3.18297,104.142,0,249,286,36.36,53.89953355652952,58.940101702865455,-1,-1,36.76,20.1,1,55.42,7.42,56,190,16.2,WP071,79.24,farther,14:11:05,106.1,3.23944,105.23,2.91012,105.23,2.91012,14:14:00,105.976,2.90701,14:24:25,104.673,2.69211,16.63,68.0495,15.055,38.089,54.57425,55.986,47.675250000000005,86.11999999999995,19.960000000000093,70.69999999999993,22.83999999999992,61.999999999999886,59.51999999999998,LIPRO,2.895,105.19083333333332,43.81666666666632,47.375
604,170321set2_1_3K11.csv_1_3K10.csv,170321set2_1_3K11.csv,14:07:20,4.57262,106.403,2.5041,24.38,106.548,26,14:09:30,3.72198,107.306,1.6022,103.998,0,170,249,79.82,39.6678722224482,41.14835131212938,-1,-1,8.57,31.01,2,67.52,5.33,40,160,6.45,OMLIV,29.74,farther,14:12:10,106.269,4.01864,106.386,3.36445,106.386,3.36445,14:17:10,106.484,3.42356,14:21:05,106.47,2.92811,5.54,89.31549999999999,37.602500000000006,68.0495,15.055,75.46600000000001,60.589000000000006,68.06000000000012,70.96000000000004,86.11999999999995,19.960000000000093,65.38000000000011,69.6799999999999,ONAPO,3.353888888888889,106.3877777777778,67.75555555555599,58.84722222222223
605,170321set2_1_PR20.csv_1_3K21.csv,170321set2_1_PR20.csv,14:18:00,4.57262,106.403,2.56699,25.3,104.093,0,14:14:10,3.72198,107.306,3.40823,103.908,46,231,267,36.2,43.522795937255225,42.94105272375406,-1,-1,8.76,23.88,3,75.25,5.67,43,190,12.11,KILOT,68.46,closer,14:25:20,105.762,3.91217,105.207,3.472,105.207,3.472,14:27:55,105.684,3.59836,14:36:55,104.686,3.04526,6.78,89.31549999999999,39.17475,68.0495,60.20575,72.80425000000001,64.959,68.06000000000012,21.86000000000007,86.11999999999995,18.160000000000025,55.24000000000001,53.67999999999995,MABAL,3.473888888888889,105.20972222222224,44.1944444444448,61.84722222222222
606,170321set2_1_TR30.csv_1_TR31.csv,170321set2_1_TR30.csv,14:21:15,3.72198,107.306,1.6022,21.0,103.998,82,14:28:05,2.52356,106.535,3.18297,104.142,0,249,286,36.36,57.06883543366395,57.65746250707348,-1,-1,36.55,18.66,3,68.8,7.58,57,210,12.83,WP071,73.44,farther,14:31:40,106.08,3.23191,105.191,2.89499,105.191,2.89499,14:34:35,105.876,2.92876,14:44:15,104.675,2.69275,7.7,68.0495,15.055,38.089,54.57425,55.79775,48.219,86.11999999999995,19.960000000000093,70.69999999999993,22.83999999999992,61.599999999999966,57.520000000000095,LIPRO,2.895,105.19083333333332,43.81666666666632,47.375
607,170321set2_1_KL40.csv_1_QR41.csv,170321set2_1_KL40.csv,14:32:00,4.57262,106.403,2.56699,32.25,104.093,0,14:28:40,3.72198,107.306,3.40823,103.908,40,231,267,36.2,56.85994858549379,52.44286829929652,-1,-1,5.85,24.59,4,89.25,7.17,54,200,17.53,KILOT,65.24,closer,14:38:05,105.885,4.01225,105.183,3.45203,105.183,3.45203,14:42:40,105.674,3.4737,14:51:15,104.677,3.03962,4.94,89.31549999999999,39.17475,68.0495,60.20575,75.30624999999999,61.8425,68.06000000000012,21.86000000000007,86.11999999999995,18.160000000000025,57.7000000000001,53.48000000000013,MABAL,3.473888888888889,105.20972222222224,44.1944444444448,61.84722222222222
608,170321set2_1_QR51.csv_1_QR50.csv,170321set2_1_QR51.csv,14:35:45,4.57262,106.403,2.56699,3.84,104.093,41,14:39:10,4.19994,105.012,2.35462,107.115,0,231,131,99.94,27.3833374795089,32.194792188914754,1,1,4.09,13.7,4,62.74,3.92,29,250,6.73,KILOT,77.28,farther,14:41:10,105.942,4.07397,105.568,3.76442,105.568,3.76442,14:43:50,105.626,3.95509,14:54:00,104.698,3.06195,8.52,89.31549999999999,39.17475,79.99849999999999,33.865500000000004,76.84925,73.87725,68.06000000000012,21.86000000000007,40.24000000000001,82.2999999999999,58.83999999999986,52.520000000000095,MUMSO,3.738888888888889,105.53694444444444,50.73888888888888,68.47222222222223
609,170321set2_1_KL61.csv_1_QR60.csv,170321set2_1_KL61.csv,14:42:05,4.57262,106.403,2.5041,25.46,106.548,29,14:44:30,3.72198,107.306,1.6022,103.998,0,170,249,79.82,41.61453577752143,41.14835131212938,-1,-1,8.57,31.38,5,80.26,5.42,41,160,6.88,OMLIV,27.83,closer,14:46:55,106.269,4.01864,106.388,3.35408,106.388,3.35408,14:52:15,106.499,3.38391,14:55:55,106.471,2.92086,4.16,89.31549999999999,37.602500000000006,68.0495,15.055,75.46600000000001,59.597750000000005,68.06000000000012,70.96000000000004,86.11999999999995,19.960000000000093,65.38000000000011,69.9799999999999,ONAPO,3.353888888888889,106.3877777777778,67.75555555555599,58.84722222222223
610,170321set2_1_GA70.csv_1_TR71.csv,170321set2_1_GA70.csv,14:53:00,4.57262,106.403,2.56699,25.68,104.093,0,14:49:40,3.72198,107.306,3.40823,103.908,40,231,267,36.2,60.04401149666885,55.61014066039101,-1,-1,5.15,24.59,1,61.35,7.58,57,190,15.79,KILOT,77.31,closer,14:58:40,105.925,4.04561,105.183,3.45203,105.183,3.45203,15:02:00,105.831,3.63832,15:12:10,104.687,3.04534,5.32,89.31549999999999,39.17475,68.0495,60.20575,76.14025,65.958,68.06000000000012,21.86000000000007,86.11999999999995,18.160000000000025,58.49999999999994,56.62000000000006,MABAL,3.473888888888889,105.20972222222224,44.1944444444448,61.84722222222222
611,170321set2_1_SQ81.csv_1_TR80.csv,170321set2_1_SQ81.csv,14:56:15,4.57262,106.403,2.56699,5.43,104.093,47,15:00:10,4.19994,105.012,2.35462,107.115,0,231,131,99.94,26.74671524156946,27.77963047437328,1,1,5.04,14.4,3,45.37,3.58,27,250,6.29,KILOT,74.13,farther,15:02:15,105.885,4.02726,105.544,3.7445,105.544,3.7445,15:04:45,105.589,3.9156,15:14:30,104.697,3.06074,5.78,89.31549999999999,39.17475,79.99849999999999,33.865500000000004,75.6815,72.89,68.06000000000012,21.86000000000007,40.24000000000001,82.2999999999999,57.7000000000001,51.77999999999997,MUMSO,3.738888888888889,105.53694444444444,50.73888888888888,68.47222222222223
612,170321set2_1_3K91.csv_1_PR90.csv,170321set2_1_3K91.csv,15:03:45,3.72198,107.306,3.40823,20.14,103.908,39,15:07:00,4.57262,106.403,2.56699,104.093,0,267,231,36.2,43.56517763396879,48.62928735211578,1,1,35.82,24.41,3,56.52,6.08,46,300,11.4,VISAT,70.34,farther,15:14:15,106.008,3.51807,105.248,3.47583,105.248,3.47583,15:17:10,105.682,3.68786,15:26:25,104.536,3.44107,11.01,68.0495,60.20575,89.31549999999999,39.17475,62.95175,67.1965,86.11999999999995,18.160000000000025,68.06000000000012,21.86000000000007,60.15999999999991,53.64000000000004,MABAL,3.473888888888889,105.20972222222224,44.1944444444448,61.84722222222222
613,170321set2_1_GA101.csv_1_QR100.csv,170321set2_1_GA101.csv,15:10:25,3.72198,107.306,3.40823,19.21,103.908,43,15:14:00,4.57262,106.403,2.56699,104.093,0,267,231,36.2,46.108324279193575,48.62928735211578,1,1,35.82,24.09,3,53.06,6.25,47,300,12.08,VISAT,69.11,farther,15:20:55,106.008,3.51807,105.227,3.47477,105.227,3.47477,15:24:00,105.664,3.69841,15:33:05,104.541,3.4424,9.04,68.0495,60.20575,89.31549999999999,39.17475,62.95175,67.46025,86.11999999999995,18.160000000000025,68.06000000000012,21.86000000000007,60.15999999999991,53.28000000000003,MABAL,3.473888888888889,105.20972222222224,44.1944444444448,61.84722222222222
614,170321set2_1_GA110.csv_1_QR111.csv,170321set2_1_GA110.csv,15:17:30,3.72198,107.306,1.6022,17.14,103.998,79,15:24:05,2.52356,106.535,3.18297,104.142,0,249,286,36.36,48.1788695660233,50.71337787104598,-1,-1,35.32,19.37,3,57.96,6.5,49,190,16.2,WP071,71.63,farther,15:28:50,105.972,3.1903,105.21,2.90255,105.21,2.90255,15:31:45,105.848,2.85787,15:41:10,104.666,2.69074,14.65,68.0495,15.055,38.089,54.57425,54.7575,46.44675,86.11999999999995,19.960000000000093,70.69999999999993,22.83999999999992,59.43999999999989,56.95999999999998,LIPRO,2.895,105.19083333333332,43.81666666666632,47.375
615,170321set2_1_TR121.csv_1_PR120.csv,170321set2_1_TR121.csv,15:24:30,4.57262,106.403,2.5041,20.33,106.548,24,15:26:30,3.72198,107.306,1.6022,103.998,0,170,249,79.82,44.74742913177288,47.47330012432315,-1,-1,5.2,30.65,4,78.23,6.08,46,160,6.44,OMLIV,36.69,farther,15:28:30,106.249,4.12232,106.384,3.37483,106.384,3.37483,15:33:25,106.463,3.53752,15:38:15,106.47,2.92609,6.22,89.31549999999999,37.602500000000006,68.0495,15.055,78.058,63.438,68.06000000000012,70.96000000000004,86.11999999999995,19.960000000000093,64.9799999999999,69.25999999999988,ONAPO,3.353888888888889,106.3877777777778,67.75555555555599,58.84722222222223
616,170321set2_1_3K131.csv_1_QR130.csv,170321set2_1_3K131.csv,15:31:45,4.57262,106.403,2.5041,20.4,106.548,21,15:33:30,3.72198,107.306,1.6022,103.998,0,170,249,79.82,40.96571698313829,45.57233970754738,-1,-1,6.21,29.92,4,75.87,5.67,43,160,5.95,OMLIV,36.7,farther,15:36:00,106.255,4.09122,106.38,3.39558,106.38,3.39558,15:40:35,106.453,3.5457,15:45:25,106.469,2.93417,7.31,89.31549999999999,37.602500000000006,68.0495,15.055,77.28049999999999,63.6425,68.06000000000012,70.96000000000004,86.11999999999995,19.960000000000093,65.09999999999991,69.06000000000006,ONAPO,3.353888888888889,106.3877777777778,67.75555555555599,58.84722222222223
617,170321set2_1_PR141.csv_1_SQ140.csv,170321set2_1_PR141.csv,15:38:20,4.57262,106.403,2.56699,5.03,104.093,46,15:42:10,4.19994,105.012,2.35462,107.115,0,231,131,99.94,27.3833374795089,29.02789607061693,1,1,4.76,14.17,3,65.2,3.67,28,250,6.92,KILOT,74.11,farther,15:44:10,105.901,4.04061,105.552,3.75113,105.552,3.75113,15:46:55,105.575,3.91812,15:56:40,104.691,3.05553,6.79,89.31549999999999,39.17475,79.99849999999999,33.865500000000004,76.01525,72.953,68.06000000000012,21.86000000000007,40.24000000000001,82.2999999999999,58.019999999999925,51.50000000000006,MUMSO,3.738888888888889,105.53694444444444,50.73888888888888,68.47222222222223
618,170321set2_1_3K151.csv_1_KL150.csv,170321set2_1_3K151.csv,15:45:15,4.57262,106.403,2.5041,23.74,106.548,27,15:47:30,3.72198,107.306,1.6022,103.998,0,170,249,79.82,44.09858412905202,44.93868695258133,-1,-1,6.55,31.01,3,62.66,5.83,44,160,7.19,OMLIV,29.71,farther,15:49:35,106.257,4.08085,106.386,3.36445,106.386,3.36445,15:55:05,106.496,3.42666,15:59:00,106.47,2.93212,5.48,89.31549999999999,37.602500000000006,68.0495,15.055,77.02125,60.6665,68.06000000000012,70.96000000000004,86.11999999999995,19.960000000000093,65.1400000000001,69.9199999999999,ONAPO,3.353888888888889,106.3877777777778,67.75555555555599,58.84722222222223
619,170321set2_1_TR161.csv_1_PR160.csv,170321set2_1_TR161.csv,15:52:55,4.57262,106.403,2.5041,19.67,106.548,19,15:54:30,3.72198,107.306,1.6022,103.998,0,170,249,79.82,40.96571698313829,46.83964630797359,-1,-1,5.54,29.55,4,73.83,5.75,43,160,5.95,OMLIV,37.97,farther,15:57:00,106.251,4.11195,106.378,3.40595,106.378,3.40595,16:01:35,106.449,3.56644,16:06:35,106.469,2.93392,8.24,89.31549999999999,37.602500000000006,68.0495,15.055,77.79875000000001,64.161,68.06000000000012,70.96000000000004,86.11999999999995,19.960000000000093,65.0200000000001,68.97999999999996,ONAPO,3.353888888888889,106.3877777777778,67.75555555555599,58.84722222222223
620,170321set2_1_QR170.csv_1_3K171.csv,170321set2_1_QR170.csv,15:59:40,3.72198,107.306,1.6022,21.66,103.998,77,16:06:05,2.52356,106.535,3.18297,104.142,0,249,286,36.36,51.97494347411856,55.78898828137927,-1,-1,36.21,19.74,2,46.65,7.08,53,200,12.52,WP071,75.4,farther,16:10:20,106.051,3.22055,105.22,2.90634,105.22,2.90634,16:12:50,105.907,2.946,16:22:45,104.676,2.69323,11.41,68.0495,15.055,38.089,54.57425,55.51375,48.650000000000006,86.11999999999995,19.960000000000093,70.69999999999993,22.83999999999992,61.02000000000004,58.13999999999993,LIPRO,2.895,105.19083333333332,43.81666666666632,47.375
621,170321set2_1_PR181.csv_1_TR180.csv,170321set2_1_PR181.csv,16:06:45,3.72198,107.306,3.40823,17.51,103.908,39,16:10:00,4.57262,106.403,2.56699,104.093,0,267,231,36.2,44.18930410783001,49.23015800538003,1,1,36.03,24.41,3,55.1,6.17,46,300,13.46,VISAT,68.45,farther,16:17:10,106.019,3.51861,105.248,3.47583,105.248,3.47583,16:20:35,105.638,3.72004,16:29:35,104.532,3.44041,12.49,68.0495,60.20575,89.31549999999999,39.17475,62.96525,68.001,86.11999999999995,18.160000000000025,68.06000000000012,21.86000000000007,60.38000000000011,52.760000000000105,MABAL,3.473888888888889,105.20972222222224,44.1944444444448,61.84722222222222
622,170321set2_1_QR191.csv_1_KL190.csv,170321set2_1_QR191.csv,16:14:40,4.57262,106.403,2.5041,25.06,106.548,0,16:13:15,4.19994,105.012,2.35462,107.115,17,170,131,37.29,66.3445575344719,64.49306690294725,1,1,10.71,13.04,4,76.35,8.58,64,240,17.68,OMLIV,55.02,closer,16:19:55,106.27,3.96525,106.472,2.90835,106.472,2.90835,16:22:50,106.02,3.72168,16:30:05,106.467,2.921,11.51,89.31549999999999,37.602500000000006,79.99849999999999,33.865500000000004,74.13125000000001,68.042,68.06000000000012,70.96000000000004,40.24000000000001,82.2999999999999,65.39999999999992,60.39999999999992,OMLIV,2.919722222222222,106.46972222222225,69.3944444444449,47.99305555555555
623,170321set2_1_GA201.csv_1_KL200.csv,170321set2_1_GA201.csv,16:20:35,4.57262,106.403,2.56699,4.05,104.093,43,16:24:10,4.19994,105.012,2.35462,107.115,0,231,131,99.94,28.019959837582725,31.57103622538685,1,1,4.23,13.93,4,67.96,3.92,29,250,6.51,MABAL,37.37,farther,16:26:05,105.934,4.0673,105.56,3.75777,105.56,3.75777,16:28:40,105.628,3.95203,16:33:35,105.218,3.48319,7.02,89.31549999999999,39.17475,79.99849999999999,33.865500000000004,76.6825,73.80075000000001,68.06000000000012,21.86000000000007,40.24000000000001,82.2999999999999,58.67999999999995,52.56,MUMSO,3.738888888888889,105.53694444444444,50.73888888888888,68.47222222222223
624,170321set2_1_GA211.csv_1_3K210.csv,170321set2_1_GA211.csv,16:28:40,4.57262,106.403,2.5041,26.61,106.548,0,16:27:30,4.19994,105.012,2.35462,107.115,14,170,131,37.29,66.98078145783587,63.225753755803545,1,1,11.38,11.77,2,56.82,8.58,64,240,12.9,OMLIV,53.18,closer,16:34:05,106.274,3.94451,106.476,2.88762,106.476,2.88762,16:36:25,106.099,3.73272,16:43:25,106.467,2.92632,4.91,89.31549999999999,37.602500000000006,79.99849999999999,33.865500000000004,73.61275,68.318,68.06000000000012,70.96000000000004,40.24000000000001,82.2999999999999,65.48000000000002,61.98000000000008,OMLIV,2.919722222222222,106.46972222222225,69.3944444444449,47.99305555555555
625,170321set2_1_KL220.csv_1_PR221.csv,170321set2_1_KL220.csv,16:34:15,3.72198,107.306,1.6022,18.66,103.998,82,16:41:05,2.52356,106.535,3.18297,104.142,0,249,286,36.36,51.97494347411856,52.58185270971545,-1,-1,35.66,18.66,1,58.34,6.92,52,190,15.1,WP071,73.51,farther,16:45:20,106.001,3.20164,105.191,2.89499,105.191,2.89499,16:48:05,105.881,2.88999,16:57:45,104.672,2.69189,11.64,68.0495,15.055,38.089,54.57425,55.041,47.24975,86.11999999999995,19.960000000000093,70.69999999999993,22.83999999999992,60.020000000000095,57.620000000000005,LIPRO,2.895,105.19083333333332,43.81666666666632,47.375
626,170321set2_1_PR231.csv_1_KL230.csv,170321set2_1_PR231.csv,16:41:55,3.72198,107.306,3.40823,21.26,103.908,37,16:45:00,4.57262,106.403,2.56699,104.093,0,267,231,36.2,44.81343208000665,51.15258649048226,1,1,36.71,24.73,2,63.49,6.25,47,300,11.05,VISAT,72.92,farther,16:52:05,106.051,3.52022,105.269,3.4769,105.269,3.4769,16:54:55,105.734,3.68473,17:04:30,104.543,3.44243,11.9,68.0495,60.20575,89.31549999999999,39.17475,63.005500000000005,67.11825,86.11999999999995,18.160000000000025,68.06000000000012,21.86000000000007,61.02000000000004,54.67999999999989,MABAL,3.473888888888889,105.20972222222224,44.1944444444448,61.84722222222222
627,170321set2_1_SQ241.csv_1_KL240.csv,170321set2_1_SQ241.csv,16:49:40,4.57262,106.403,2.5041,30.87,106.548,0,16:49:00,4.19994,105.012,2.35462,107.115,8,170,131,37.29,69.5260742779602,61.95844139543021,1,1,12.06,9.87,4,78.1,8.67,65,230,20.39,OMLIV,50.51,closer,16:55:15,106.278,3.92378,106.482,2.85653,106.482,2.85653,16:58:45,105.996,3.60214,17:05:25,106.47,2.90642,7.59,89.31549999999999,37.602500000000006,79.99849999999999,33.865500000000004,73.0945,65.0535,68.06000000000012,70.96000000000004,40.24000000000001,82.2999999999999,65.56000000000012,59.9199999999999,OMLIV,2.919722222222222,106.46972222222225,69.3944444444449,47.99305555555555
628,170321set2_1_TR251.csv_1_GA250.csv,170321set2_1_TR251.csv,16:55:55,3.72198,107.306,3.40823,20.29,103.908,37,16:59:00,4.57262,106.403,2.56699,104.093,0,267,231,36.2,41.02203150409833,47.36765294437798,1,1,35.45,24.73,3,49.12,5.75,43,300,11.05,VISAT,69.06,farther,17:06:35,105.987,3.517,105.269,3.4769,105.269,3.4769,17:09:25,105.67,3.68152,17:18:30,104.544,3.44276,12.07,68.0495,60.20575,89.31549999999999,39.17475,62.925,67.038,86.11999999999995,18.160000000000025,68.06000000000012,21.86000000000007,59.739999999999895,53.400000000000034,MABAL,3.473888888888889,105.20972222222224,44.1944444444448,61.84722222222222
629,170321set2_1_KL261.csv_1_PR260.csv,170321set2_1_KL261.csv,17:03:40,4.57262,106.403,2.5041,25.87,106.548,0,17:02:05,4.19994,105.012,2.35462,107.115,19,170,131,37.29,66.3445575344719,65.75979104904967,1,1,10.04,13.67,2,45.84,8.67,65,230,15.46,OMLIV,53.8,closer,17:08:45,106.266,3.98599,106.47,2.91872,106.47,2.91872,17:11:30,106.057,3.72537,17:18:35,106.466,2.92747,9.37,89.31549999999999,37.602500000000006,79.99849999999999,33.865500000000004,74.64975,68.13425,68.06000000000012,70.96000000000004,40.24000000000001,82.2999999999999,65.3200000000001,61.14000000000004,OMLIV,2.919722222222222,106.46972222222225,69.3944444444449,47.99305555555555
630,170321set2_1_PR271.csv_1_TR270.csv,170321set2_1_PR271.csv,17:10:00,4.57262,106.403,2.5041,14.74,106.548,18,17:11:30,3.72198,107.306,1.6022,103.998,0,170,249,79.82,32.71950149273848,39.24738549142424,-1,-1,9.63,29.55,4,70.74,4.75,36,150,6.99,OMLIV,44.93,farther,17:15:05,106.274,3.98738,106.378,3.40595,106.378,3.40595,17:17:50,106.445,3.68436,17:23:45,106.469,2.93595,9.38,89.31549999999999,37.602500000000006,68.0495,15.055,74.6845,67.109,68.06000000000012,70.96000000000004,86.11999999999995,19.960000000000093,65.48000000000002,68.89999999999986,ONAPO,3.353888888888889,106.3877777777778,67.75555555555599,58.84722222222223
631,170321set2_1_TR281.csv_1_PR280.csv,170321set2_1_TR281.csv,17:23:05,2.52356,106.535,3.18297,27.02,104.142,0,17:16:05,3.72198,107.306,1.6022,103.998,84,286,249,36.36,46.92083726269773,47.55498410645432,1,1,6.01,18.66,2,63.59,6.25,47,300,8.8,KILOT,44.4,farther,17:27:55,105.945,2.68761,105.191,2.89485,105.191,2.89485,17:32:40,105.421,2.98254,17:38:30,104.683,3.03706,4.23,38.089,54.57425,68.0495,15.055,42.19025,49.563500000000005,70.69999999999993,22.83999999999992,86.11999999999995,19.960000000000093,58.89999999999986,48.42000000000013,LIPRO,2.895,105.19083333333332,43.81666666666632,47.375
632,170321set2_1_KL291.csv_1_3K290.csv,170321set2_1_KL291.csv,17:23:40,4.57262,106.403,2.56699,3.77,104.093,42,17:27:10,4.19994,105.012,2.35462,107.115,0,231,131,99.94,28.019959837582725,32.194792188914754,1,1,4.09,13.7,3,73.85,3.92,29,250,6.08,KILOT,78.55,farther,17:29:05,105.942,4.07397,105.568,3.76442,105.568,3.76442,17:31:30,105.656,3.96592,17:41:50,104.704,3.06715,7.48,89.31549999999999,39.17475,79.99849999999999,33.865500000000004,76.84925,74.148,68.06000000000012,21.86000000000007,40.24000000000001,82.2999999999999,58.83999999999986,53.12000000000012,MUMSO,3.738888888888889,105.53694444444444,50.73888888888888,68.47222222222223
633,170621set2_1_PR00.csv_1_TR01.csv,170621set2_1_PR00.csv,14:00:30,3.72198,107.306,1.6022,25.11,103.998,79,14:07:05,2.52356,106.535,3.18297,104.142,0,249,286,36.36,53.89953355652952,56.43041590059958,-1,-1,36.33,19.37,1,61.03,7.25,54,220,8.62,WP071,72.2,farther,14:11:05,106.06,3.22433,105.21,2.90255,105.21,2.90255,14:13:35,105.847,2.99287,14:23:05,104.681,2.69529,6.19,68.0495,15.055,38.089,54.57425,55.608250000000005,49.82175,86.11999999999995,19.960000000000093,70.69999999999993,22.83999999999992,61.200000000000045,56.93999999999989,LIPRO,2.895,105.19083333333332,43.81666666666632,47.375
634,170621set2_1_3K11.csv_1_GA10.csv,170621set2_1_3K11.csv,14:07:45,4.57203,106.403,2.56642,6.39,104.092,41,14:11:10,4.19994,105.012,2.35462,107.115,0,231,131,99.94,33.05509037156309,37.84326047557494,1,1,2.83,13.73,2,72.41,4.67,35,240,4.49,KILOT,74.73,farther,14:12:25,106.015,4.13467,105.568,3.76394,105.568,3.76394,14:15:55,105.631,3.91209,14:25:45,104.711,3.0725,6.48,89.30075,39.1605,79.99849999999999,33.865500000000004,78.36675,72.80225,68.06000000000012,21.83999999999997,40.24000000000001,82.2999999999999,60.30000000000001,52.620000000000005,MUMSO,3.738888888888889,105.53694444444444,50.73888888888888,68.47222222222223
635,170621set2_1_SQ20.csv_1_TR21.csv,170621set2_1_SQ20.csv,14:14:45,3.72198,107.306,1.6022,26.61,103.998,76,14:21:05,2.52356,106.535,3.18297,104.142,0,249,286,36.36,58.31337604310064,62.73264274748077,-1,-1,37.43,19.74,3,66.12,8.0,60,220,8.31,WP071,78.61,farther,14:24:30,106.159,3.26212,105.22,2.90634,105.22,2.90634,14:26:55,105.953,3.03875,14:37:15,104.688,2.69769,7.74,68.0495,15.055,38.089,54.57425,56.553,50.96874999999999,86.11999999999995,19.960000000000093,70.69999999999993,22.83999999999992,63.18000000000012,59.06000000000006,LIPRO,2.895,105.19083333333332,43.81666666666632,47.375
636,170621set2_1_PR30.csv_1_3K31.csv,170621set2_1_PR30.csv,14:25:00,4.57203,106.403,2.56642,21.46,104.092,0,14:21:15,3.72198,107.306,3.40823,103.908,45,231,267,36.2,53.64987977629131,52.34308380133452,-1,-1,5.63,23.91,2,73.49,6.92,52,190,11.68,KILOT,77.3,closer,14:31:05,105.882,4.01472,105.207,3.47143,105.207,3.47143,14:33:40,105.8,3.70216,14:43:50,104.69,3.04804,5.44,89.30075,39.1605,68.0495,60.20575,75.368,67.554,68.06000000000012,21.83999999999997,86.11999999999995,18.160000000000025,57.6400000000001,55.99999999999994,MABAL,3.473888888888889,105.20972222222224,44.1944444444448,61.84722222222222
637,170621set2_1_SQ41.csv_1_3K40.csv,170621set2_1_SQ41.csv,14:29:40,4.57203,106.403,2.5038,26.15,106.548,0,14:28:00,4.19994,105.012,2.35462,107.115,20,170,131,37.29,63.157530013609886,63.19929679595083,1,1,11.38,13.65,4,77.62,8.33,62,240,15.26,OMLIV,53.77,farther,14:35:05,106.274,3.94451,106.47,2.9184,106.47,2.9184,14:37:40,106.061,3.72204,14:44:45,106.468,2.92354,10.98,89.30075,37.595,79.99849999999999,33.865500000000004,73.61275,68.05099999999999,68.06000000000012,70.96000000000004,40.24000000000001,82.2999999999999,65.48000000000002,61.22000000000014,OMLIV,2.919722222222222,106.46972222222225,69.3944444444449,47.99305555555555
638,170621set2_1_GA51.csv_1_QR50.csv,170621set2_1_GA51.csv,14:36:00,3.72198,107.306,3.40823,25.06,103.908,36,14:39:00,4.57203,106.403,2.56642,104.092,0,267,231,36.2,51.7181858232602,58.756401488355245,1,1,32.74,24.73,3,91.28,7.25,54,300,9.68,VISAT,81.78,farther,14:45:10,106.177,3.52666,105.269,3.4769,105.269,3.4769,14:47:40,105.897,3.67008,14:58:25,104.553,3.44347,11.39,68.0495,60.20575,89.30075,39.1605,63.166500000000006,66.752,86.11999999999995,18.160000000000025,68.06000000000012,21.83999999999997,63.54000000000013,57.94000000000011,MABAL,3.473888888888889,105.20972222222224,44.1944444444448,61.84722222222222
639,170621set2_1_TR61.csv_1_GA60.csv,170621set2_1_TR61.csv,14:42:40,3.72198,107.306,3.40823,26.13,103.908,40,14:46:00,4.57203,106.403,2.56642,104.092,0,267,231,36.2,52.968361427724616,57.434813432758126,1,1,33.71,24.41,2,54.16,7.25,54,300,8.64,VISAT,81.79,farther,14:52:00,106.156,3.52558,105.248,3.47583,105.248,3.47583,14:54:15,105.903,3.65318,15:05:00,104.556,3.44366,8.34,68.0495,60.20575,89.30075,39.1605,63.139500000000005,66.3295,86.11999999999995,18.160000000000025,68.06000000000012,21.83999999999997,63.12000000000012,58.06000000000012,MABAL,3.473888888888889,105.20972222222224,44.1944444444448,61.84722222222222
640,170621set2_1_3K70.csv_1_PR71.csv,170621set2_1_3K70.csv,14:49:50,3.72198,107.306,1.6022,25.76,103.998,75,14:56:05,2.52356,106.535,3.18297,104.142,0,249,286,36.36,55.14423329125991,60.22274165739691,-1,-1,36.98,20.1,3,76.7,7.58,57,220,8.62,WP071,76.09,farther,14:59:55,106.12,3.247,105.23,2.91012,105.23,2.91012,15:02:25,105.907,3.01554,15:12:25,104.68,2.69529,8.58,68.0495,15.055,38.089,54.57425,56.175,50.3885,86.11999999999995,19.960000000000093,70.69999999999993,22.83999999999992,62.40000000000009,58.13999999999993,LIPRO,2.895,105.19083333333332,43.81666666666632,47.375
641,170621set2_1_GA81.csv_1_GA80.csv,170621set2_1_GA81.csv,14:57:40,4.57203,106.403,2.5038,23.72,106.548,0,14:56:40,4.19994,105.012,2.35462,107.115,12,170,131,37.29,70.79261341985739,65.73392392147979,1,1,10.04,11.12,4,83.44,9.0,68,240,15.26,OMLIV,56.29,closer,15:02:45,106.266,3.98599,106.478,2.87694,106.478,2.87694,15:05:20,106.053,3.76351,15:12:45,106.467,2.9216,5.92,89.30075,37.595,79.99849999999999,33.865500000000004,74.64975,69.08775,68.06000000000012,70.96000000000004,40.24000000000001,82.2999999999999,65.3200000000001,61.059999999999945,OMLIV,2.919722222222222,106.46972222222225,69.3944444444449,47.99305555555555
642,170621set2_1_PR91.csv_1_SQ90.csv,170621set2_1_PR91.csv,15:04:40,4.57203,106.403,2.5038,28.03,106.548,0,15:03:45,4.19994,105.012,2.35462,107.115,11,170,131,37.29,66.33864751601055,60.67631232766279,1,1,12.91,11.12,4,79.25,8.33,62,240,16.44,OMLIV,51.87,closer,15:10:25,106.278,3.90302,106.478,2.87694,106.478,2.87694,15:13:05,106.048,3.68039,15:19:55,106.466,2.92369,6.7,89.30075,37.595,79.99849999999999,33.865500000000004,72.5755,67.00975,68.06000000000012,70.96000000000004,40.24000000000001,82.2999999999999,65.56000000000012,60.96000000000004,OMLIV,2.919722222222222,106.46972222222225,69.3944444444449,47.99305555555555
643,170621set2_1_KL101.csv_1_TR100.csv,170621set2_1_KL101.csv,15:11:40,4.57203,106.403,2.5038,27.63,106.548,0,15:10:45,4.19994,105.012,2.35462,107.115,11,170,131,37.29,68.24771556079118,62.56564049100442,1,1,11.72,11.12,2,52.28,8.58,64,240,20.04,OMLIV,52.53,closer,15:17:10,106.276,3.93414,106.478,2.87694,106.478,2.87694,15:20:30,105.991,3.65906,15:27:25,106.466,2.92352,10.5,89.30075,37.595,79.99849999999999,33.865500000000004,73.35350000000001,66.4765,68.06000000000012,70.96000000000004,40.24000000000001,82.2999999999999,65.51999999999992,59.81999999999999,OMLIV,2.919722222222222,106.46972222222225,69.3944444444449,47.99305555555555
644,170621set2_1_GA111.csv_1_QR110.csv,170621set2_1_GA111.csv,15:17:25,4.57203,106.403,2.5038,19.7,106.548,25,15:19:30,3.72198,107.306,1.6022,103.998,0,170,249,79.82,46.64218816891723,48.71945797982619,-1,-1,4.53,30.66,3,61.06,6.25,47,160,6.33,OMLIV,37.34,farther,15:21:15,106.245,4.14306,106.384,3.3745,106.384,3.3745,15:26:10,106.457,3.5579,15:31:05,106.469,2.93573,5.44,89.30075,37.595,68.0495,15.055,78.57650000000001,63.947500000000005,68.06000000000012,70.96000000000004,86.11999999999995,19.960000000000093,64.90000000000009,69.13999999999987,ONAPO,3.353888888888889,106.3877777777778,67.75555555555599,58.84722222222223
645,170621set2_1_3K121.csv_1_TR120.csv,170621set2_1_3K121.csv,15:24:20,4.57203,106.403,2.56642,9.2,104.092,46,15:28:10,4.19994,105.012,2.35462,107.115,0,231,131,99.94,29.872383743205297,31.500392352089023,1,1,4.2,14.18,2,58.76,4.0,30,240,4.96,KILOT,66.49,farther,15:29:50,105.934,4.06795,105.551,3.75061,105.551,3.75061,15:33:40,105.512,3.82533,15:42:25,104.704,3.06692,4.96,89.30075,39.1605,79.99849999999999,33.865500000000004,76.69874999999999,70.63325,68.06000000000012,21.83999999999997,40.24000000000001,82.2999999999999,58.67999999999995,50.24000000000001,MUMSO,3.738888888888889,105.53694444444444,50.73888888888888,68.47222222222223
646,170621set2_1_TR130.csv_1_SQ131.csv,170621set2_1_TR130.csv,15:31:30,3.72198,107.306,1.6022,26.54,103.998,79,15:38:05,2.52356,106.535,3.18297,104.142,0,249,286,36.36,62.10576739000978,64.65692457213898,-1,-1,37.76,19.37,4,60.36,8.33,62,220,8.62,WP071,80.49,farther,15:41:00,106.189,3.27347,105.21,2.90255,105.21,2.90255,15:43:30,105.976,3.04201,15:54:05,104.68,2.69533,6.0,68.0495,15.055,38.089,54.57425,56.83675,51.05025,86.11999999999995,19.960000000000093,70.69999999999993,22.83999999999992,63.77999999999986,59.51999999999998,LIPRO,2.895,105.19083333333332,43.81666666666632,47.375
647,170621set2_1_KL141.csv_1_PR140.csv,170621set2_1_KL141.csv,15:38:10,4.57203,106.403,2.5038,23.21,106.548,28,15:40:30,3.72198,107.306,1.6022,103.998,0,170,249,79.82,46.64218816891723,46.81849548543851,-1,-1,5.54,31.39,4,80.01,6.17,46,160,7.38,OMLIV,30.98,farther,15:42:15,106.251,4.11195,106.388,3.35375,106.388,3.35375,15:47:55,106.497,3.43795,15:52:00,106.47,2.92238,5.22,89.30075,37.595,68.0495,15.055,77.79875000000001,60.94875,68.06000000000012,70.96000000000004,86.11999999999995,19.960000000000093,65.0200000000001,69.94,ONAPO,3.353888888888889,106.3877777777778,67.75555555555599,58.84722222222223
648,170621set2_1_PR151.csv_1_KL150.csv,170621set2_1_PR151.csv,15:45:10,4.57203,106.403,2.56642,5.54,104.092,48,15:49:10,4.19994,105.012,2.35462,107.115,0,231,131,99.94,21.0071631712307,21.36080145573081,1,1,6.74,14.42,4,73.67,2.75,21,260,6.22,KILOT,74.1,farther,15:52:00,105.803,3.96054,105.543,3.74394,105.543,3.74394,15:53:45,105.587,3.91305,16:03:30,104.695,3.05897,5.66,89.30075,39.1605,79.99849999999999,33.865500000000004,74.0135,72.82625,68.06000000000012,21.83999999999997,40.24000000000001,82.2999999999999,56.059999999999945,51.74000000000007,MUMSO,3.738888888888889,105.53694444444444,50.73888888888888,68.47222222222223
649,170621set2_1_TR161.csv_1_3K160.csv,170621set2_1_TR161.csv,15:52:55,3.72198,107.306,3.40823,26.45,103.908,37,15:56:00,4.57203,106.403,2.56642,104.092,0,267,231,36.2,52.34308380133452,58.756401488355245,1,1,32.74,24.73,3,69.11,7.25,54,300,8.64,VISAT,83.05,farther,16:02:05,106.177,3.52666,105.269,3.4769,105.269,3.4769,16:04:20,105.924,3.65425,16:15:15,104.556,3.44357,10.15,68.0495,60.20575,89.30075,39.1605,63.166500000000006,66.35625,86.11999999999995,18.160000000000025,68.06000000000012,21.83999999999997,63.54000000000013,58.48000000000013,MABAL,3.473888888888889,105.20972222222224,44.1944444444448,61.84722222222222
650,170621set2_1_GA171.csv_1_SQ170.csv,170621set2_1_GA171.csv,15:59:30,4.57203,106.403,2.5038,19.86,106.548,24,16:01:30,3.72198,107.306,1.6022,103.998,0,170,249,79.82,46.64218816891723,49.35252295238818,-1,-1,4.19,30.66,4,63.5,6.33,47,160,6.57,OMLIV,37.34,farther,16:03:15,106.243,4.15339,106.384,3.3745,106.384,3.3745,16:08:20,106.463,3.5484,16:13:15,106.47,2.92616,6.18,89.30075,37.595,68.0495,15.055,78.83475,63.71,68.06000000000012,70.96000000000004,86.11999999999995,19.960000000000093,64.8599999999999,69.25999999999988,ONAPO,3.353888888888889,106.3877777777778,67.75555555555599,58.84722222222223
651,170621set2_1_TR181.csv_1_PR180.csv,170621set2_1_TR181.csv,16:06:35,4.57203,106.403,2.56642,7.26,104.092,43,16:10:10,4.19994,105.012,2.35462,107.115,0,231,131,99.94,18.460684787337605,22.032611299157747,1,1,6.5,13.94,4,68.71,2.67,20,250,4.2,KILOT,72.84,farther,16:13:20,105.811,3.96721,105.559,3.75727,105.559,3.75727,16:15:00,105.614,3.89163,16:24:35,104.715,3.07587,5.7,89.30075,39.1605,79.99849999999999,33.865500000000004,74.18025,72.29075,68.06000000000012,21.83999999999997,40.24000000000001,82.2999999999999,56.22000000000014,52.280000000000086,MUMSO,3.738888888888889,105.53694444444444,50.73888888888888,68.47222222222223
652,170621set2_1_PR191.csv_1_GA190.csv,170621set2_1_PR191.csv,16:14:40,4.57203,106.403,2.5038,27.94,106.548,0,16:13:45,4.19994,105.012,2.35462,107.115,11,170,131,37.29,66.33864751601055,60.67631232766279,1,1,12.91,11.12,3,69.95,8.33,62,240,14.61,OMLIV,51.87,closer,16:20:25,106.278,3.90302,106.478,2.87694,106.478,2.87694,16:22:50,106.076,3.69621,16:29:40,106.467,2.92522,4.88,89.30075,37.595,79.99849999999999,33.865500000000004,72.5755,67.40525000000001,68.06000000000012,70.96000000000004,40.24000000000001,82.2999999999999,65.56000000000012,61.51999999999987,OMLIV,2.919722222222222,106.46972222222225,69.3944444444449,47.99305555555555
653,170621set2_1_GA201.csv_1_PR200.csv,170621set2_1_GA201.csv,16:20:45,3.72198,107.306,3.40823,24.71,103.908,39,16:24:00,4.57203,106.403,2.56642,104.092,0,267,231,36.2,50.46839358569566,55.57230825697336,1,1,35.18,24.41,1,51.02,7.0,52,300,9.33,VISAT,79.22,farther,16:30:20,106.124,3.52397,105.248,3.47583,105.248,3.47583,16:32:45,105.853,3.66212,16:43:10,104.551,3.44312,9.41,68.0495,60.20575,89.30075,39.1605,63.09925,66.553,86.11999999999995,18.160000000000025,68.06000000000012,21.83999999999997,62.47999999999991,57.05999999999989,MABAL,3.473888888888889,105.20972222222224,44.1944444444448,61.84722222222222
654,170621set2_1_PR211.csv_1_GA210.csv,170621set2_1_PR211.csv,16:28:40,4.57203,106.403,2.5038,24.45,106.548,0,16:27:20,4.19994,105.012,2.35462,107.115,16,170,131,37.29,67.61149139887328,65.1002668653658,1,1,10.37,12.39,2,46.74,8.75,66,240,17.68,OMLIV,55.67,closer,16:33:50,106.268,3.97562,106.474,2.89767,106.474,2.89767,16:36:45,106.018,3.73205,16:44:05,106.468,2.92057,10.86,89.30075,37.595,79.99849999999999,33.865500000000004,74.3905,68.30125,68.06000000000012,70.96000000000004,40.24000000000001,82.2999999999999,65.36000000000001,60.360000000000014,OMLIV,2.919722222222222,106.46972222222225,69.3944444444449,47.99305555555555
655,170621set2_1_SQ221.csv_1_GA220.csv,170621set2_1_SQ221.csv,16:34:40,4.57203,106.403,2.5038,19.6,106.548,22,16:36:30,3.72198,107.306,1.6022,103.998,0,170,249,79.82,44.75123167221104,48.71945797982619,-1,-1,4.53,30.3,4,66.4,6.17,46,160,6.45,OMLIV,37.96,farther,16:38:30,106.245,4.14306,106.382,3.38487,106.382,3.38487,16:43:25,106.459,3.55826,16:48:25,106.47,2.92576,7.13,89.30075,37.595,68.0495,15.055,78.57650000000001,63.956500000000005,68.06000000000012,70.96000000000004,86.11999999999995,19.960000000000093,64.90000000000009,69.18000000000006,ONAPO,3.353888888888889,106.3877777777778,67.75555555555599,58.84722222222223
656,170621set2_1_GA231.csv_1_PR230.csv,170621set2_1_GA231.csv,16:42:40,4.57203,106.403,2.5038,33.98,106.548,0,16:41:40,4.19994,105.012,2.35462,107.115,12,170,131,37.29,59.38487032660223,54.34032235077964,1,1,16.14,11.12,2,55.46,7.5,56,240,14.67,OMLIV,45.53,closer,16:49:15,106.301,3.79935,106.478,2.87694,106.478,2.87694,16:51:45,106.097,3.58215,16:57:45,106.468,2.92027,5.85,89.30075,37.595,79.99849999999999,33.865500000000004,69.98375,64.55375,68.06000000000012,70.96000000000004,40.24000000000001,82.2999999999999,66.02000000000004,61.93999999999989,OMLIV,2.919722222222222,106.46972222222225,69.3944444444449,47.99305555555555
657,170621set2_1_SQ241.csv_1_KL240.csv,170621set2_1_SQ241.csv,16:49:40,4.57203,106.403,2.5038,28.75,106.548,0,16:49:00,4.19994,105.012,2.35462,107.115,8,170,131,37.29,67.61149139887328,60.04265357486321,1,1,13.24,9.85,3,66.87,8.42,63,240,18.21,OMLIV,51.83,closer,16:55:30,106.28,3.89266,106.482,2.85621,106.482,2.85621,16:58:25,106.023,3.65419,17:05:15,106.469,2.91434,6.78,89.30075,37.595,79.99849999999999,33.865500000000004,72.31649999999999,66.35475,68.06000000000012,70.96000000000004,40.24000000000001,82.2999999999999,65.60000000000002,60.45999999999992,OMLIV,2.919722222222222,106.46972222222225,69.3944444444449,47.99305555555555
658,170621set2_1_TR251.csv_1_GA250.csv,170621set2_1_TR251.csv,16:55:10,3.72198,107.306,3.40823,21.26,103.908,46,16:59:00,4.57203,106.403,2.56642,104.092,0,267,231,36.2,50.46839358569566,51.12661091584927,1,1,36.71,23.94,1,51.5,6.67,50,300,11.05,VISAT,72.92,farther,17:05:20,106.051,3.52022,105.217,3.47424,105.217,3.47424,17:08:10,105.734,3.68473,17:17:45,104.543,3.44243,6.36,68.0495,60.20575,89.30075,39.1605,63.005500000000005,67.11825,86.11999999999995,18.160000000000025,68.06000000000012,21.83999999999997,61.02000000000004,54.67999999999989,MABAL,3.473888888888889,105.20972222222224,44.1944444444448,61.84722222222222
659,170621set2_1_SQ260.csv_1_QR261.csv,170621set2_1_SQ260.csv,17:02:30,3.72198,107.306,1.6022,23.96,103.998,79,17:09:05,2.52356,106.535,3.18297,104.142,0,249,286,36.36,55.76650261739269,58.298889437186986,-1,-1,36.66,19.37,2,60.08,7.5,56,220,9.85,WP071,72.91,farther,17:12:50,106.09,3.23568,105.21,2.90255,105.21,2.90255,17:15:35,105.86,2.97592,17:25:10,104.678,2.69431,6.87,68.0495,15.055,38.089,54.57425,55.892,49.398,86.11999999999995,19.960000000000093,70.69999999999993,22.83999999999992,61.80000000000007,57.19999999999999,LIPRO,2.895,105.19083333333332,43.81666666666632,47.375
660,170621set2_1_GA270.csv_1_SQ271.csv,170621set2_1_GA270.csv,17:09:35,3.72198,107.306,1.6022,25.25,103.998,78,17:16:05,2.52356,106.535,3.18297,104.142,0,249,286,36.36,56.44656525298814,59.58131419126972,-1,-1,36.87,19.37,2,55.41,7.67,58,220,8.92,WP071,74.8,farther,17:19:45,106.11,3.24322,105.21,2.90255,105.21,2.90255,17:22:20,105.89,3.00368,17:32:10,104.682,2.69566,6.9,68.0495,15.055,38.089,54.57425,56.0805,50.092000000000006,86.11999999999995,19.960000000000093,70.69999999999993,22.83999999999992,62.19999999999999,57.80000000000001,LIPRO,2.895,105.19083333333332,43.81666666666632,47.375
661,170621set2_1_QR291.csv_1_TR290.csv,170621set2_1_QR291.csv,17:23:25,4.57203,106.403,2.56642,8.19,104.092,45,17:27:10,4.19994,105.012,2.35462,107.115,0,231,131,99.94,30.50900384808759,32.79672443533271,1,1,3.92,14.18,2,90.7,4.17,31,240,4.57,KILOT,70.31,farther,17:28:45,105.95,4.08129,105.551,3.75061,105.551,3.75061,17:32:15,105.565,3.85978,17:41:30,104.703,3.06588,5.11,89.30075,39.1605,79.99849999999999,33.865500000000004,77.03225,71.4945,68.06000000000012,21.83999999999997,40.24000000000001,82.2999999999999,59.00000000000006,51.29999999999996,MUMSO,3.738888888888889,105.53694444444444,50.73888888888888,68.47222222222223
662,170621set2_1_KL301.csv_1_QR300.csv,170621set2_1_KL301.csv,17:31:40,4.57203,106.403,2.5038,29.28,106.548,0,17:30:30,4.19994,105.012,2.35462,107.115,14,170,131,37.29,63.157530013609886,59.40899498070949,1,1,13.58,11.75,2,57.64,8.08,61,240,17.03,OMLIV,51.19,closer,17:37:35,106.282,3.88229,106.476,2.88731,106.476,2.88731,17:40:20,106.043,3.65437,17:47:05,106.468,2.9146,9.28,89.30075,37.595,79.99849999999999,33.865500000000004,72.05725,66.35925,68.06000000000012,70.96000000000004,40.24000000000001,82.2999999999999,65.63999999999993,60.86000000000013,OMLIV,2.919722222222222,106.46972222222225,69.3944444444449,47.99305555555555
663,170621set2_1_KL311.csv_1_TR310.csv,170621set2_1_KL311.csv,17:38:00,3.72198,107.306,3.40823,24.13,103.908,36,17:41:00,4.57203,106.403,2.56642,104.092,0,267,231,36.2,51.7181858232602,58.756401488355245,1,1,32.74,24.73,1,50.08,7.25,54,300,10.36,VISAT,81.18,farther,17:47:10,106.177,3.52666,105.269,3.4769,105.269,3.4769,17:49:50,105.879,3.68063,18:00:30,104.547,3.44272,11.78,68.0495,60.20575,89.30075,39.1605,63.166500000000006,67.01575,86.11999999999995,18.160000000000025,68.06000000000012,21.83999999999997,63.54000000000013,57.5800000000001,MABAL,3.473888888888889,105.20972222222224,44.1944444444448,61.84722222222222
664,170621set2_1_TR321.csv_1_3K320.csv,170621set2_1_TR321.csv,17:44:30,3.72198,107.306,3.40823,23.76,103.908,42,17:48:00,4.57203,106.403,2.56642,104.092,0,267,231,36.2,48.5467513951014,51.72745130134527,1,1,36.93,24.09,2,52.5,6.67,50,300,9.33,VISAT,75.46,farther,17:54:35,106.061,3.52075,105.227,3.47477,105.227,3.47477,17:57:00,105.79,3.6589,18:06:55,104.551,3.44337,7.67,68.0495,60.20575,89.30075,39.1605,63.01875,66.4725,86.11999999999995,18.160000000000025,68.06000000000012,21.83999999999997,61.22000000000014,55.800000000000125,MABAL,3.473888888888889,105.20972222222224,44.1944444444448,61.84722222222222
665,170621set2_1_KL331.csv_1_PR330.csv,170621set2_1_KL331.csv,17:52:40,4.57203,106.403,2.5038,21.97,106.548,0,17:51:35,4.19994,105.012,2.35462,107.115,13,170,131,37.29,72.06506303131064,67.63430639166008,1,1,9.03,11.75,4,70.06,9.17,69,240,16.44,OMLIV,57.57,closer,17:57:30,106.26,4.01709,106.476,2.88731,106.476,2.88731,18:00:15,106.029,3.78407,18:07:50,106.465,2.92932,7.62,89.30075,37.595,79.99849999999999,33.865500000000004,75.42724999999999,69.60175,68.06000000000012,70.96000000000004,40.24000000000001,82.2999999999999,65.2000000000001,60.57999999999993,OMLIV,2.919722222222222,106.46972222222225,69.3944444444449,47.99305555555555
666,170621set2_1_GA340.csv_1_3K341.csv,170621set2_1_GA340.csv,17:58:10,3.72198,107.306,1.6022,24.34,103.998,83,18:05:05,2.52356,106.535,3.18297,104.142,0,249,286,36.36,62.78600578716711,62.73264274748077,-1,-1,37.43,18.66,4,70.59,8.25,62,220,10.15,WP071,76.66,closer,18:07:55,106.159,3.26212,105.191,2.89499,105.191,2.89499,18:10:45,105.922,2.99427,18:20:50,104.68,2.69468,4.5,68.0495,15.055,38.089,54.57425,56.553,49.856750000000005,86.11999999999995,19.960000000000093,70.69999999999993,22.83999999999992,63.18000000000012,58.43999999999994,LIPRO,2.895,105.19083333333332,43.81666666666632,47.375
667,170621set2_1_3K350.csv_1_GA351.csv,170621set2_1_3K350.csv,18:05:40,3.72198,107.306,1.6022,21.37,103.998,77,18:12:05,2.52356,106.535,3.18297,104.142,0,249,286,36.36,61.483335352006,65.29856688245108,-1,-1,37.88,19.74,2,57.86,8.33,62,210,13.63,WP071,80.47,farther,18:15:05,106.198,3.27725,105.22,2.90634,105.22,2.90634,18:18:10,105.984,2.95581,18:28:45,104.669,2.69179,11.05,68.0495,15.055,38.089,54.57425,56.93125,48.89525,86.11999999999995,19.960000000000093,70.69999999999993,22.83999999999992,63.959999999999866,59.67999999999989,LIPRO,2.895,105.19083333333332,43.81666666666632,47.375
668,170621set2_1_PR361.csv_1_QR360.csv,170621set2_1_PR361.csv,18:13:00,4.57203,106.403,2.5038,19.61,106.548,18,18:14:30,3.72198,107.306,1.6022,103.998,0,170,249,79.82,40.32048629179354,46.81849548543851,-1,-1,5.54,29.57,4,87.38,5.75,43,160,6.01,OMLIV,37.96,farther,18:17:05,106.251,4.11195,106.378,3.40562,106.378,3.40562,18:21:40,106.45,3.5668,18:26:40,106.469,2.93446,8.86,89.30075,37.595,68.0495,15.055,77.79875000000001,64.17,68.06000000000012,70.96000000000004,86.11999999999995,19.960000000000093,65.0200000000001,69.00000000000006,ONAPO,3.353888888888889,106.3877777777778,67.75555555555599,58.84722222222223
669,170621set2_1_PR371.csv_1_PR370.csv,170621set2_1_PR371.csv,18:20:00,4.57203,106.403,2.5038,23.74,106.548,18,18:21:30,3.72198,107.306,1.6022,103.998,0,170,249,79.82,18.773736236916463,25.29921006023512,-1,-1,17.07,29.57,4,78.71,2.92,22,160,2.91,OMLIV,33.54,farther,18:26:55,106.317,3.75942,106.378,3.40562,106.378,3.40562,18:29:00,106.408,3.51162,18:33:25,106.466,2.95572,6.89,89.30075,37.595,68.0495,15.055,68.9855,62.7905,68.06000000000012,70.96000000000004,86.11999999999995,19.960000000000093,66.33999999999986,68.16000000000003,ONAPO,3.353888888888889,106.3877777777778,67.75555555555599,58.84722222222223
670,170621set2_1_SQ381.csv_1_3K380.csv,170621set2_1_SQ381.csv,18:26:15,4.57203,106.403,2.5038,25.84,106.548,27,18:28:30,3.72198,107.306,1.6022,103.998,0,170,249,79.82,35.89017034110477,36.69220866736717,-1,-1,10.97,31.03,3,58.81,4.75,36,160,6.02,OMLIV,27.84,farther,18:31:40,106.282,3.94605,106.386,3.36413,106.386,3.36413,18:36:20,106.483,3.39063,18:40:00,106.47,2.92681,4.62,89.30075,37.595,68.0495,15.055,73.65125,59.76575,68.06000000000012,70.96000000000004,86.11999999999995,19.960000000000093,65.63999999999993,69.66000000000008,ONAPO,3.353888888888889,106.3877777777778,67.75555555555599,58.84722222222223
671,170621set2_1_TR391.csv_1_3K390.csv,170621set2_1_TR391.csv,18:34:00,4.57203,106.403,2.5038,19.97,106.548,18,18:35:30,3.72198,107.306,1.6022,103.998,0,170,249,79.82,41.6183384192939,48.0858034981086,-1,-1,4.87,29.57,3,65.96,5.92,44,160,6.45,OMLIV,37.32,farther,18:37:55,106.247,4.13269,106.378,3.40562,106.378,3.40562,18:42:50,106.461,3.54789,18:47:45,106.47,2.92592,9.31,89.30075,37.595,68.0495,15.055,78.31725,63.69725,68.06000000000012,70.96000000000004,86.11999999999995,19.960000000000093,64.94,69.21999999999997,ONAPO,3.353888888888889,106.3877777777778,67.75555555555599,58.84722222222223
